<?xml version="1.0" encoding="UTF-8"?>
<gpx xmlns="http://www.topografix.com/GPX/1/1" xmlns:xsi="http://www.w3.org/2001/XMLSchema-instance" xsi:schemaLocation="http://www.topografix.com/GPX/1/1 http://www.topografix.com/GPX/1/1/gpx.xsd" version="1.1" creator="gpx.py -- https://github.com/tkrajina/gpxpy">
  <metadata>
    <desc>EUC Rover ride GPX. Pradžios ir pabaigos taškai apkarpyti privatumo sumetimais (~500 m). Laiko žymos pašalintos.</desc>
  </metadata>
  <trk>
    <name>Rumšiškės – Vilniaus oro uostas</name>
    <trkseg>
      <trkpt lat="54.869103" lon="24.218836">
        <ele>73.860955</ele>
      </trkpt>
      <trkpt lat="54.869009" lon="24.218743">
        <ele>73.85411</ele>
      </trkpt>
      <trkpt lat="54.868905" lon="24.21865">
        <ele>73.849826</ele>
      </trkpt>
      <trkpt lat="54.868808" lon="24.218556">
        <ele>73.86456</ele>
      </trkpt>
      <trkpt lat="54.868708" lon="24.218463">
        <ele>73.879606</ele>
      </trkpt>
      <trkpt lat="54.868605" lon="24.21836">
        <ele>73.89537</ele>
      </trkpt>
      <trkpt lat="54.868499" lon="24.218255">
        <ele>73.911556</ele>
      </trkpt>
      <trkpt lat="54.86841" lon="24.218163">
        <ele>73.925294</ele>
      </trkpt>
      <trkpt lat="54.86832" lon="24.218077">
        <ele>73.938919</ele>
      </trkpt>
      <trkpt lat="54.868224" lon="24.21799">
        <ele>73.953282</ele>
      </trkpt>
      <trkpt lat="54.868115" lon="24.2179">
        <ele>73.969291</ele>
      </trkpt>
      <trkpt lat="54.868011" lon="24.217809">
        <ele>73.984738</ele>
      </trkpt>
      <trkpt lat="54.867905" lon="24.217713">
        <ele>74.000595</ele>
      </trkpt>
      <trkpt lat="54.867793" lon="24.21761">
        <ele>74.017405</ele>
      </trkpt>
      <trkpt lat="54.867687" lon="24.217521">
        <ele>74.033022</ele>
      </trkpt>
      <trkpt lat="54.867591" lon="24.217427">
        <ele>74.04764</ele>
      </trkpt>
      <trkpt lat="54.867496" lon="24.217339">
        <ele>74.061921</ele>
      </trkpt>
      <trkpt lat="54.867408" lon="24.217254">
        <ele>74.075277</ele>
      </trkpt>
      <trkpt lat="54.867307" lon="24.217148">
        <ele>74.077532</ele>
      </trkpt>
      <trkpt lat="54.8672" lon="24.217127">
        <ele>74.0503</ele>
      </trkpt>
      <trkpt lat="54.867151" lon="24.217266">
        <ele>74.026578</ele>
      </trkpt>
      <trkpt lat="54.867103" lon="24.217461">
        <ele>73.995711</ele>
      </trkpt>
      <trkpt lat="54.867041" lon="24.217664">
        <ele>73.962265</ele>
      </trkpt>
      <trkpt lat="54.866981" lon="24.217854">
        <ele>73.930724</ele>
      </trkpt>
      <trkpt lat="54.866922" lon="24.218056">
        <ele>73.897756</ele>
      </trkpt>
      <trkpt lat="54.866869" lon="24.218261">
        <ele>73.865049</ele>
      </trkpt>
      <trkpt lat="54.866807" lon="24.218476">
        <ele>73.83005</ele>
      </trkpt>
      <trkpt lat="54.86674" lon="24.218685">
        <ele>73.795233</ele>
      </trkpt>
      <trkpt lat="54.866685" lon="24.218877">
        <ele>73.76402</ele>
      </trkpt>
      <trkpt lat="54.866631" lon="24.21907">
        <ele>73.732787</ele>
      </trkpt>
      <trkpt lat="54.866582" lon="24.219255">
        <ele>73.703148</ele>
      </trkpt>
      <trkpt lat="54.866538" lon="24.219392">
        <ele>73.680315</ele>
      </trkpt>
      <trkpt lat="54.866446" lon="24.219416">
        <ele>73.656788</ele>
      </trkpt>
      <trkpt lat="54.866365" lon="24.219316">
        <ele>73.63166</ele>
      </trkpt>
      <trkpt lat="54.866266" lon="24.219235">
        <ele>73.872353</ele>
      </trkpt>
      <trkpt lat="54.866171" lon="24.219168">
        <ele>74.099751</ele>
      </trkpt>
      <trkpt lat="54.866088" lon="24.219102">
        <ele>74.3022</ele>
      </trkpt>
      <trkpt lat="54.866006" lon="24.219011">
        <ele>74.517997</ele>
      </trkpt>
      <trkpt lat="54.865924" lon="24.218936">
        <ele>74.723524</ele>
      </trkpt>
      <trkpt lat="54.865833" lon="24.218869">
        <ele>74.942727</ele>
      </trkpt>
      <trkpt lat="54.865731" lon="24.218775">
        <ele>75.198805</ele>
      </trkpt>
      <trkpt lat="54.865612" lon="24.218697">
        <ele>75.480894</ele>
      </trkpt>
      <trkpt lat="54.865513" lon="24.21861">
        <ele>75.726953</ele>
      </trkpt>
      <trkpt lat="54.865414" lon="24.218513">
        <ele>75.979031</ele>
      </trkpt>
      <trkpt lat="54.86531" lon="24.218408">
        <ele>76.245807</ele>
      </trkpt>
      <trkpt lat="54.865212" lon="24.218309">
        <ele>76.497229</ele>
      </trkpt>
      <trkpt lat="54.865108" lon="24.218199">
        <ele>76.767268</ele>
      </trkpt>
      <trkpt lat="54.865015" lon="24.218113">
        <ele>77.000927</ele>
      </trkpt>
      <trkpt lat="54.864931" lon="24.21803">
        <ele>77.215251</ele>
      </trkpt>
      <trkpt lat="54.864831" lon="24.217942">
        <ele>77.463867</ele>
      </trkpt>
      <trkpt lat="54.864723" lon="24.217856">
        <ele>77.591817</ele>
      </trkpt>
      <trkpt lat="54.86462" lon="24.217757">
        <ele>77.521</ele>
      </trkpt>
      <trkpt lat="54.864509" lon="24.217642">
        <ele>77.44325</ele>
      </trkpt>
      <trkpt lat="54.864403" lon="24.217551">
        <ele>77.372118</ele>
      </trkpt>
      <trkpt lat="54.864292" lon="24.217451">
        <ele>77.296895</ele>
      </trkpt>
      <trkpt lat="54.864184" lon="24.217351">
        <ele>77.22327</ele>
      </trkpt>
      <trkpt lat="54.864081" lon="24.217261">
        <ele>77.153908</ele>
      </trkpt>
      <trkpt lat="54.863976" lon="24.217165">
        <ele>77.082525</ele>
      </trkpt>
      <trkpt lat="54.863876" lon="24.21708">
        <ele>77.01555</ele>
      </trkpt>
      <trkpt lat="54.863769" lon="24.216997">
        <ele>76.945052</ele>
      </trkpt>
      <trkpt lat="54.863674" lon="24.216901">
        <ele>76.878934</ele>
      </trkpt>
      <trkpt lat="54.863558" lon="24.216799">
        <ele>76.800718</ele>
      </trkpt>
      <trkpt lat="54.863448" lon="24.216648">
        <ele>76.716377</ele>
      </trkpt>
      <trkpt lat="54.863371" lon="24.216531">
        <ele>76.654837</ele>
      </trkpt>
      <trkpt lat="54.863282" lon="24.216429">
        <ele>76.590693</ele>
      </trkpt>
      <trkpt lat="54.863186" lon="24.216325">
        <ele>76.397618</ele>
      </trkpt>
      <trkpt lat="54.863084" lon="24.216216">
        <ele>75.76249</ele>
      </trkpt>
      <trkpt lat="54.862982" lon="24.216122">
        <ele>75.150105</ele>
      </trkpt>
      <trkpt lat="54.862868" lon="24.216016">
        <ele>74.464325</ele>
      </trkpt>
      <trkpt lat="54.862744" lon="24.215903">
        <ele>73.721671</ele>
      </trkpt>
      <trkpt lat="54.862637" lon="24.215814">
        <ele>73.092476</ele>
      </trkpt>
      <trkpt lat="54.862544" lon="24.215745">
        <ele>72.556124</ele>
      </trkpt>
      <trkpt lat="54.862425" lon="24.215665">
        <ele>71.879362</ele>
      </trkpt>
      <trkpt lat="54.862312" lon="24.215715">
        <ele>71.260891</ele>
      </trkpt>
      <trkpt lat="54.862199" lon="24.215779">
        <ele>70.630511</ele>
      </trkpt>
      <trkpt lat="54.862074" lon="24.215825">
        <ele>69.952816</ele>
      </trkpt>
      <trkpt lat="54.861975" lon="24.215827">
        <ele>69.427694</ele>
      </trkpt>
      <trkpt lat="54.861884" lon="24.215818">
        <ele>68.944257</ele>
      </trkpt>
      <trkpt lat="54.861764" lon="24.215826">
        <ele>68.30732</ele>
      </trkpt>
      <trkpt lat="54.86164" lon="24.215835">
        <ele>67.649062</ele>
      </trkpt>
      <trkpt lat="54.86151" lon="24.215819">
        <ele>66.90939</ele>
      </trkpt>
      <trkpt lat="54.861382" lon="24.215774">
        <ele>65.397762</ele>
      </trkpt>
      <trkpt lat="54.861289" lon="24.215699">
        <ele>64.210978</ele>
      </trkpt>
      <trkpt lat="54.861194" lon="24.215626">
        <ele>63.008606</ele>
      </trkpt>
      <trkpt lat="54.861085" lon="24.215537">
        <ele>61.61455</ele>
      </trkpt>
      <trkpt lat="54.860972" lon="24.215495">
        <ele>60.276979</ele>
      </trkpt>
      <trkpt lat="54.860849" lon="24.21545">
        <ele>58.82203</ele>
      </trkpt>
      <trkpt lat="54.860744" lon="24.215372">
        <ele>57.500223</ele>
      </trkpt>
      <trkpt lat="54.860676" lon="24.215201">
        <ele>56.115527</ele>
      </trkpt>
      <trkpt lat="54.860618" lon="24.215077">
        <ele>55.051021</ele>
      </trkpt>
      <trkpt lat="54.860544" lon="24.214952">
        <ele>53.856368</ele>
      </trkpt>
      <trkpt lat="54.860431" lon="24.214804">
        <ele>52.218376</ele>
      </trkpt>
      <trkpt lat="54.860339" lon="24.21469">
        <ele>50.910383</ele>
      </trkpt>
      <trkpt lat="54.860233" lon="24.214629">
        <ele>49.617878</ele>
      </trkpt>
      <trkpt lat="54.860121" lon="24.214526">
        <ele>48.151062</ele>
      </trkpt>
      <trkpt lat="54.86001" lon="24.214411">
        <ele>46.655139</ele>
      </trkpt>
      <trkpt lat="54.859935" lon="24.214299">
        <ele>46.026252</ele>
      </trkpt>
      <trkpt lat="54.859856" lon="24.214193">
        <ele>45.761664</ele>
      </trkpt>
      <trkpt lat="54.859785" lon="24.214075">
        <ele>45.501218</ele>
      </trkpt>
      <trkpt lat="54.859717" lon="24.213962">
        <ele>45.251791</ele>
      </trkpt>
      <trkpt lat="54.859628" lon="24.213876">
        <ele>44.981842</ele>
      </trkpt>
      <trkpt lat="54.85954" lon="24.213809">
        <ele>44.727161</ele>
      </trkpt>
      <trkpt lat="54.859444" lon="24.213765">
        <ele>44.463984</ele>
      </trkpt>
      <trkpt lat="54.859349" lon="24.213739">
        <ele>44.209059</ele>
      </trkpt>
      <trkpt lat="54.859246" lon="24.213777">
        <ele>43.929944</ele>
      </trkpt>
      <trkpt lat="54.859155" lon="24.213913">
        <ele>43.611759</ele>
      </trkpt>
      <trkpt lat="54.859101" lon="24.214055">
        <ele>43.35209</ele>
      </trkpt>
      <trkpt lat="54.859065" lon="24.214214">
        <ele>43.091404</ele>
      </trkpt>
      <trkpt lat="54.859044" lon="24.21441">
        <ele>42.787222</ele>
      </trkpt>
      <trkpt lat="54.859043" lon="24.214626">
        <ele>42.457652</ele>
      </trkpt>
      <trkpt lat="54.85905" lon="24.214797">
        <ele>42.196092</ele>
      </trkpt>
      <trkpt lat="54.859068" lon="24.214952">
        <ele>41.954837</ele>
      </trkpt>
      <trkpt lat="54.859095" lon="24.215111">
        <ele>41.701908</ele>
      </trkpt>
      <trkpt lat="54.859086" lon="24.215333">
        <ele>41.394243</ele>
      </trkpt>
      <trkpt lat="54.859047" lon="24.21551">
        <ele>41.291793</ele>
      </trkpt>
      <trkpt lat="54.859006" lon="24.215676">
        <ele>41.194147</ele>
      </trkpt>
      <trkpt lat="54.858944" lon="24.215876">
        <ele>41.071352</ele>
      </trkpt>
      <trkpt lat="54.858871" lon="24.215968">
        <ele>40.986656</ele>
      </trkpt>
      <trkpt lat="54.858781" lon="24.216">
        <ele>40.900381</ele>
      </trkpt>
      <trkpt lat="54.858651" lon="24.216036">
        <ele>40.776751</ele>
      </trkpt>
      <trkpt lat="54.85855" lon="24.21608">
        <ele>40.678961</ele>
      </trkpt>
      <trkpt lat="54.858458" lon="24.216156">
        <ele>40.58329</ele>
      </trkpt>
      <trkpt lat="54.85838" lon="24.216253">
        <ele>40.493204</ele>
      </trkpt>
      <trkpt lat="54.858304" lon="24.216358">
        <ele>40.402012</ele>
      </trkpt>
      <trkpt lat="54.858216" lon="24.21648">
        <ele>40.296279</ele>
      </trkpt>
      <trkpt lat="54.85813" lon="24.216599">
        <ele>40.193025</ele>
      </trkpt>
      <trkpt lat="54.858045" lon="24.216695">
        <ele>40.097812</ele>
      </trkpt>
      <trkpt lat="54.857991" lon="24.216823">
        <ele>40.012024</ele>
      </trkpt>
      <trkpt lat="54.857936" lon="24.216967">
        <ele>39.918603</ele>
      </trkpt>
      <trkpt lat="54.857882" lon="24.217124">
        <ele>39.819735</ele>
      </trkpt>
      <trkpt lat="54.857842" lon="24.217283">
        <ele>39.725932</ele>
      </trkpt>
      <trkpt lat="54.857823" lon="24.217478">
        <ele>39.496518</ele>
      </trkpt>
      <trkpt lat="54.857797" lon="24.217668">
        <ele>39.266034</ele>
      </trkpt>
      <trkpt lat="54.857771" lon="24.217846">
        <ele>39.049304</ele>
      </trkpt>
      <trkpt lat="54.857739" lon="24.218015">
        <ele>38.839339</ele>
      </trkpt>
      <trkpt lat="54.857713" lon="24.218171">
        <ele>38.647668</ele>
      </trkpt>
      <trkpt lat="54.857687" lon="24.218325">
        <ele>38.458264</ele>
      </trkpt>
      <trkpt lat="54.857674" lon="24.218514">
        <ele>38.233622</ele>
      </trkpt>
      <trkpt lat="54.857672" lon="24.218684">
        <ele>38.032949</ele>
      </trkpt>
      <trkpt lat="54.85771" lon="24.21884">
        <ele>37.833033</ele>
      </trkpt>
      <trkpt lat="54.857751" lon="24.218992">
        <ele>37.634926</ele>
      </trkpt>
      <trkpt lat="54.857792" lon="24.219185">
        <ele>37.392134</ele>
      </trkpt>
      <trkpt lat="54.85785" lon="24.219335">
        <ele>37.178873</ele>
      </trkpt>
      <trkpt lat="54.857808" lon="24.21955">
        <ele>36.91092</ele>
      </trkpt>
      <trkpt lat="54.857735" lon="24.219712">
        <ele>36.668113</ele>
      </trkpt>
      <trkpt lat="54.85768" lon="24.219877">
        <ele>36.443088</ele>
      </trkpt>
      <trkpt lat="54.857615" lon="24.220017">
        <ele>36.230813</ele>
      </trkpt>
      <trkpt lat="54.857498" lon="24.22047">
        <ele>35.8092</ele>
      </trkpt>
      <trkpt lat="54.857421" lon="24.220645">
        <ele>35.658818</ele>
      </trkpt>
      <trkpt lat="54.857336" lon="24.220751">
        <ele>35.534718</ele>
      </trkpt>
      <trkpt lat="54.857276" lon="24.220895">
        <ele>35.413354</ele>
      </trkpt>
      <trkpt lat="54.85721" lon="24.221036">
        <ele>35.289281</ele>
      </trkpt>
      <trkpt lat="54.857166" lon="24.221217">
        <ele>35.155141</ele>
      </trkpt>
      <trkpt lat="54.857112" lon="24.221381">
        <ele>35.026152</ele>
      </trkpt>
      <trkpt lat="54.857066" lon="24.221573">
        <ele>34.884169</ele>
      </trkpt>
      <trkpt lat="54.856991" lon="24.221711">
        <ele>34.754595</ele>
      </trkpt>
      <trkpt lat="54.856911" lon="24.221848">
        <ele>34.621361</ele>
      </trkpt>
      <trkpt lat="54.856827" lon="24.22199">
        <ele>34.482348</ele>
      </trkpt>
      <trkpt lat="54.856762" lon="24.22211">
        <ele>34.369852</ele>
      </trkpt>
      <trkpt lat="54.856696" lon="24.222273">
        <ele>34.233793</ele>
      </trkpt>
      <trkpt lat="54.856633" lon="24.22239">
        <ele>34.124414</ele>
      </trkpt>
      <trkpt lat="54.856543" lon="24.222514">
        <ele>33.988173</ele>
      </trkpt>
      <trkpt lat="54.856456" lon="24.222618">
        <ele>33.929866</ele>
      </trkpt>
      <trkpt lat="54.856376" lon="24.222712">
        <ele>34.014262</ele>
      </trkpt>
      <trkpt lat="54.856261" lon="24.22276">
        <ele>34.117612</ele>
      </trkpt>
      <trkpt lat="54.856156" lon="24.222838">
        <ele>34.217401</ele>
      </trkpt>
      <trkpt lat="54.856072" lon="24.22293">
        <ele>34.304173</ele>
      </trkpt>
      <trkpt lat="54.855975" lon="24.22304">
        <ele>34.405395</ele>
      </trkpt>
      <trkpt lat="54.855894" lon="24.223117">
        <ele>34.48608</ele>
      </trkpt>
      <trkpt lat="54.855806" lon="24.223243">
        <ele>34.58573</ele>
      </trkpt>
      <trkpt lat="54.855723" lon="24.223311">
        <ele>34.665919</ele>
      </trkpt>
      <trkpt lat="54.855628" lon="24.223412">
        <ele>34.763245</ele>
      </trkpt>
      <trkpt lat="54.855542" lon="24.223487">
        <ele>34.847332</ele>
      </trkpt>
      <trkpt lat="54.855432" lon="24.223604">
        <ele>34.96004</ele>
      </trkpt>
      <trkpt lat="54.855329" lon="24.223714">
        <ele>35.065692</ele>
      </trkpt>
      <trkpt lat="54.85523" lon="24.223784">
        <ele>35.159093</ele>
      </trkpt>
      <trkpt lat="54.855156" lon="24.223887">
        <ele>35.241953</ele>
      </trkpt>
      <trkpt lat="54.855079" lon="24.223971">
        <ele>35.321405</ele>
      </trkpt>
      <trkpt lat="54.85499" lon="24.224033">
        <ele>35.405196</ele>
      </trkpt>
      <trkpt lat="54.854891" lon="24.224118">
        <ele>35.476586</ele>
      </trkpt>
      <trkpt lat="54.854773" lon="24.224176">
        <ele>35.489393</ele>
      </trkpt>
      <trkpt lat="54.854674" lon="24.224087">
        <ele>35.501035</ele>
      </trkpt>
      <trkpt lat="54.854585" lon="24.224001">
        <ele>35.511672</ele>
      </trkpt>
      <trkpt lat="54.854484" lon="24.223995">
        <ele>35.522226</ele>
      </trkpt>
      <trkpt lat="54.854386" lon="24.224039">
        <ele>35.532797</ele>
      </trkpt>
      <trkpt lat="54.854292" lon="24.22399">
        <ele>35.543047</ele>
      </trkpt>
      <trkpt lat="54.854221" lon="24.223882">
        <ele>35.552903</ele>
      </trkpt>
      <trkpt lat="54.854131" lon="24.223838">
        <ele>35.562668</ele>
      </trkpt>
      <trkpt lat="54.854034" lon="24.22382">
        <ele>35.572856</ele>
      </trkpt>
      <trkpt lat="54.853965" lon="24.223932">
        <ele>35.582719</ele>
      </trkpt>
      <trkpt lat="54.853866" lon="24.223901">
        <ele>35.593225</ele>
      </trkpt>
      <trkpt lat="54.853775" lon="24.223949">
        <ele>35.603158</ele>
      </trkpt>
      <trkpt lat="54.853674" lon="24.223936">
        <ele>35.613735</ele>
      </trkpt>
      <trkpt lat="54.853637" lon="24.223772">
        <ele>35.624325</ele>
      </trkpt>
      <trkpt lat="54.853595" lon="24.223596">
        <ele>35.63578</ele>
      </trkpt>
      <trkpt lat="54.85353" lon="24.223467">
        <ele>35.646087</ele>
      </trkpt>
      <trkpt lat="54.853436" lon="24.223465">
        <ele>35.655905</ele>
      </trkpt>
      <trkpt lat="54.853332" lon="24.223484">
        <ele>35.748827</ele>
      </trkpt>
      <trkpt lat="54.853245" lon="24.223445">
        <ele>35.890872</ele>
      </trkpt>
      <trkpt lat="54.853139" lon="24.223381">
        <ele>36.068281</ele>
      </trkpt>
      <trkpt lat="54.853032" lon="24.223406">
        <ele>36.238961</ele>
      </trkpt>
      <trkpt lat="54.852942" lon="24.223379">
        <ele>36.383349</ele>
      </trkpt>
      <trkpt lat="54.852854" lon="24.223289">
        <ele>36.54479</ele>
      </trkpt>
      <trkpt lat="54.852762" lon="24.223269">
        <ele>36.691368</ele>
      </trkpt>
      <trkpt lat="54.852663" lon="24.223237">
        <ele>36.850564</ele>
      </trkpt>
      <trkpt lat="54.85255" lon="24.223177">
        <ele>37.037365</ele>
      </trkpt>
      <trkpt lat="54.852456" lon="24.223126">
        <ele>37.19305</ele>
      </trkpt>
      <trkpt lat="54.852348" lon="24.223114">
        <ele>37.364137</ele>
      </trkpt>
      <trkpt lat="54.852253" lon="24.223084">
        <ele>37.516784</ele>
      </trkpt>
      <trkpt lat="54.852159" lon="24.223064">
        <ele>37.6665</ele>
      </trkpt>
      <trkpt lat="54.85205" lon="24.223058">
        <ele>37.838905</ele>
      </trkpt>
      <trkpt lat="54.851942" lon="24.223081">
        <ele>38.010921</ele>
      </trkpt>
      <trkpt lat="54.85186" lon="24.223145">
        <ele>38.15304</ele>
      </trkpt>
      <trkpt lat="54.851757" lon="24.22315">
        <ele>38.315936</ele>
      </trkpt>
      <trkpt lat="54.851668" lon="24.223075">
        <ele>38.47232</ele>
      </trkpt>
      <trkpt lat="54.851579" lon="24.222972">
        <ele>38.501271</ele>
      </trkpt>
      <trkpt lat="54.851498" lon="24.222882">
        <ele>38.497675</ele>
      </trkpt>
      <trkpt lat="54.851419" lon="24.222784">
        <ele>38.494045</ele>
      </trkpt>
      <trkpt lat="54.851391" lon="24.222634">
        <ele>38.49065</ele>
      </trkpt>
      <trkpt lat="54.851306" lon="24.222495">
        <ele>38.486284</ele>
      </trkpt>
      <trkpt lat="54.851228" lon="24.222377">
        <ele>38.482416</ele>
      </trkpt>
      <trkpt lat="54.851143" lon="24.222309">
        <ele>38.478916</ele>
      </trkpt>
      <trkpt lat="54.851043" lon="24.222247">
        <ele>38.474946</ele>
      </trkpt>
      <trkpt lat="54.850936" lon="24.222231">
        <ele>38.470929</ele>
      </trkpt>
      <trkpt lat="54.850844" lon="24.222173">
        <ele>38.467269</ele>
      </trkpt>
      <trkpt lat="54.850735" lon="24.222148">
        <ele>38.463158</ele>
      </trkpt>
      <trkpt lat="54.850681" lon="24.222021">
        <ele>38.459759</ele>
      </trkpt>
      <trkpt lat="54.850619" lon="24.221884">
        <ele>38.456007</ele>
      </trkpt>
      <trkpt lat="54.850565" lon="24.221743">
        <ele>38.452361</ele>
      </trkpt>
      <trkpt lat="54.850506" lon="24.221608">
        <ele>38.448712</ele>
      </trkpt>
      <trkpt lat="54.850404" lon="24.221495">
        <ele>38.444188</ele>
      </trkpt>
      <trkpt lat="54.850292" lon="24.221456">
        <ele>38.439916</ele>
      </trkpt>
      <trkpt lat="54.85019" lon="24.221418">
        <ele>38.4323</ele>
      </trkpt>
      <trkpt lat="54.850088" lon="24.221376">
        <ele>38.416552</ele>
      </trkpt>
      <trkpt lat="54.849974" lon="24.221347">
        <ele>38.399243</ele>
      </trkpt>
      <trkpt lat="54.849868" lon="24.22131">
        <ele>38.383</ele>
      </trkpt>
      <trkpt lat="54.849774" lon="24.221273">
        <ele>38.368521</ele>
      </trkpt>
      <trkpt lat="54.849684" lon="24.22122">
        <ele>38.354244</ele>
      </trkpt>
      <trkpt lat="54.849563" lon="24.22118">
        <ele>38.33574</ele>
      </trkpt>
      <trkpt lat="54.849454" lon="24.22111">
        <ele>38.318282</ele>
      </trkpt>
      <trkpt lat="54.849359" lon="24.221061">
        <ele>38.303394</ele>
      </trkpt>
      <trkpt lat="54.849247" lon="24.221109">
        <ele>38.286064</ele>
      </trkpt>
      <trkpt lat="54.849157" lon="24.221158">
        <ele>38.271894</ele>
      </trkpt>
      <trkpt lat="54.849055" lon="24.221218">
        <ele>38.255716</ele>
      </trkpt>
      <trkpt lat="54.848942" lon="24.221172">
        <ele>38.23828</ele>
      </trkpt>
      <trkpt lat="54.848822" lon="24.221149">
        <ele>38.220143</ele>
      </trkpt>
      <trkpt lat="54.848715" lon="24.22108">
        <ele>38.202997</ele>
      </trkpt>
      <trkpt lat="54.848607" lon="24.221069">
        <ele>38.186744</ele>
      </trkpt>
      <trkpt lat="54.848498" lon="24.221022">
        <ele>38.169872</ele>
      </trkpt>
      <trkpt lat="54.84841" lon="24.220924">
        <ele>38.423031</ele>
      </trkpt>
      <trkpt lat="54.848341" lon="24.220801">
        <ele>38.718491</ele>
      </trkpt>
      <trkpt lat="54.848263" lon="24.220653">
        <ele>39.063693</ele>
      </trkpt>
      <trkpt lat="54.848181" lon="24.220518">
        <ele>39.401318</ele>
      </trkpt>
      <trkpt lat="54.848074" lon="24.220486">
        <ele>39.725767</ele>
      </trkpt>
      <trkpt lat="54.847979" lon="24.220484">
        <ele>40.009673</ele>
      </trkpt>
      <trkpt lat="54.847938" lon="24.22064">
        <ele>40.304711</ele>
      </trkpt>
      <trkpt lat="54.847869" lon="24.220787">
        <ele>40.631022</ele>
      </trkpt>
      <trkpt lat="54.847791" lon="24.220935">
        <ele>40.976227</ele>
      </trkpt>
      <trkpt lat="54.847725" lon="24.221063">
        <ele>41.271855</ele>
      </trkpt>
      <trkpt lat="54.84766" lon="24.22123">
        <ele>41.618673</ele>
      </trkpt>
      <trkpt lat="54.847591" lon="24.221362">
        <ele>41.925417</ele>
      </trkpt>
      <trkpt lat="54.847522" lon="24.22154">
        <ele>42.29461</ele>
      </trkpt>
      <trkpt lat="54.847462" lon="24.22172">
        <ele>42.652459</ele>
      </trkpt>
      <trkpt lat="54.847397" lon="24.221861">
        <ele>42.96323</ele>
      </trkpt>
      <trkpt lat="54.847311" lon="24.222016">
        <ele>43.333584</ele>
      </trkpt>
      <trkpt lat="54.847249" lon="24.222166">
        <ele>43.775988</ele>
      </trkpt>
      <trkpt lat="54.847182" lon="24.222283">
        <ele>44.383486</ele>
      </trkpt>
      <trkpt lat="54.847106" lon="24.222442">
        <ele>45.144261</ele>
      </trkpt>
      <trkpt lat="54.847052" lon="24.222575">
        <ele>45.743392</ele>
      </trkpt>
      <trkpt lat="54.846977" lon="24.222747">
        <ele>46.537701</ele>
      </trkpt>
      <trkpt lat="54.846891" lon="24.222925">
        <ele>47.393151</ele>
      </trkpt>
      <trkpt lat="54.846807" lon="24.22311">
        <ele>48.260524</ele>
      </trkpt>
      <trkpt lat="54.846743" lon="24.223237">
        <ele>48.881862</ele>
      </trkpt>
      <trkpt lat="54.84668" lon="24.223367">
        <ele>49.507416</ele>
      </trkpt>
      <trkpt lat="54.846622" lon="24.223492">
        <ele>50.098436</ele>
      </trkpt>
      <trkpt lat="54.846565" lon="24.223624">
        <ele>50.705878</ele>
      </trkpt>
      <trkpt lat="54.846502" lon="24.223755">
        <ele>51.334256</ele>
      </trkpt>
      <trkpt lat="54.846441" lon="24.223877">
        <ele>51.929116</ele>
      </trkpt>
      <trkpt lat="54.846385" lon="24.224005">
        <ele>52.520954</ele>
      </trkpt>
      <trkpt lat="54.846322" lon="24.224144">
        <ele>53.172211</ele>
      </trkpt>
      <trkpt lat="54.84625" lon="24.224297">
        <ele>53.899685</ele>
      </trkpt>
      <trkpt lat="54.84618" lon="24.224445">
        <ele>54.604816</ele>
      </trkpt>
      <trkpt lat="54.846119" lon="24.224577">
        <ele>55.145053</ele>
      </trkpt>
      <trkpt lat="54.846046" lon="24.224753">
        <ele>55.586703</ele>
      </trkpt>
      <trkpt lat="54.845971" lon="24.224903">
        <ele>55.991201</ele>
      </trkpt>
      <trkpt lat="54.845907" lon="24.225074">
        <ele>56.406466</ele>
      </trkpt>
      <trkpt lat="54.84586" lon="24.225212">
        <ele>56.732923</ele>
      </trkpt>
      <trkpt lat="54.845785" lon="24.225377">
        <ele>57.160952</ele>
      </trkpt>
      <trkpt lat="54.845721" lon="24.225514">
        <ele>57.520162</ele>
      </trkpt>
      <trkpt lat="54.845649" lon="24.225645">
        <ele>57.888905</ele>
      </trkpt>
      <trkpt lat="54.845576" lon="24.225826">
        <ele>58.338859</ele>
      </trkpt>
      <trkpt lat="54.845506" lon="24.225971">
        <ele>58.724137</ele>
      </trkpt>
      <trkpt lat="54.845431" lon="24.22611">
        <ele>59.112006</ele>
      </trkpt>
      <trkpt lat="54.845357" lon="24.226276">
        <ele>59.539463</ele>
      </trkpt>
      <trkpt lat="54.845278" lon="24.226457">
        <ele>60.001918</ele>
      </trkpt>
      <trkpt lat="54.845213" lon="24.226607">
        <ele>60.384168</ele>
      </trkpt>
      <trkpt lat="54.845154" lon="24.22674">
        <ele>60.726025</ele>
      </trkpt>
      <trkpt lat="54.845092" lon="24.226874">
        <ele>61.076043</ele>
      </trkpt>
      <trkpt lat="54.845027" lon="24.22699">
        <ele>61.408247</ele>
      </trkpt>
      <trkpt lat="54.844972" lon="24.227128">
        <ele>62.085654</ele>
      </trkpt>
      <trkpt lat="54.844915" lon="24.22725">
        <ele>62.719782</ele>
      </trkpt>
      <trkpt lat="54.844831" lon="24.227416">
        <ele>63.611759</ele>
      </trkpt>
      <trkpt lat="54.844753" lon="24.227594">
        <ele>64.514595</ele>
      </trkpt>
      <trkpt lat="54.844665" lon="24.227773">
        <ele>65.464594</ele>
      </trkpt>
      <trkpt lat="54.844606" lon="24.227892">
        <ele>66.098427</ele>
      </trkpt>
      <trkpt lat="54.844544" lon="24.22801">
        <ele>66.743191</ele>
      </trkpt>
      <trkpt lat="54.844463" lon="24.228174">
        <ele>67.615289</ele>
      </trkpt>
      <trkpt lat="54.844389" lon="24.228328">
        <ele>68.42488</ele>
      </trkpt>
      <trkpt lat="54.844332" lon="24.228476">
        <ele>69.143553</ele>
      </trkpt>
      <trkpt lat="54.844267" lon="24.228639">
        <ele>69.943833</ele>
      </trkpt>
      <trkpt lat="54.844197" lon="24.228834">
        <ele>70.87133</ele>
      </trkpt>
      <trkpt lat="54.84412" lon="24.22901">
        <ele>71.763506</ele>
      </trkpt>
      <trkpt lat="54.844057" lon="24.229137">
        <ele>72.440109</ele>
      </trkpt>
      <trkpt lat="54.843971" lon="24.229286">
        <ele>73.291641</ele>
      </trkpt>
      <trkpt lat="54.843921" lon="24.229417">
        <ele>73.926009</ele>
      </trkpt>
      <trkpt lat="54.843834" lon="24.229561">
        <ele>74.293333</ele>
      </trkpt>
      <trkpt lat="54.843775" lon="24.229737">
        <ele>74.599668</ele>
      </trkpt>
      <trkpt lat="54.843699" lon="24.229887">
        <ele>74.900209</ele>
      </trkpt>
      <trkpt lat="54.843636" lon="24.230036">
        <ele>75.178269</ele>
      </trkpt>
      <trkpt lat="54.84358" lon="24.230176">
        <ele>75.434682</ele>
      </trkpt>
      <trkpt lat="54.843519" lon="24.230311">
        <ele>75.692808</ele>
      </trkpt>
      <trkpt lat="54.843453" lon="24.230436">
        <ele>75.947916</ele>
      </trkpt>
      <trkpt lat="54.843393" lon="24.230559">
        <ele>76.1904</ele>
      </trkpt>
      <trkpt lat="54.843334" lon="24.230681">
        <ele>76.43005</ele>
      </trkpt>
      <trkpt lat="54.843243" lon="24.230842">
        <ele>76.769404</ele>
      </trkpt>
      <trkpt lat="54.843189" lon="24.230969">
        <ele>77.006878</ele>
      </trkpt>
      <trkpt lat="54.843136" lon="24.231098">
        <ele>77.245251</ele>
      </trkpt>
      <trkpt lat="54.84308" lon="24.231225">
        <ele>77.485866</ele>
      </trkpt>
      <trkpt lat="54.843006" lon="24.231417">
        <ele>77.833401</ele>
      </trkpt>
      <trkpt lat="54.842926" lon="24.231598">
        <ele>78.176625</ele>
      </trkpt>
      <trkpt lat="54.84283" lon="24.231753">
        <ele>78.519047</ele>
      </trkpt>
      <trkpt lat="54.842764" lon="24.231886">
        <ele>78.773071</ele>
      </trkpt>
      <trkpt lat="54.842711" lon="24.232046">
        <ele>79.012626</ele>
      </trkpt>
      <trkpt lat="54.842654" lon="24.232194">
        <ele>79.243702</ele>
      </trkpt>
      <trkpt lat="54.842593" lon="24.232348">
        <ele>79.486284</ele>
      </trkpt>
      <trkpt lat="54.842523" lon="24.232494">
        <ele>79.732846</ele>
      </trkpt>
      <trkpt lat="54.842441" lon="24.232653">
        <ele>80.009859</ele>
      </trkpt>
      <trkpt lat="54.842367" lon="24.232812">
        <ele>80.275184</ele>
      </trkpt>
      <trkpt lat="54.8423" lon="24.232936">
        <ele>80.495866</ele>
      </trkpt>
      <trkpt lat="54.842235" lon="24.233063">
        <ele>80.716383</ele>
      </trkpt>
      <trkpt lat="54.842168" lon="24.233209">
        <ele>80.958676</ele>
      </trkpt>
      <trkpt lat="54.842105" lon="24.233359">
        <ele>81.199629</ele>
      </trkpt>
      <trkpt lat="54.842038" lon="24.233487">
        <ele>81.424126</ele>
      </trkpt>
      <trkpt lat="54.841973" lon="24.233627">
        <ele>81.657523</ele>
      </trkpt>
      <trkpt lat="54.841909" lon="24.233771">
        <ele>81.893602</ele>
      </trkpt>
      <trkpt lat="54.841866" lon="24.233933">
        <ele>82.12511</ele>
      </trkpt>
      <trkpt lat="54.841896" lon="24.234175">
        <ele>82.446379</ele>
      </trkpt>
      <trkpt lat="54.841926" lon="24.234349">
        <ele>82.682106</ele>
      </trkpt>
      <trkpt lat="54.841962" lon="24.234517">
        <ele>82.789604</ele>
      </trkpt>
      <trkpt lat="54.842009" lon="24.234671">
        <ele>82.828635</ele>
      </trkpt>
      <trkpt lat="54.842059" lon="24.234831">
        <ele>82.869402</ele>
      </trkpt>
      <trkpt lat="54.842113" lon="24.235002">
        <ele>82.913077</ele>
      </trkpt>
      <trkpt lat="54.842159" lon="24.235142">
        <ele>82.949173</ele>
      </trkpt>
      <trkpt lat="54.842206" lon="24.235307">
        <ele>82.990398</ele>
      </trkpt>
      <trkpt lat="54.842251" lon="24.235464">
        <ele>83.029671</ele>
      </trkpt>
      <trkpt lat="54.842243" lon="24.235621">
        <ele>83.064967</ele>
      </trkpt>
      <trkpt lat="54.842148" lon="24.235558">
        <ele>83.104515</ele>
      </trkpt>
      <trkpt lat="54.842009" lon="24.235559">
        <ele>83.158573</ele>
      </trkpt>
      <trkpt lat="54.841902" lon="24.23559">
        <ele>83.20076</ele>
      </trkpt>
      <trkpt lat="54.841779" lon="24.23563">
        <ele>83.249427</ele>
      </trkpt>
      <trkpt lat="54.841652" lon="24.235695">
        <ele>83.300918</ele>
      </trkpt>
      <trkpt lat="54.841524" lon="24.235759">
        <ele>83.352719</ele>
      </trkpt>
      <trkpt lat="54.841388" lon="24.235843">
        <ele>83.408856</ele>
      </trkpt>
      <trkpt lat="54.841249" lon="24.235944">
        <ele>83.452154</ele>
      </trkpt>
      <trkpt lat="54.841118" lon="24.236061">
        <ele>83.312573</ele>
      </trkpt>
      <trkpt lat="54.840993" lon="24.236207">
        <ele>83.169834</ele>
      </trkpt>
      <trkpt lat="54.840875" lon="24.236361">
        <ele>83.02997</ele>
      </trkpt>
      <trkpt lat="54.840752" lon="24.236529">
        <ele>82.881694</ele>
      </trkpt>
      <trkpt lat="54.840635" lon="24.236706">
        <ele>82.734665</ele>
      </trkpt>
      <trkpt lat="54.840518" lon="24.236901">
        <ele>82.581006</ele>
      </trkpt>
      <trkpt lat="54.840419" lon="24.23709">
        <ele>82.441598</ele>
      </trkpt>
      <trkpt lat="54.840325" lon="24.237287">
        <ele>82.302</ele>
      </trkpt>
      <trkpt lat="54.840226" lon="24.237503">
        <ele>82.151368</ele>
      </trkpt>
      <trkpt lat="54.840122" lon="24.23772">
        <ele>81.99732</ele>
      </trkpt>
      <trkpt lat="54.840017" lon="24.237927">
        <ele>81.846802</ele>
      </trkpt>
      <trkpt lat="54.839904" lon="24.238135">
        <ele>81.75504</ele>
      </trkpt>
      <trkpt lat="54.839794" lon="24.238356">
        <ele>81.746387</ele>
      </trkpt>
      <trkpt lat="54.839693" lon="24.238586">
        <ele>81.737818</ele>
      </trkpt>
      <trkpt lat="54.839576" lon="24.238826">
        <ele>81.728502</ele>
      </trkpt>
      <trkpt lat="54.839466" lon="24.239042">
        <ele>81.71996</ele>
      </trkpt>
      <trkpt lat="54.839359" lon="24.239278">
        <ele>81.711061</ele>
      </trkpt>
      <trkpt lat="54.839252" lon="24.239501">
        <ele>81.702462</ele>
      </trkpt>
      <trkpt lat="54.839144" lon="24.239744">
        <ele>81.693368</ele>
      </trkpt>
      <trkpt lat="54.839038" lon="24.239977">
        <ele>81.684571</ele>
      </trkpt>
      <trkpt lat="54.838933" lon="24.2402">
        <ele>81.676038</ele>
      </trkpt>
      <trkpt lat="54.838826" lon="24.240415">
        <ele>81.667619</ele>
      </trkpt>
      <trkpt lat="54.838728" lon="24.240631">
        <ele>81.561637</ele>
      </trkpt>
      <trkpt lat="54.83863" lon="24.240851">
        <ele>81.433555</ele>
      </trkpt>
      <trkpt lat="54.838536" lon="24.241065">
        <ele>81.309611</ele>
      </trkpt>
      <trkpt lat="54.838443" lon="24.241278">
        <ele>81.186519</ele>
      </trkpt>
      <trkpt lat="54.838351" lon="24.241487">
        <ele>81.065376</ele>
      </trkpt>
      <trkpt lat="54.838262" lon="24.241701">
        <ele>80.943815</ele>
      </trkpt>
      <trkpt lat="54.838173" lon="24.241907">
        <ele>80.825222</ele>
      </trkpt>
      <trkpt lat="54.838084" lon="24.242123">
        <ele>80.702913</ele>
      </trkpt>
      <trkpt lat="54.837987" lon="24.242327">
        <ele>80.581085</ele>
      </trkpt>
      <trkpt lat="54.83789" lon="24.242529">
        <ele>80.459965</ele>
      </trkpt>
      <trkpt lat="54.837792" lon="24.242743">
        <ele>80.334055</ele>
      </trkpt>
      <trkpt lat="54.837695" lon="24.242951">
        <ele>80.231749</ele>
      </trkpt>
      <trkpt lat="54.837608" lon="24.243156">
        <ele>80.258078</ele>
      </trkpt>
      <trkpt lat="54.837527" lon="24.243327">
        <ele>80.28097</ele>
      </trkpt>
      <trkpt lat="54.837445" lon="24.243517">
        <ele>80.305518</ele>
      </trkpt>
      <trkpt lat="54.837354" lon="24.243723">
        <ele>80.332361</ele>
      </trkpt>
      <trkpt lat="54.837265" lon="24.243927">
        <ele>80.358822</ele>
      </trkpt>
      <trkpt lat="54.837175" lon="24.244123">
        <ele>80.38474</ele>
      </trkpt>
      <trkpt lat="54.837082" lon="24.244321">
        <ele>80.411157</ele>
      </trkpt>
      <trkpt lat="54.836985" lon="24.244532">
        <ele>80.439071</ele>
      </trkpt>
      <trkpt lat="54.836881" lon="24.244741">
        <ele>80.46763</ele>
      </trkpt>
      <trkpt lat="54.836785" lon="24.244955">
        <ele>80.495676</ele>
      </trkpt>
      <trkpt lat="54.836687" lon="24.245169">
        <ele>80.523945</ele>
      </trkpt>
      <trkpt lat="54.836592" lon="24.245369">
        <ele>80.55075</ele>
      </trkpt>
      <trkpt lat="54.83651" lon="24.245551">
        <ele>80.988404</ele>
      </trkpt>
      <trkpt lat="54.836473" lon="24.24573">
        <ele>81.349619</ele>
      </trkpt>
      <trkpt lat="54.836493" lon="24.245922">
        <ele>81.720207</ele>
      </trkpt>
      <trkpt lat="54.836547" lon="24.246061">
        <ele>82.038664</ele>
      </trkpt>
      <trkpt lat="54.836628" lon="24.246158">
        <ele>82.363168</ele>
      </trkpt>
      <trkpt lat="54.836749" lon="24.246238">
        <ele>82.790169</ele>
      </trkpt>
      <trkpt lat="54.836835" lon="24.246283">
        <ele>83.086391</ele>
      </trkpt>
      <trkpt lat="54.836942" lon="24.246324">
        <ele>83.447761</ele>
      </trkpt>
      <trkpt lat="54.83706" lon="24.246355">
        <ele>83.841348</ele>
      </trkpt>
      <trkpt lat="54.837161" lon="24.246374">
        <ele>84.17639</ele>
      </trkpt>
      <trkpt lat="54.837256" lon="24.246394">
        <ele>84.49199</ele>
      </trkpt>
      <trkpt lat="54.837376" lon="24.246431">
        <ele>84.893934</ele>
      </trkpt>
      <trkpt lat="54.837506" lon="24.246482">
        <ele>85.333473</ele>
      </trkpt>
      <trkpt lat="54.837641" lon="24.246529">
        <ele>85.787557</ele>
      </trkpt>
      <trkpt lat="54.837728" lon="24.246585">
        <ele>86.093557</ele>
      </trkpt>
      <trkpt lat="54.83784" lon="24.246708">
        <ele>86.470733</ele>
      </trkpt>
      <trkpt lat="54.837911" lon="24.246809">
        <ele>86.395476</ele>
      </trkpt>
      <trkpt lat="54.837982" lon="24.24693">
        <ele>86.313906</ele>
      </trkpt>
      <trkpt lat="54.838058" lon="24.247064">
        <ele>86.225098</ele>
      </trkpt>
      <trkpt lat="54.838147" lon="24.24721">
        <ele>86.124707</ele>
      </trkpt>
      <trkpt lat="54.838235" lon="24.247378">
        <ele>86.017472</ele>
      </trkpt>
      <trkpt lat="54.838327" lon="24.247567">
        <ele>85.900617</ele>
      </trkpt>
      <trkpt lat="54.838407" lon="24.247737">
        <ele>85.796952</ele>
      </trkpt>
      <trkpt lat="54.838495" lon="24.247921">
        <ele>85.684013</ele>
      </trkpt>
      <trkpt lat="54.83858" lon="24.248113">
        <ele>85.569659</ele>
      </trkpt>
      <trkpt lat="54.838687" lon="24.248295">
        <ele>85.446847</ele>
      </trkpt>
      <trkpt lat="54.838804" lon="24.248482">
        <ele>85.316463</ele>
      </trkpt>
      <trkpt lat="54.838899" lon="24.248686">
        <ele>85.192583</ele>
      </trkpt>
      <trkpt lat="54.838977" lon="24.248912">
        <ele>85.068171</ele>
      </trkpt>
      <trkpt lat="54.839058" lon="24.249152">
        <ele>84.941152</ele>
      </trkpt>
      <trkpt lat="54.839138" lon="24.249376">
        <ele>84.824284</ele>
      </trkpt>
      <trkpt lat="54.839208" lon="24.249615">
        <ele>84.705397</ele>
      </trkpt>
      <trkpt lat="54.839279" lon="24.249855">
        <ele>84.585764</ele>
      </trkpt>
      <trkpt lat="54.839353" lon="24.25009">
        <ele>84.467009</ele>
      </trkpt>
      <trkpt lat="54.839421" lon="24.250316">
        <ele>84.353951</ele>
      </trkpt>
      <trkpt lat="54.83949" lon="24.250533">
        <ele>84.244045</ele>
      </trkpt>
      <trkpt lat="54.839568" lon="24.250734">
        <ele>84.136579</ele>
      </trkpt>
      <trkpt lat="54.83966" lon="24.250922">
        <ele>84.027191</ele>
      </trkpt>
      <trkpt lat="54.839773" lon="24.251072">
        <ele>83.91768</ele>
      </trkpt>
      <trkpt lat="54.83988" lon="24.25119">
        <ele>83.820088</ele>
      </trkpt>
      <trkpt lat="54.839948" lon="24.251375">
        <ele>83.722779</ele>
      </trkpt>
      <trkpt lat="54.840007" lon="24.251579">
        <ele>83.618486</ele>
      </trkpt>
      <trkpt lat="54.840061" lon="24.251793">
        <ele>83.297054</ele>
      </trkpt>
      <trkpt lat="54.840135" lon="24.251998">
        <ele>82.964199</ele>
      </trkpt>
      <trkpt lat="54.840205" lon="24.252193">
        <ele>82.648076</ele>
      </trkpt>
      <trkpt lat="54.840276" lon="24.252386">
        <ele>82.333005</ele>
      </trkpt>
      <trkpt lat="54.840332" lon="24.252558">
        <ele>82.061178</ele>
      </trkpt>
      <trkpt lat="54.840401" lon="24.252718">
        <ele>81.78618</ele>
      </trkpt>
      <trkpt lat="54.840476" lon="24.252881">
        <ele>81.499145</ele>
      </trkpt>
      <trkpt lat="54.840563" lon="24.253049">
        <ele>81.188314</ele>
      </trkpt>
      <trkpt lat="54.840672" lon="24.253214">
        <ele>80.842864</ele>
      </trkpt>
      <trkpt lat="54.840785" lon="24.2534">
        <ele>80.470905</ele>
      </trkpt>
      <trkpt lat="54.8409" lon="24.253563">
        <ele>80.116273</ele>
      </trkpt>
      <trkpt lat="54.841013" lon="24.253708">
        <ele>79.780611</ele>
      </trkpt>
      <trkpt lat="54.841124" lon="24.253863">
        <ele>79.440333</ele>
      </trkpt>
      <trkpt lat="54.841242" lon="24.254026">
        <ele>79.112452</ele>
      </trkpt>
      <trkpt lat="54.841365" lon="24.254169">
        <ele>78.805319</ele>
      </trkpt>
      <trkpt lat="54.841491" lon="24.254322">
        <ele>78.486302</ele>
      </trkpt>
      <trkpt lat="54.841604" lon="24.254466">
        <ele>78.195477</ele>
      </trkpt>
      <trkpt lat="54.841716" lon="24.254601">
        <ele>77.91259</ele>
      </trkpt>
      <trkpt lat="54.84183" lon="24.254748">
        <ele>77.617968</ele>
      </trkpt>
      <trkpt lat="54.841944" lon="24.254907">
        <ele>77.31458</ele>
      </trkpt>
      <trkpt lat="54.842075" lon="24.255058">
        <ele>76.988335</ele>
      </trkpt>
      <trkpt lat="54.842205" lon="24.255215">
        <ele>76.659778</ele>
      </trkpt>
      <trkpt lat="54.842341" lon="24.255382">
        <ele>76.314168</ele>
      </trkpt>
      <trkpt lat="54.84247" lon="24.255533">
        <ele>75.991374</ele>
      </trkpt>
      <trkpt lat="54.842591" lon="24.255677">
        <ele>75.68701</ele>
      </trkpt>
      <trkpt lat="54.842702" lon="24.255823">
        <ele>75.8147</ele>
      </trkpt>
      <trkpt lat="54.842805" lon="24.255969">
        <ele>76.125581</ele>
      </trkpt>
      <trkpt lat="54.842906" lon="24.25611">
        <ele>76.428591</ele>
      </trkpt>
      <trkpt lat="54.843004" lon="24.256256">
        <ele>76.730505</ele>
      </trkpt>
      <trkpt lat="54.843095" lon="24.256385">
        <ele>77.005175</ele>
      </trkpt>
      <trkpt lat="54.843195" lon="24.256492">
        <ele>77.27982</ele>
      </trkpt>
      <trkpt lat="54.843274" lon="24.256593">
        <ele>77.5092</ele>
      </trkpt>
      <trkpt lat="54.843348" lon="24.2567">
        <ele>77.734354</ele>
      </trkpt>
      <trkpt lat="54.843392" lon="24.256901">
        <ele>78.023878</ele>
      </trkpt>
      <trkpt lat="54.843325" lon="24.25703">
        <ele>78.257781</ele>
      </trkpt>
      <trkpt lat="54.84322" lon="24.257136">
        <ele>78.541766</ele>
      </trkpt>
      <trkpt lat="54.843116" lon="24.257267">
        <ele>78.842176</ele>
      </trkpt>
      <trkpt lat="54.843005" lon="24.257393">
        <ele>79.152249</ele>
      </trkpt>
      <trkpt lat="54.842891" lon="24.257527">
        <ele>79.474129</ele>
      </trkpt>
      <trkpt lat="54.842784" lon="24.257679">
        <ele>79.797364</ele>
      </trkpt>
      <trkpt lat="54.842691" lon="24.257863">
        <ele>79.921748</ele>
      </trkpt>
      <trkpt lat="54.842626" lon="24.258088">
        <ele>80.048154</ele>
      </trkpt>
      <trkpt lat="54.842586" lon="24.258327">
        <ele>80.173135</ele>
      </trkpt>
      <trkpt lat="54.842549" lon="24.258595">
        <ele>80.311527</ele>
      </trkpt>
      <trkpt lat="54.842522" lon="24.258862">
        <ele>80.447653</ele>
      </trkpt>
      <trkpt lat="54.842488" lon="24.259131">
        <ele>80.585949</ele>
      </trkpt>
      <trkpt lat="54.842457" lon="24.25941">
        <ele>80.728634</ele>
      </trkpt>
      <trkpt lat="54.842425" lon="24.259692">
        <ele>80.872965</ele>
      </trkpt>
      <trkpt lat="54.842391" lon="24.259983">
        <ele>81.02207</ele>
      </trkpt>
      <trkpt lat="54.842358" lon="24.260269">
        <ele>81.168542</ele>
      </trkpt>
      <trkpt lat="54.842324" lon="24.260551">
        <ele>81.31322</ele>
      </trkpt>
      <trkpt lat="54.842294" lon="24.260839">
        <ele>81.413468</ele>
      </trkpt>
      <trkpt lat="54.842259" lon="24.261136">
        <ele>81.488391</ele>
      </trkpt>
      <trkpt lat="54.842221" lon="24.261439">
        <ele>81.565031</ele>
      </trkpt>
      <trkpt lat="54.842186" lon="24.261739">
        <ele>81.640681</ele>
      </trkpt>
      <trkpt lat="54.842148" lon="24.262035">
        <ele>81.715632</ele>
      </trkpt>
      <trkpt lat="54.842117" lon="24.262332">
        <ele>81.79023</ele>
      </trkpt>
      <trkpt lat="54.842085" lon="24.262623">
        <ele>81.863449</ele>
      </trkpt>
      <trkpt lat="54.842054" lon="24.262908">
        <ele>81.935132</ele>
      </trkpt>
      <trkpt lat="54.842023" lon="24.263184">
        <ele>82.004629</ele>
      </trkpt>
      <trkpt lat="54.841995" lon="24.263465">
        <ele>82.075109</ele>
      </trkpt>
      <trkpt lat="54.841966" lon="24.263752">
        <ele>82.136264</ele>
      </trkpt>
      <trkpt lat="54.841935" lon="24.264033">
        <ele>82.096682</ele>
      </trkpt>
      <trkpt lat="54.841905" lon="24.264308">
        <ele>82.057961</ele>
      </trkpt>
      <trkpt lat="54.841872" lon="24.264586">
        <ele>82.018693</ele>
      </trkpt>
      <trkpt lat="54.841848" lon="24.264863">
        <ele>81.97994</ele>
      </trkpt>
      <trkpt lat="54.841814" lon="24.265143">
        <ele>81.940352</ele>
      </trkpt>
      <trkpt lat="54.841787" lon="24.265424">
        <ele>81.90094</ele>
      </trkpt>
      <trkpt lat="54.841755" lon="24.265696">
        <ele>81.862533</ele>
      </trkpt>
      <trkpt lat="54.841726" lon="24.265957">
        <ele>81.825759</ele>
      </trkpt>
      <trkpt lat="54.841699" lon="24.266219">
        <ele>81.788937</ele>
      </trkpt>
      <trkpt lat="54.841667" lon="24.266479">
        <ele>81.752155</ele>
      </trkpt>
      <trkpt lat="54.841637" lon="24.266749">
        <ele>81.714113</ele>
      </trkpt>
      <trkpt lat="54.841605" lon="24.267028">
        <ele>81.658239</ele>
      </trkpt>
      <trkpt lat="54.841576" lon="24.2673">
        <ele>81.600977</ele>
      </trkpt>
      <trkpt lat="54.841543" lon="24.267581">
        <ele>81.541612</ele>
      </trkpt>
      <trkpt lat="54.841513" lon="24.267869">
        <ele>81.481027</ele>
      </trkpt>
      <trkpt lat="54.84148" lon="24.268153">
        <ele>81.421053</ele>
      </trkpt>
      <trkpt lat="54.84145" lon="24.268436">
        <ele>81.361487</ele>
      </trkpt>
      <trkpt lat="54.841422" lon="24.268724">
        <ele>81.301026</ele>
      </trkpt>
      <trkpt lat="54.841398" lon="24.269011">
        <ele>81.240993</ele>
      </trkpt>
      <trkpt lat="54.841374" lon="24.269295">
        <ele>81.181574</ele>
      </trkpt>
      <trkpt lat="54.841353" lon="24.269582">
        <ele>81.121686</ele>
      </trkpt>
      <trkpt lat="54.841331" lon="24.269858">
        <ele>81.064008</ele>
      </trkpt>
      <trkpt lat="54.841315" lon="24.270134">
        <ele>80.982673</ele>
      </trkpt>
      <trkpt lat="54.841299" lon="24.270411">
        <ele>80.899933</ele>
      </trkpt>
      <trkpt lat="54.841284" lon="24.270681">
        <ele>80.819314</ele>
      </trkpt>
      <trkpt lat="54.841269" lon="24.270955">
        <ele>80.737512</ele>
      </trkpt>
      <trkpt lat="54.841254" lon="24.271232">
        <ele>80.654822</ele>
      </trkpt>
      <trkpt lat="54.841237" lon="24.271503">
        <ele>80.573802</ele>
      </trkpt>
      <trkpt lat="54.841222" lon="24.27178">
        <ele>80.491112</ele>
      </trkpt>
      <trkpt lat="54.841208" lon="24.272067">
        <ele>80.405507</ele>
      </trkpt>
      <trkpt lat="54.841198" lon="24.272345">
        <ele>80.322722</ele>
      </trkpt>
      <trkpt lat="54.841179" lon="24.272621">
        <ele>80.240108</ele>
      </trkpt>
      <trkpt lat="54.841165" lon="24.272896">
        <ele>80.158056</ele>
      </trkpt>
      <trkpt lat="54.841154" lon="24.273178">
        <ele>80.041099</ele>
      </trkpt>
      <trkpt lat="54.841134" lon="24.273456">
        <ele>79.911391</ele>
      </trkpt>
      <trkpt lat="54.841119" lon="24.273751">
        <ele>79.774281</ele>
      </trkpt>
      <trkpt lat="54.841103" lon="24.274033">
        <ele>79.643089</ele>
      </trkpt>
      <trkpt lat="54.841087" lon="24.274331">
        <ele>79.504523</ele>
      </trkpt>
      <trkpt lat="54.84107" lon="24.274616">
        <ele>79.371868</ele>
      </trkpt>
      <trkpt lat="54.841051" lon="24.2749">
        <ele>79.239498</ele>
      </trkpt>
      <trkpt lat="54.841034" lon="24.275188">
        <ele>79.105461</ele>
      </trkpt>
      <trkpt lat="54.841015" lon="24.275461">
        <ele>78.978148</ele>
      </trkpt>
      <trkpt lat="54.840995" lon="24.275736">
        <ele>78.849817</ele>
      </trkpt>
      <trkpt lat="54.840971" lon="24.276005">
        <ele>78.72379</ele>
      </trkpt>
      <trkpt lat="54.840944" lon="24.27627">
        <ele>78.684677</ele>
      </trkpt>
      <trkpt lat="54.840909" lon="24.276542">
        <ele>78.681225</ele>
      </trkpt>
      <trkpt lat="54.840875" lon="24.276816">
        <ele>78.677753</ele>
      </trkpt>
      <trkpt lat="54.84084" lon="24.277086">
        <ele>78.674324</ele>
      </trkpt>
      <trkpt lat="54.840801" lon="24.277353">
        <ele>78.670912</ele>
      </trkpt>
      <trkpt lat="54.840764" lon="24.277635">
        <ele>78.667329</ele>
      </trkpt>
      <trkpt lat="54.840726" lon="24.277912">
        <ele>78.663801</ele>
      </trkpt>
      <trkpt lat="54.840692" lon="24.278188">
        <ele>78.660305</ele>
      </trkpt>
      <trkpt lat="54.840656" lon="24.27846">
        <ele>78.656847</ele>
      </trkpt>
      <trkpt lat="54.840621" lon="24.278727">
        <ele>78.653455</ele>
      </trkpt>
      <trkpt lat="54.840586" lon="24.279006">
        <ele>78.649918</ele>
      </trkpt>
      <trkpt lat="54.840548" lon="24.279298">
        <ele>78.718463</ele>
      </trkpt>
      <trkpt lat="54.84051" lon="24.279575">
        <ele>78.834889</ele>
      </trkpt>
      <trkpt lat="54.840472" lon="24.279848">
        <ele>78.949725</ele>
      </trkpt>
      <trkpt lat="54.840433" lon="24.280116">
        <ele>79.062746</ele>
      </trkpt>
      <trkpt lat="54.840399" lon="24.280385">
        <ele>79.17535</ele>
      </trkpt>
      <trkpt lat="54.840366" lon="24.280648">
        <ele>79.285405</ele>
      </trkpt>
      <trkpt lat="54.840332" lon="24.280901">
        <ele>79.391629</ele>
      </trkpt>
      <trkpt lat="54.8403" lon="24.281162">
        <ele>79.500736</ele>
      </trkpt>
      <trkpt lat="54.840265" lon="24.281429">
        <ele>79.612697</ele>
      </trkpt>
      <trkpt lat="54.840231" lon="24.281696">
        <ele>79.724502</ele>
      </trkpt>
      <trkpt lat="54.840192" lon="24.281969">
        <ele>79.839507</ele>
      </trkpt>
      <trkpt lat="54.840151" lon="24.282248">
        <ele>79.963056</ele>
      </trkpt>
      <trkpt lat="54.840113" lon="24.28253">
        <ele>80.103115</ele>
      </trkpt>
      <trkpt lat="54.840075" lon="24.282799">
        <ele>80.23706</ele>
      </trkpt>
      <trkpt lat="54.840035" lon="24.283078">
        <ele>80.376103</ele>
      </trkpt>
      <trkpt lat="54.84" lon="24.28335">
        <ele>80.510887</ele>
      </trkpt>
      <trkpt lat="54.839967" lon="24.283618">
        <ele>80.643422</ele>
      </trkpt>
      <trkpt lat="54.839937" lon="24.283885">
        <ele>80.774978</ele>
      </trkpt>
      <trkpt lat="54.839904" lon="24.284143">
        <ele>80.902788</ele>
      </trkpt>
      <trkpt lat="54.839866" lon="24.284404">
        <ele>81.03298</ele>
      </trkpt>
      <trkpt lat="54.839832" lon="24.284666">
        <ele>81.162861</ele>
      </trkpt>
      <trkpt lat="54.839794" lon="24.284932">
        <ele>81.295399</ele>
      </trkpt>
      <trkpt lat="54.839758" lon="24.285198">
        <ele>81.427542</ele>
      </trkpt>
      <trkpt lat="54.839724" lon="24.285464">
        <ele>81.629625</ele>
      </trkpt>
      <trkpt lat="54.839686" lon="24.285739">
        <ele>81.844302</ele>
      </trkpt>
      <trkpt lat="54.839653" lon="24.286012">
        <ele>82.056052</ele>
      </trkpt>
      <trkpt lat="54.839621" lon="24.286277">
        <ele>82.261588</ele>
      </trkpt>
      <trkpt lat="54.839587" lon="24.28655">
        <ele>82.473613</ele>
      </trkpt>
      <trkpt lat="54.839543" lon="24.286829">
        <ele>82.6932</ele>
      </trkpt>
      <trkpt lat="54.839501" lon="24.287091">
        <ele>82.899646</ele>
      </trkpt>
      <trkpt lat="54.839468" lon="24.287335">
        <ele>83.089906</ele>
      </trkpt>
      <trkpt lat="54.839437" lon="24.287541">
        <ele>83.251532</ele>
      </trkpt>
      <trkpt lat="54.839409" lon="24.287734">
        <ele>83.402617</ele>
      </trkpt>
      <trkpt lat="54.839382" lon="24.28794">
        <ele>83.562991</ele>
      </trkpt>
      <trkpt lat="54.839355" lon="24.288154">
        <ele>83.729292</ele>
      </trkpt>
      <trkpt lat="54.839319" lon="24.288369">
        <ele>83.795462</ele>
      </trkpt>
      <trkpt lat="54.839292" lon="24.28857">
        <ele>83.776209</ele>
      </trkpt>
      <trkpt lat="54.839258" lon="24.28879">
        <ele>83.75496</ele>
      </trkpt>
      <trkpt lat="54.839229" lon="24.289022">
        <ele>83.732814</ele>
      </trkpt>
      <trkpt lat="54.839192" lon="24.289246">
        <ele>83.711076</ele>
      </trkpt>
      <trkpt lat="54.839167" lon="24.289484">
        <ele>83.688508</ele>
      </trkpt>
      <trkpt lat="54.839142" lon="24.289699">
        <ele>83.668047</ele>
      </trkpt>
      <trkpt lat="54.839094" lon="24.289847">
        <ele>83.652202</ele>
      </trkpt>
      <trkpt lat="54.838964" lon="24.289791">
        <ele>83.630505</ele>
      </trkpt>
      <trkpt lat="54.838867" lon="24.289755">
        <ele>83.614438</ele>
      </trkpt>
      <trkpt lat="54.838753" lon="24.289732">
        <ele>83.595847</ele>
      </trkpt>
      <trkpt lat="54.838637" lon="24.289705">
        <ele>83.576888</ele>
      </trkpt>
      <trkpt lat="54.838518" lon="24.289663">
        <ele>83.557217</ele>
      </trkpt>
      <trkpt lat="54.838396" lon="24.289628">
        <ele>83.537187</ele>
      </trkpt>
      <trkpt lat="54.838272" lon="24.289591">
        <ele>83.516806</ele>
      </trkpt>
      <trkpt lat="54.838144" lon="24.28955">
        <ele>83.353762</ele>
      </trkpt>
      <trkpt lat="54.838014" lon="24.289506">
        <ele>83.178028</ele>
      </trkpt>
      <trkpt lat="54.837871" lon="24.289472">
        <ele>82.986521</ele>
      </trkpt>
      <trkpt lat="54.837752" lon="24.289432">
        <ele>82.825697</ele>
      </trkpt>
      <trkpt lat="54.837639" lon="24.289408">
        <ele>82.674648</ele>
      </trkpt>
      <trkpt lat="54.83753" lon="24.289367">
        <ele>82.52667</ele>
      </trkpt>
      <trkpt lat="54.837412" lon="24.289329">
        <ele>82.367434</ele>
      </trkpt>
      <trkpt lat="54.837293" lon="24.289287">
        <ele>82.206313</ele>
      </trkpt>
      <trkpt lat="54.83717" lon="24.289238">
        <ele>82.038873</ele>
      </trkpt>
      <trkpt lat="54.837033" lon="24.28919">
        <ele>81.853434</ele>
      </trkpt>
      <trkpt lat="54.836901" lon="24.289148">
        <ele>81.675377</ele>
      </trkpt>
      <trkpt lat="54.836775" lon="24.289095">
        <ele>81.503361</ele>
      </trkpt>
      <trkpt lat="54.836647" lon="24.289045">
        <ele>81.329282</ele>
      </trkpt>
      <trkpt lat="54.836521" lon="24.288996">
        <ele>81.15796</ele>
      </trkpt>
      <trkpt lat="54.836395" lon="24.288952">
        <ele>81.063096</ele>
      </trkpt>
      <trkpt lat="54.83627" lon="24.288911">
        <ele>80.984538</ele>
      </trkpt>
      <trkpt lat="54.836144" lon="24.288879">
        <ele>80.905899</ele>
      </trkpt>
      <trkpt lat="54.83601" lon="24.288837">
        <ele>80.821811</ele>
      </trkpt>
      <trkpt lat="54.835884" lon="24.288796">
        <ele>80.742646</ele>
      </trkpt>
      <trkpt lat="54.83576" lon="24.288751">
        <ele>80.664417</ele>
      </trkpt>
      <trkpt lat="54.835642" lon="24.288714">
        <ele>80.590368</ele>
      </trkpt>
      <trkpt lat="54.835516" lon="24.288677">
        <ele>80.511453</ele>
      </trkpt>
      <trkpt lat="54.835387" lon="24.288642">
        <ele>80.430823</ele>
      </trkpt>
      <trkpt lat="54.835256" lon="24.2886">
        <ele>80.348557</ele>
      </trkpt>
      <trkpt lat="54.835129" lon="24.28855">
        <ele>80.268139</ele>
      </trkpt>
      <trkpt lat="54.834998" lon="24.288506">
        <ele>80.185741</ele>
      </trkpt>
      <trkpt lat="54.83486" lon="24.288477">
        <ele>80.099898</ele>
      </trkpt>
      <trkpt lat="54.834731" lon="24.288431">
        <ele>80.018572</ele>
      </trkpt>
      <trkpt lat="54.834602" lon="24.288387">
        <ele>79.543028</ele>
      </trkpt>
      <trkpt lat="54.834482" lon="24.288353">
        <ele>79.101687</ele>
      </trkpt>
      <trkpt lat="54.834353" lon="24.288316">
        <ele>78.627093</ele>
      </trkpt>
      <trkpt lat="54.834219" lon="24.288268">
        <ele>78.130452</ele>
      </trkpt>
      <trkpt lat="54.834081" lon="24.288229">
        <ele>77.622943</ele>
      </trkpt>
      <trkpt lat="54.833956" lon="24.288202">
        <ele>77.165717</ele>
      </trkpt>
      <trkpt lat="54.833846" lon="24.288168">
        <ele>76.760158</ele>
      </trkpt>
      <trkpt lat="54.833731" lon="24.288132">
        <ele>76.335997</ele>
      </trkpt>
      <trkpt lat="54.833603" lon="24.288095">
        <ele>75.864983</ele>
      </trkpt>
      <trkpt lat="54.833479" lon="24.288039">
        <ele>75.399907</ele>
      </trkpt>
      <trkpt lat="54.833378" lon="24.288001">
        <ele>75.024786</ele>
      </trkpt>
      <trkpt lat="54.833244" lon="24.287962">
        <ele>74.531602</ele>
      </trkpt>
      <trkpt lat="54.833138" lon="24.287932">
        <ele>74.141761</ele>
      </trkpt>
      <trkpt lat="54.833032" lon="24.28789">
        <ele>73.747107</ele>
      </trkpt>
      <trkpt lat="54.832916" lon="24.287845">
        <ele>73.148667</ele>
      </trkpt>
      <trkpt lat="54.832818" lon="24.287803">
        <ele>72.430204</ele>
      </trkpt>
      <trkpt lat="54.832718" lon="24.287774">
        <ele>71.708581</ele>
      </trkpt>
      <trkpt lat="54.832624" lon="24.287737">
        <ele>71.022545</ele>
      </trkpt>
      <trkpt lat="54.832533" lon="24.287706">
        <ele>70.362491</ele>
      </trkpt>
      <trkpt lat="54.832409" lon="24.287663">
        <ele>69.462473</ele>
      </trkpt>
      <trkpt lat="54.832291" lon="24.287626">
        <ele>68.609006</ele>
      </trkpt>
      <trkpt lat="54.832181" lon="24.287587">
        <ele>67.809909</ele>
      </trkpt>
      <trkpt lat="54.83206" lon="24.287539">
        <ele>66.926482</ele>
      </trkpt>
      <trkpt lat="54.831961" lon="24.287508">
        <ele>66.210468</ele>
      </trkpt>
      <trkpt lat="54.831859" lon="24.287478">
        <ele>65.474126</ele>
      </trkpt>
      <trkpt lat="54.831726" lon="24.287434">
        <ele>64.510449</ele>
      </trkpt>
      <trkpt lat="54.831633" lon="24.287408">
        <ele>63.839983</ele>
      </trkpt>
      <trkpt lat="54.831541" lon="24.287375">
        <ele>63.171332</ele>
      </trkpt>
      <trkpt lat="54.83144" lon="24.28734">
        <ele>62.438271</ele>
      </trkpt>
      <trkpt lat="54.831351" lon="24.287309">
        <ele>61.79218</ele>
      </trkpt>
      <trkpt lat="54.831178" lon="24.28728">
        <ele>60.652282</ele>
      </trkpt>
      <trkpt lat="54.831083" lon="24.287244">
        <ele>60.468602</ele>
      </trkpt>
      <trkpt lat="54.830984" lon="24.287235">
        <ele>60.281336</ele>
      </trkpt>
      <trkpt lat="54.830874" lon="24.287197">
        <ele>60.069473</ele>
      </trkpt>
      <trkpt lat="54.830779" lon="24.287176">
        <ele>59.88857</ele>
      </trkpt>
      <trkpt lat="54.830667" lon="24.287132">
        <ele>59.671653</ele>
      </trkpt>
      <trkpt lat="54.830542" lon="24.287088">
        <ele>59.430725</ele>
      </trkpt>
      <trkpt lat="54.830413" lon="24.287044">
        <ele>59.182386</ele>
      </trkpt>
      <trkpt lat="54.830313" lon="24.287012">
        <ele>58.990305</ele>
      </trkpt>
      <trkpt lat="54.830211" lon="24.286982">
        <ele>58.794882</ele>
      </trkpt>
      <trkpt lat="54.830106" lon="24.28695">
        <ele>58.593504</ele>
      </trkpt>
      <trkpt lat="54.830003" lon="24.28691">
        <ele>58.39413</ele>
      </trkpt>
      <trkpt lat="54.829897" lon="24.286874">
        <ele>58.190101</ele>
      </trkpt>
      <trkpt lat="54.829789" lon="24.286834">
        <ele>57.981499</ele>
      </trkpt>
      <trkpt lat="54.829681" lon="24.286807">
        <ele>57.775383</ele>
      </trkpt>
      <trkpt lat="54.829573" lon="24.286768">
        <ele>57.567005</ele>
      </trkpt>
      <trkpt lat="54.829464" lon="24.286732">
        <ele>57.357411</ele>
      </trkpt>
      <trkpt lat="54.829355" lon="24.286694">
        <ele>57.446325</ele>
      </trkpt>
      <trkpt lat="54.829258" lon="24.286656">
        <ele>57.652899</ele>
      </trkpt>
      <trkpt lat="54.829161" lon="24.286628">
        <ele>57.857173</ele>
      </trkpt>
      <trkpt lat="54.829068" lon="24.286592">
        <ele>58.055115</ele>
      </trkpt>
      <trkpt lat="54.828975" lon="24.286557">
        <ele>58.2528</ele>
      </trkpt>
      <trkpt lat="54.828881" lon="24.286514">
        <ele>58.454741</ele>
      </trkpt>
      <trkpt lat="54.828775" lon="24.286483">
        <ele>58.678047</ele>
      </trkpt>
      <trkpt lat="54.828661" lon="24.286448">
        <ele>58.918545</ele>
      </trkpt>
      <trkpt lat="54.828542" lon="24.286423">
        <ele>59.167559</ele>
      </trkpt>
      <trkpt lat="54.828415" lon="24.286387">
        <ele>59.434882</ele>
      </trkpt>
      <trkpt lat="54.828296" lon="24.286347">
        <ele>59.686684</ele>
      </trkpt>
      <trkpt lat="54.828186" lon="24.286305">
        <ele>59.920659</ele>
      </trkpt>
      <trkpt lat="54.82807" lon="24.286271">
        <ele>60.165047</ele>
      </trkpt>
      <trkpt lat="54.827955" lon="24.286232">
        <ele>60.408463</ele>
      </trkpt>
      <trkpt lat="54.827837" lon="24.286198">
        <ele>60.65695</ele>
      </trkpt>
      <trkpt lat="54.827728" lon="24.286155">
        <ele>60.889159</ele>
      </trkpt>
      <trkpt lat="54.82761" lon="24.286116">
        <ele>61.147576</ele>
      </trkpt>
      <trkpt lat="54.827493" lon="24.286075">
        <ele>61.41512</ele>
      </trkpt>
      <trkpt lat="54.82738" lon="24.286038">
        <ele>61.672875</ele>
      </trkpt>
      <trkpt lat="54.827273" lon="24.28601">
        <ele>61.915424</ele>
      </trkpt>
      <trkpt lat="54.827158" lon="24.285972">
        <ele>62.177823</ele>
      </trkpt>
      <trkpt lat="54.827044" lon="24.285947">
        <ele>62.435384</ele>
      </trkpt>
      <trkpt lat="54.826931" lon="24.285913">
        <ele>62.692449</ele>
      </trkpt>
      <trkpt lat="54.826813" lon="24.285866">
        <ele>62.963818</ele>
      </trkpt>
      <trkpt lat="54.826696" lon="24.285827">
        <ele>63.230863</ele>
      </trkpt>
      <trkpt lat="54.826577" lon="24.285784">
        <ele>63.503318</ele>
      </trkpt>
      <trkpt lat="54.826454" lon="24.285747">
        <ele>63.78313</ele>
      </trkpt>
      <trkpt lat="54.826339" lon="24.285717">
        <ele>64.043796</ele>
      </trkpt>
      <trkpt lat="54.82623" lon="24.285686">
        <ele>64.291375</ele>
      </trkpt>
      <trkpt lat="54.826122" lon="24.285657">
        <ele>64.536335</ele>
      </trkpt>
      <trkpt lat="54.826015" lon="24.285622">
        <ele>64.780395</ele>
      </trkpt>
      <trkpt lat="54.82591" lon="24.285595">
        <ele>65.01832</ele>
      </trkpt>
      <trkpt lat="54.825806" lon="24.285571">
        <ele>65.6513</ele>
      </trkpt>
      <trkpt lat="54.8257" lon="24.285532">
        <ele>66.388173</ele>
      </trkpt>
      <trkpt lat="54.825603" lon="24.2855">
        <ele>67.059634</ele>
      </trkpt>
      <trkpt lat="54.82551" lon="24.285452">
        <ele>67.71945</ele>
      </trkpt>
      <trkpt lat="54.825411" lon="24.285404">
        <ele>68.418474</ele>
      </trkpt>
      <trkpt lat="54.825298" lon="24.285312">
        <ele>69.267261</ele>
      </trkpt>
      <trkpt lat="54.825177" lon="24.285241">
        <ele>70.135869</ele>
      </trkpt>
      <trkpt lat="54.825072" lon="24.285146">
        <ele>70.941099</ele>
      </trkpt>
      <trkpt lat="54.824976" lon="24.285013">
        <ele>71.776388</ele>
      </trkpt>
      <trkpt lat="54.824883" lon="24.284885">
        <ele>72.583517</ele>
      </trkpt>
      <trkpt lat="54.824791" lon="24.284741">
        <ele>73.425953</ele>
      </trkpt>
      <trkpt lat="54.824707" lon="24.284608">
        <ele>74.199139</ele>
      </trkpt>
      <trkpt lat="54.824632" lon="24.28446">
        <ele>74.971362</ele>
      </trkpt>
      <trkpt lat="54.824547" lon="24.28432">
        <ele>75.768209</ele>
      </trkpt>
      <trkpt lat="54.824476" lon="24.284179">
        <ele>76.501881</ele>
      </trkpt>
      <trkpt lat="54.824387" lon="24.28402">
        <ele>77.308662</ele>
      </trkpt>
      <trkpt lat="54.824311" lon="24.283887">
        <ele>77.481143</ele>
      </trkpt>
      <trkpt lat="54.824246" lon="24.283756">
        <ele>77.64033</ele>
      </trkpt>
      <trkpt lat="54.824163" lon="24.283649">
        <ele>77.805565</ele>
      </trkpt>
      <trkpt lat="54.824143" lon="24.283839">
        <ele>77.9834</ele>
      </trkpt>
      <trkpt lat="54.824145" lon="24.284035">
        <ele>78.163891</ele>
      </trkpt>
      <trkpt lat="54.824146" lon="24.284197">
        <ele>78.313058</ele>
      </trkpt>
      <trkpt lat="54.824159" lon="24.284395">
        <ele>78.496543</ele>
      </trkpt>
      <trkpt lat="54.824164" lon="24.284571">
        <ele>78.658788</ele>
      </trkpt>
      <trkpt lat="54.824164" lon="24.284763">
        <ele>78.835568</ele>
      </trkpt>
      <trkpt lat="54.824171" lon="24.28497">
        <ele>79.026486</ele>
      </trkpt>
      <trkpt lat="54.824176" lon="24.28513">
        <ele>79.17402</ele>
      </trkpt>
      <trkpt lat="54.824177" lon="24.285299">
        <ele>79.329631</ele>
      </trkpt>
      <trkpt lat="54.824182" lon="24.28547">
        <ele>79.487278</ele>
      </trkpt>
      <trkpt lat="54.824186" lon="24.285647">
        <ele>79.650372</ele>
      </trkpt>
      <trkpt lat="54.824197" lon="24.285858">
        <ele>79.84544</ele>
      </trkpt>
      <trkpt lat="54.824217" lon="24.28637">
        <ele>80.156657</ele>
      </trkpt>
      <trkpt lat="54.824216" lon="24.286597">
        <ele>80.14617</ele>
      </trkpt>
      <trkpt lat="54.824225" lon="24.286782">
        <ele>80.137593</ele>
      </trkpt>
      <trkpt lat="54.82423" lon="24.28697">
        <ele>80.1289</ele>
      </trkpt>
      <trkpt lat="54.824233" lon="24.287159">
        <ele>80.120165</ele>
      </trkpt>
      <trkpt lat="54.824238" lon="24.287345">
        <ele>80.111564</ele>
      </trkpt>
      <trkpt lat="54.824239" lon="24.28753">
        <ele>80.103017</ele>
      </trkpt>
      <trkpt lat="54.824242" lon="24.287723">
        <ele>80.094098</ele>
      </trkpt>
      <trkpt lat="54.824248" lon="24.287902">
        <ele>80.085815</ele>
      </trkpt>
      <trkpt lat="54.824251" lon="24.288076">
        <ele>80.077774</ele>
      </trkpt>
      <trkpt lat="54.824257" lon="24.288259">
        <ele>80.069306</ele>
      </trkpt>
      <trkpt lat="54.824265" lon="24.288441">
        <ele>80.060875</ele>
      </trkpt>
      <trkpt lat="54.824274" lon="24.288623">
        <ele>80.052436</ele>
      </trkpt>
      <trkpt lat="54.824279" lon="24.288801">
        <ele>80.044204</ele>
      </trkpt>
      <trkpt lat="54.824284" lon="24.288984">
        <ele>80.03574</ele>
      </trkpt>
      <trkpt lat="54.824289" lon="24.289176">
        <ele>80.026862</ele>
      </trkpt>
      <trkpt lat="54.82429" lon="24.289365">
        <ele>79.954614</ele>
      </trkpt>
      <trkpt lat="54.824293" lon="24.28953">
        <ele>79.705017</ele>
      </trkpt>
      <trkpt lat="54.824303" lon="24.289763">
        <ele>79.351755</ele>
      </trkpt>
      <trkpt lat="54.824308" lon="24.289993">
        <ele>79.003758</ele>
      </trkpt>
      <trkpt lat="54.824315" lon="24.290159">
        <ele>78.752101</ele>
      </trkpt>
      <trkpt lat="54.824318" lon="24.29034">
        <ele>78.478324</ele>
      </trkpt>
      <trkpt lat="54.824323" lon="24.290527">
        <ele>78.195284</ele>
      </trkpt>
      <trkpt lat="54.824328" lon="24.290748">
        <ele>77.860884</ele>
      </trkpt>
      <trkpt lat="54.824343" lon="24.290904">
        <ele>77.621756</ele>
      </trkpt>
      <trkpt lat="54.824351" lon="24.291131">
        <ele>77.277901</ele>
      </trkpt>
      <trkpt lat="54.824358" lon="24.291343">
        <ele>76.956841</ele>
      </trkpt>
      <trkpt lat="54.824357" lon="24.291505">
        <ele>76.71189</ele>
      </trkpt>
      <trkpt lat="54.824363" lon="24.291674">
        <ele>76.455885</ele>
      </trkpt>
      <trkpt lat="54.824372" lon="24.291871">
        <ele>76.157095</ele>
      </trkpt>
      <trkpt lat="54.824377" lon="24.29209">
        <ele>75.825717</ele>
      </trkpt>
      <trkpt lat="54.824387" lon="24.292324">
        <ele>75.470948</ele>
      </trkpt>
      <trkpt lat="54.824389" lon="24.292499">
        <ele>75.382928</ele>
      </trkpt>
      <trkpt lat="54.824394" lon="24.29268">
        <ele>75.628007</ele>
      </trkpt>
      <trkpt lat="54.824401" lon="24.292857">
        <ele>75.867958</ele>
      </trkpt>
      <trkpt lat="54.824405" lon="24.29304">
        <ele>76.115639</ele>
      </trkpt>
      <trkpt lat="54.824406" lon="24.293208">
        <ele>76.342867</ele>
      </trkpt>
      <trkpt lat="54.82441" lon="24.293374">
        <ele>76.567574</ele>
      </trkpt>
      <trkpt lat="54.82441" lon="24.293538">
        <ele>76.78938</ele>
      </trkpt>
      <trkpt lat="54.824413" lon="24.293699">
        <ele>77.007242</ele>
      </trkpt>
      <trkpt lat="54.82442" lon="24.293862">
        <ele>77.228307</ele>
      </trkpt>
      <trkpt lat="54.824428" lon="24.294032">
        <ele>77.458994</ele>
      </trkpt>
      <trkpt lat="54.824435" lon="24.294193">
        <ele>77.677361</ele>
      </trkpt>
      <trkpt lat="54.824443" lon="24.294421">
        <ele>77.986297</ele>
      </trkpt>
      <trkpt lat="54.824452" lon="24.294641">
        <ele>78.28459</ele>
      </trkpt>
      <trkpt lat="54.824454" lon="24.294847">
        <ele>78.563239</ele>
      </trkpt>
      <trkpt lat="54.824458" lon="24.295013">
        <ele>78.787946</ele>
      </trkpt>
      <trkpt lat="54.824467" lon="24.295175">
        <ele>79.008063</ele>
      </trkpt>
      <trkpt lat="54.824471" lon="24.295353">
        <ele>79.248986</ele>
      </trkpt>
      <trkpt lat="54.824475" lon="24.295538">
        <ele>79.49937</ele>
      </trkpt>
      <trkpt lat="54.824478" lon="24.295741">
        <ele>79.680847</ele>
      </trkpt>
      <trkpt lat="54.824482" lon="24.295961">
        <ele>79.868393</ele>
      </trkpt>
      <trkpt lat="54.824494" lon="24.29619">
        <ele>80.064321</ele>
      </trkpt>
      <trkpt lat="54.824507" lon="24.296422">
        <ele>80.262932</ele>
      </trkpt>
      <trkpt lat="54.824515" lon="24.296645">
        <ele>80.453309</ele>
      </trkpt>
      <trkpt lat="54.82453" lon="24.296865">
        <ele>80.642071</ele>
      </trkpt>
      <trkpt lat="54.824549" lon="24.297068">
        <ele>80.817307</ele>
      </trkpt>
      <trkpt lat="54.824567" lon="24.297253">
        <ele>80.977171</ele>
      </trkpt>
      <trkpt lat="54.824592" lon="24.297434">
        <ele>81.135764</ele>
      </trkpt>
      <trkpt lat="54.824621" lon="24.297604">
        <ele>81.286831</ele>
      </trkpt>
      <trkpt lat="54.824653" lon="24.297787">
        <ele>81.449783</ele>
      </trkpt>
      <trkpt lat="54.824687" lon="24.297957">
        <ele>81.603113</ele>
      </trkpt>
      <trkpt lat="54.824724" lon="24.298154">
        <ele>81.779664</ele>
      </trkpt>
      <trkpt lat="54.824756" lon="24.298344">
        <ele>81.948332</ele>
      </trkpt>
      <trkpt lat="54.824784" lon="24.298519">
        <ele>82.103085</ele>
      </trkpt>
      <trkpt lat="54.824814" lon="24.29869">
        <ele>82.223325</ele>
      </trkpt>
      <trkpt lat="54.824847" lon="24.29887">
        <ele>82.313454</ele>
      </trkpt>
      <trkpt lat="54.824877" lon="24.29906">
        <ele>82.407453</ele>
      </trkpt>
      <trkpt lat="54.824907" lon="24.299239">
        <ele>82.496402</ele>
      </trkpt>
      <trkpt lat="54.824941" lon="24.299431">
        <ele>82.592243</ele>
      </trkpt>
      <trkpt lat="54.824976" lon="24.29962">
        <ele>82.686967</ele>
      </trkpt>
      <trkpt lat="54.825012" lon="24.299812">
        <ele>82.783307</ele>
      </trkpt>
      <trkpt lat="54.825049" lon="24.300006">
        <ele>82.880812</ele>
      </trkpt>
      <trkpt lat="54.825085" lon="24.300205">
        <ele>82.980334</ele>
      </trkpt>
      <trkpt lat="54.825124" lon="24.300398">
        <ele>83.077922</ele>
      </trkpt>
      <trkpt lat="54.825162" lon="24.300583">
        <ele>83.171635</ele>
      </trkpt>
      <trkpt lat="54.825197" lon="24.300774">
        <ele>83.267267</ele>
      </trkpt>
      <trkpt lat="54.825228" lon="24.300963">
        <ele>83.361029</ele>
      </trkpt>
      <trkpt lat="54.825262" lon="24.301148">
        <ele>83.453682</ele>
      </trkpt>
      <trkpt lat="54.825292" lon="24.301324">
        <ele>83.541256</ele>
      </trkpt>
      <trkpt lat="54.825319" lon="24.301514">
        <ele>83.634629</ele>
      </trkpt>
      <trkpt lat="54.825351" lon="24.301702">
        <ele>83.724951</ele>
      </trkpt>
      <trkpt lat="54.825386" lon="24.301886">
        <ele>83.812094</ele>
      </trkpt>
      <trkpt lat="54.825425" lon="24.302075">
        <ele>83.902379</ele>
      </trkpt>
      <trkpt lat="54.825461" lon="24.302264">
        <ele>83.991901</ele>
      </trkpt>
      <trkpt lat="54.825498" lon="24.302484">
        <ele>84.09497</ele>
      </trkpt>
      <trkpt lat="54.825536" lon="24.3027">
        <ele>84.196537</ele>
      </trkpt>
      <trkpt lat="54.825576" lon="24.302916">
        <ele>84.298572</ele>
      </trkpt>
      <trkpt lat="54.825609" lon="24.303109">
        <ele>84.38911</ele>
      </trkpt>
      <trkpt lat="54.825646" lon="24.30331">
        <ele>84.484006</ele>
      </trkpt>
      <trkpt lat="54.825683" lon="24.30351">
        <ele>84.578473</ele>
      </trkpt>
      <trkpt lat="54.825721" lon="24.303714">
        <ele>84.674892</ele>
      </trkpt>
      <trkpt lat="54.825755" lon="24.303905">
        <ele>84.764795</ele>
      </trkpt>
      <trkpt lat="54.825789" lon="24.304096">
        <ele>84.854698</ele>
      </trkpt>
      <trkpt lat="54.825824" lon="24.30429">
        <ele>84.946121</ele>
      </trkpt>
      <trkpt lat="54.825865" lon="24.304475">
        <ele>85.035263</ele>
      </trkpt>
      <trkpt lat="54.825902" lon="24.304656">
        <ele>84.911629</ele>
      </trkpt>
      <trkpt lat="54.825939" lon="24.30483">
        <ele>84.60793</ele>
      </trkpt>
      <trkpt lat="54.825975" lon="24.305009">
        <ele>84.297487</ele>
      </trkpt>
      <trkpt lat="54.826013" lon="24.305186">
        <ele>83.988195</ele>
      </trkpt>
      <trkpt lat="54.826058" lon="24.30533">
        <ele>83.719951</ele>
      </trkpt>
      <trkpt lat="54.826134" lon="24.305511">
        <ele>83.353209</ele>
      </trkpt>
      <trkpt lat="54.8262" lon="24.305645">
        <ele>83.064533</ele>
      </trkpt>
      <trkpt lat="54.826285" lon="24.305759">
        <ele>82.759221</ele>
      </trkpt>
      <trkpt lat="54.826372" lon="24.305875">
        <ele>82.447408</ele>
      </trkpt>
      <trkpt lat="54.82645" lon="24.305996">
        <ele>82.150075</ele>
      </trkpt>
      <trkpt lat="54.826541" lon="24.306117">
        <ele>81.824258</ele>
      </trkpt>
      <trkpt lat="54.826639" lon="24.30623">
        <ele>81.489853</ele>
      </trkpt>
      <trkpt lat="54.826727" lon="24.306339">
        <ele>81.182578</ele>
      </trkpt>
      <trkpt lat="54.826807" lon="24.306445">
        <ele>80.896517</ele>
      </trkpt>
      <trkpt lat="54.826888" lon="24.306546">
        <ele>80.613046</ele>
      </trkpt>
      <trkpt lat="54.826976" lon="24.306639">
        <ele>80.320209</ele>
      </trkpt>
      <trkpt lat="54.827064" lon="24.306733">
        <ele>80.026519</ele>
      </trkpt>
      <trkpt lat="54.827145" lon="24.306831">
        <ele>79.711248</ele>
      </trkpt>
      <trkpt lat="54.82723" lon="24.30693">
        <ele>79.374085</ele>
      </trkpt>
      <trkpt lat="54.827316" lon="24.307032">
        <ele>79.031004</ele>
      </trkpt>
      <trkpt lat="54.827401" lon="24.307142">
        <ele>78.681784</ele>
      </trkpt>
      <trkpt lat="54.827491" lon="24.307252">
        <ele>78.319225</ele>
      </trkpt>
      <trkpt lat="54.827571" lon="24.307361">
        <ele>77.98424</ele>
      </trkpt>
      <trkpt lat="54.82765" lon="24.307464">
        <ele>77.658801</ele>
      </trkpt>
      <trkpt lat="54.827762" lon="24.307604">
        <ele>77.204195</ele>
      </trkpt>
      <trkpt lat="54.827831" lon="24.307704">
        <ele>76.908121</ele>
      </trkpt>
      <trkpt lat="54.827905" lon="24.307842">
        <ele>76.550382</ele>
      </trkpt>
      <trkpt lat="54.827968" lon="24.308047">
        <ele>76.109517</ele>
      </trkpt>
      <trkpt lat="54.828012" lon="24.308204">
        <ele>75.778237</ele>
      </trkpt>
      <trkpt lat="54.828059" lon="24.308343">
        <ele>75.472415</ele>
      </trkpt>
      <trkpt lat="54.828105" lon="24.308531">
        <ele>75.084854</ele>
      </trkpt>
      <trkpt lat="54.828152" lon="24.308702">
        <ele>74.725354</ele>
      </trkpt>
      <trkpt lat="54.828176" lon="24.308867">
        <ele>74.402455</ele>
      </trkpt>
      <trkpt lat="54.828191" lon="24.309084">
        <ele>74.191629</ele>
      </trkpt>
      <trkpt lat="54.828196" lon="24.309296">
        <ele>75.381493</ele>
      </trkpt>
      <trkpt lat="54.828189" lon="24.309488">
        <ele>76.460358</ele>
      </trkpt>
      <trkpt lat="54.828183" lon="24.30968">
        <ele>77.538652</ele>
      </trkpt>
      <trkpt lat="54.828164" lon="24.309848">
        <ele>78.49876</ele>
      </trkpt>
      <trkpt lat="54.82813" lon="24.310065">
        <ele>79.759882</ele>
      </trkpt>
      <trkpt lat="54.828111" lon="24.310238">
        <ele>80.747521</ele>
      </trkpt>
      <trkpt lat="54.828102" lon="24.310413">
        <ele>81.732803</ele>
      </trkpt>
      <trkpt lat="54.828098" lon="24.310605">
        <ele>82.81022</ele>
      </trkpt>
      <trkpt lat="54.828083" lon="24.310825">
        <ele>84.052566</ele>
      </trkpt>
      <trkpt lat="54.828067" lon="24.311034">
        <ele>85.234919</ele>
      </trkpt>
      <trkpt lat="54.828053" lon="24.311269">
        <ele>86.559801</ele>
      </trkpt>
      <trkpt lat="54.828044" lon="24.311435">
        <ele>87.494825</ele>
      </trkpt>
      <trkpt lat="54.828029" lon="24.311611">
        <ele>88.492558</ele>
      </trkpt>
      <trkpt lat="54.828017" lon="24.3118">
        <ele>89.558868</ele>
      </trkpt>
      <trkpt lat="54.828006" lon="24.311997">
        <ele>90.668801</ele>
      </trkpt>
      <trkpt lat="54.827993" lon="24.31219">
        <ele>91.617946</ele>
      </trkpt>
      <trkpt lat="54.827982" lon="24.312378">
        <ele>91.964114</ele>
      </trkpt>
      <trkpt lat="54.827974" lon="24.312537">
        <ele>92.256493</ele>
      </trkpt>
      <trkpt lat="54.827963" lon="24.3127">
        <ele>92.557134</ele>
      </trkpt>
      <trkpt lat="54.827961" lon="24.312861">
        <ele>92.852137</ele>
      </trkpt>
      <trkpt lat="54.827948" lon="24.313021">
        <ele>93.14814</ele>
      </trkpt>
      <trkpt lat="54.827937" lon="24.313207">
        <ele>93.490663</ele>
      </trkpt>
      <trkpt lat="54.827923" lon="24.313412">
        <ele>93.868831</ele>
      </trkpt>
      <trkpt lat="54.827912" lon="24.313625">
        <ele>94.260589</ele>
      </trkpt>
      <trkpt lat="54.827899" lon="24.313833">
        <ele>94.64386</ele>
      </trkpt>
      <trkpt lat="54.827884" lon="24.314045">
        <ele>95.03514</ele>
      </trkpt>
      <trkpt lat="54.827874" lon="24.314259">
        <ele>95.428453</ele>
      </trkpt>
      <trkpt lat="54.82786" lon="24.314465">
        <ele>95.808441</ele>
      </trkpt>
      <trkpt lat="54.827845" lon="24.314679">
        <ele>96.203358</ele>
      </trkpt>
      <trkpt lat="54.827829" lon="24.31491">
        <ele>96.629574</ele>
      </trkpt>
      <trkpt lat="54.827816" lon="24.315133">
        <ele>97.040174</ele>
      </trkpt>
      <trkpt lat="54.827804" lon="24.315342">
        <ele>97.316396</ele>
      </trkpt>
      <trkpt lat="54.827795" lon="24.315549">
        <ele>97.430665</ele>
      </trkpt>
      <trkpt lat="54.82779" lon="24.315751">
        <ele>97.54196</ele>
      </trkpt>
      <trkpt lat="54.827781" lon="24.315963">
        <ele>97.658973</ele>
      </trkpt>
      <trkpt lat="54.827766" lon="24.316159">
        <ele>97.767811</ele>
      </trkpt>
      <trkpt lat="54.827757" lon="24.316361">
        <ele>97.879336</ele>
      </trkpt>
      <trkpt lat="54.827743" lon="24.31657">
        <ele>97.995157</ele>
      </trkpt>
      <trkpt lat="54.827732" lon="24.316783">
        <ele>98.112875</ele>
      </trkpt>
      <trkpt lat="54.827724" lon="24.316991">
        <ele>98.227625</ele>
      </trkpt>
      <trkpt lat="54.827715" lon="24.317193">
        <ele>98.33915</ele>
      </trkpt>
      <trkpt lat="54.82771" lon="24.317399">
        <ele>98.452645</ele>
      </trkpt>
      <trkpt lat="54.827697" lon="24.317607">
        <ele>98.567812</ele>
      </trkpt>
      <trkpt lat="54.827682" lon="24.317796">
        <ele>98.672832</ele>
      </trkpt>
      <trkpt lat="54.827671" lon="24.31798">
        <ele>98.77466</ele>
      </trkpt>
      <trkpt lat="54.827658" lon="24.318167">
        <ele>98.878343</ele>
      </trkpt>
      <trkpt lat="54.827648" lon="24.318354">
        <ele>98.981722</ele>
      </trkpt>
      <trkpt lat="54.82764" lon="24.318574">
        <ele>99.113873</ele>
      </trkpt>
      <trkpt lat="54.82763" lon="24.318795">
        <ele>99.247417</ele>
      </trkpt>
      <trkpt lat="54.827618" lon="24.31901">
        <ele>99.377543</ele>
      </trkpt>
      <trkpt lat="54.827613" lon="24.319208">
        <ele>99.496936</ele>
      </trkpt>
      <trkpt lat="54.827601" lon="24.319412">
        <ele>99.620468</ele>
      </trkpt>
      <trkpt lat="54.827586" lon="24.319607">
        <ele>99.738982</ele>
      </trkpt>
      <trkpt lat="54.827574" lon="24.319795">
        <ele>99.852929</ele>
      </trkpt>
      <trkpt lat="54.827566" lon="24.319999">
        <ele>99.976107</ele>
      </trkpt>
      <trkpt lat="54.827555" lon="24.320209">
        <ele>100.103137</ele>
      </trkpt>
      <trkpt lat="54.827545" lon="24.320422">
        <ele>100.231877</ele>
      </trkpt>
      <trkpt lat="54.82753" lon="24.320641">
        <ele>100.364736</ele>
      </trkpt>
      <trkpt lat="54.827517" lon="24.32087">
        <ele>100.503358</ele>
      </trkpt>
      <trkpt lat="54.827503" lon="24.321088">
        <ele>100.635498</ele>
      </trkpt>
      <trkpt lat="54.827491" lon="24.3213">
        <ele>100.763826</ele>
      </trkpt>
      <trkpt lat="54.827482" lon="24.3215">
        <ele>100.867448</ele>
      </trkpt>
      <trkpt lat="54.827469" lon="24.321702">
        <ele>100.850398</ele>
      </trkpt>
      <trkpt lat="54.827453" lon="24.321906">
        <ele>100.833129</ele>
      </trkpt>
      <trkpt lat="54.827431" lon="24.322109">
        <ele>100.815803</ele>
      </trkpt>
      <trkpt lat="54.827407" lon="24.322316">
        <ele>100.798091</ele>
      </trkpt>
      <trkpt lat="54.827386" lon="24.322518">
        <ele>100.780874</ele>
      </trkpt>
      <trkpt lat="54.827361" lon="24.322718">
        <ele>100.763707</ele>
      </trkpt>
      <trkpt lat="54.827335" lon="24.322919">
        <ele>100.746427</ele>
      </trkpt>
      <trkpt lat="54.827303" lon="24.323151">
        <ele>100.726417</ele>
      </trkpt>
      <trkpt lat="54.827274" lon="24.32339">
        <ele>100.705929</ele>
      </trkpt>
      <trkpt lat="54.827245" lon="24.323623">
        <ele>100.685934</ele>
      </trkpt>
      <trkpt lat="54.827221" lon="24.323862">
        <ele>100.665584</ele>
      </trkpt>
      <trkpt lat="54.827186" lon="24.324107">
        <ele>100.644411</ele>
      </trkpt>
      <trkpt lat="54.827152" lon="24.324354">
        <ele>100.623109</ele>
      </trkpt>
      <trkpt lat="54.827121" lon="24.324601">
        <ele>100.555319</ele>
      </trkpt>
      <trkpt lat="54.827091" lon="24.324848">
        <ele>100.362271</ele>
      </trkpt>
      <trkpt lat="54.827061" lon="24.325064">
        <ele>100.192351</ele>
      </trkpt>
      <trkpt lat="54.827034" lon="24.32528">
        <ele>100.023319</ele>
      </trkpt>
      <trkpt lat="54.827009" lon="24.325508">
        <ele>99.845823</ele>
      </trkpt>
      <trkpt lat="54.826984" lon="24.325731">
        <ele>99.672083</ele>
      </trkpt>
      <trkpt lat="54.826963" lon="24.325939">
        <ele>99.510589</ele>
      </trkpt>
      <trkpt lat="54.82694" lon="24.326146">
        <ele>99.349366</ele>
      </trkpt>
      <trkpt lat="54.82692" lon="24.326354">
        <ele>99.188095</ele>
      </trkpt>
      <trkpt lat="54.826897" lon="24.326563">
        <ele>99.02537</ele>
      </trkpt>
      <trkpt lat="54.82687" lon="24.326776">
        <ele>98.858579</ele>
      </trkpt>
      <trkpt lat="54.826839" lon="24.327002">
        <ele>98.68091</ele>
      </trkpt>
      <trkpt lat="54.826804" lon="24.327225">
        <ele>98.504152</ele>
      </trkpt>
      <trkpt lat="54.826768" lon="24.327457">
        <ele>98.320403</ele>
      </trkpt>
      <trkpt lat="54.826734" lon="24.327702">
        <ele>97.986307</ele>
      </trkpt>
      <trkpt lat="54.826701" lon="24.327938">
        <ele>97.515496</ele>
      </trkpt>
      <trkpt lat="54.826669" lon="24.328189">
        <ele>97.017115</ele>
      </trkpt>
      <trkpt lat="54.826633" lon="24.328445">
        <ele>96.506242</ele>
      </trkpt>
      <trkpt lat="54.826605" lon="24.328703">
        <ele>95.997266</ele>
      </trkpt>
      <trkpt lat="54.826578" lon="24.328949">
        <ele>95.511774</ele>
      </trkpt>
      <trkpt lat="54.826553" lon="24.32918">
        <ele>95.056106</ele>
      </trkpt>
      <trkpt lat="54.826531" lon="24.329408">
        <ele>94.60793</ele>
      </trkpt>
      <trkpt lat="54.826514" lon="24.329627">
        <ele>94.179523</ele>
      </trkpt>
      <trkpt lat="54.826487" lon="24.329842">
        <ele>93.752918</ele>
      </trkpt>
      <trkpt lat="54.826458" lon="24.330044">
        <ele>93.349327</ele>
      </trkpt>
      <trkpt lat="54.826427" lon="24.330233">
        <ele>92.968353</ele>
      </trkpt>
      <trkpt lat="54.826396" lon="24.330431">
        <ele>92.57057</ele>
      </trkpt>
      <trkpt lat="54.826351" lon="24.330625">
        <ele>92.163948</ele>
      </trkpt>
      <trkpt lat="54.826295" lon="24.330824">
        <ele>91.383094</ele>
      </trkpt>
      <trkpt lat="54.82625" lon="24.331031">
        <ele>90.603035</ele>
      </trkpt>
      <trkpt lat="54.826205" lon="24.331238">
        <ele>89.822975</ele>
      </trkpt>
      <trkpt lat="54.826152" lon="24.331447">
        <ele>89.017864</ele>
      </trkpt>
      <trkpt lat="54.826088" lon="24.331633">
        <ele>88.254003</ele>
      </trkpt>
      <trkpt lat="54.826039" lon="24.331811">
        <ele>87.55845</ele>
      </trkpt>
      <trkpt lat="54.825977" lon="24.332">
        <ele>86.791618</ele>
      </trkpt>
      <trkpt lat="54.825913" lon="24.332191">
        <ele>86.012568</ele>
      </trkpt>
      <trkpt lat="54.825859" lon="24.332372">
        <ele>85.293905</ele>
      </trkpt>
      <trkpt lat="54.825817" lon="24.33252">
        <ele>84.712215</ele>
      </trkpt>
      <trkpt lat="54.825763" lon="24.332721">
        <ele>83.930262</ele>
      </trkpt>
      <trkpt lat="54.825721" lon="24.332905">
        <ele>83.232453</ele>
      </trkpt>
      <trkpt lat="54.825673" lon="24.333067">
        <ele>82.590158</ele>
      </trkpt>
      <trkpt lat="54.825624" lon="24.333255">
        <ele>81.862629</ele>
      </trkpt>
      <trkpt lat="54.825533" lon="24.333416">
        <ele>81.093894</ele>
      </trkpt>
      <trkpt lat="54.825447" lon="24.333517">
        <ele>80.644048</ele>
      </trkpt>
      <trkpt lat="54.825353" lon="24.333624">
        <ele>80.157052</ele>
      </trkpt>
      <trkpt lat="54.825249" lon="24.333723">
        <ele>79.643181</ele>
      </trkpt>
      <trkpt lat="54.825151" lon="24.333829">
        <ele>79.142928</ele>
      </trkpt>
      <trkpt lat="54.825051" lon="24.333917">
        <ele>78.657196</ele>
      </trkpt>
      <trkpt lat="54.824955" lon="24.334019">
        <ele>78.16956</ele>
      </trkpt>
      <trkpt lat="54.824857" lon="24.334098">
        <ele>77.701435</ele>
      </trkpt>
      <trkpt lat="54.824764" lon="24.334156">
        <ele>77.273306</ele>
      </trkpt>
      <trkpt lat="54.824658" lon="24.33418">
        <ele>76.810181</ele>
      </trkpt>
      <trkpt lat="54.82455" lon="24.334201">
        <ele>76.339354</ele>
      </trkpt>
      <trkpt lat="54.82443" lon="24.334206">
        <ele>75.819315</ele>
      </trkpt>
      <trkpt lat="54.824314" lon="24.33424">
        <ele>75.309641</ele>
      </trkpt>
      <trkpt lat="54.82421" lon="24.334277">
        <ele>74.849704</ele>
      </trkpt>
      <trkpt lat="54.824087" lon="24.334338">
        <ele>74.295495</ele>
      </trkpt>
      <trkpt lat="54.823998" lon="24.334404">
        <ele>73.876198</ele>
      </trkpt>
      <trkpt lat="54.823899" lon="24.334482">
        <ele>73.405175</ele>
      </trkpt>
      <trkpt lat="54.823802" lon="24.334559">
        <ele>73.185502</ele>
      </trkpt>
      <trkpt lat="54.823716" lon="24.334609">
        <ele>73.017975</ele>
      </trkpt>
      <trkpt lat="54.823623" lon="24.334588">
        <ele>72.844745</ele>
      </trkpt>
      <trkpt lat="54.823415" lon="24.334796">
        <ele>72.401348</ele>
      </trkpt>
      <trkpt lat="54.823324" lon="24.334868">
        <ele>72.216621</ele>
      </trkpt>
      <trkpt lat="54.823225" lon="24.334951">
        <ele>72.013544</ele>
      </trkpt>
      <trkpt lat="54.823124" lon="24.335034">
        <ele>71.807133</ele>
      </trkpt>
      <trkpt lat="54.822996" lon="24.335144">
        <ele>71.543311</ele>
      </trkpt>
      <trkpt lat="54.822908" lon="24.335239">
        <ele>71.351892</ele>
      </trkpt>
      <trkpt lat="54.822822" lon="24.335304">
        <ele>71.178633</ele>
      </trkpt>
      <trkpt lat="54.822739" lon="24.335367">
        <ele>71.011305</ele>
      </trkpt>
      <trkpt lat="54.822654" lon="24.335443">
        <ele>70.834694</ele>
      </trkpt>
      <trkpt lat="54.822569" lon="24.335506">
        <ele>70.663974</ele>
      </trkpt>
      <trkpt lat="54.822454" lon="24.335597">
        <ele>70.430523</ele>
      </trkpt>
      <trkpt lat="54.822341" lon="24.335696">
        <ele>70.196717</ele>
      </trkpt>
      <trkpt lat="54.822228" lon="24.335816">
        <ele>70.023474</ele>
      </trkpt>
      <trkpt lat="54.822153" lon="24.335904">
        <ele>69.987062</ele>
      </trkpt>
      <trkpt lat="54.822061" lon="24.336021">
        <ele>69.941189</ele>
      </trkpt>
      <trkpt lat="54.821957" lon="24.336122">
        <ele>69.893256</ele>
      </trkpt>
      <trkpt lat="54.821868" lon="24.33618">
        <ele>69.855019</ele>
      </trkpt>
      <trkpt lat="54.821769" lon="24.336224">
        <ele>69.813914</ele>
      </trkpt>
      <trkpt lat="54.821667" lon="24.336258">
        <ele>69.772138</ele>
      </trkpt>
      <trkpt lat="54.821576" lon="24.336292">
        <ele>69.734698</ele>
      </trkpt>
      <trkpt lat="54.82148" lon="24.336317">
        <ele>69.695653</ele>
      </trkpt>
      <trkpt lat="54.821392" lon="24.336349">
        <ele>69.659489</ele>
      </trkpt>
      <trkpt lat="54.821303" lon="24.336376">
        <ele>69.623149</ele>
      </trkpt>
      <trkpt lat="54.82121" lon="24.336404">
        <ele>69.585184</ele>
      </trkpt>
      <trkpt lat="54.821076" lon="24.336447">
        <ele>69.530373</ele>
      </trkpt>
      <trkpt lat="54.820982" lon="24.336479">
        <ele>69.491845</ele>
      </trkpt>
      <trkpt lat="54.820886" lon="24.336518">
        <ele>69.452188</ele>
      </trkpt>
      <trkpt lat="54.820792" lon="24.336545">
        <ele>69.413865</ele>
      </trkpt>
      <trkpt lat="54.820693" lon="24.33658">
        <ele>69.373228</ele>
      </trkpt>
      <trkpt lat="54.82058" lon="24.336605">
        <ele>69.32741</ele>
      </trkpt>
      <trkpt lat="54.820513" lon="24.336741">
        <ele>69.620763</ele>
      </trkpt>
      <trkpt lat="54.82058" lon="24.336893">
        <ele>70.013519</ele>
      </trkpt>
      <trkpt lat="54.820654" lon="24.337047">
        <ele>70.425049</ele>
      </trkpt>
      <trkpt lat="54.820729" lon="24.337203">
        <ele>70.842012</ele>
      </trkpt>
      <trkpt lat="54.820819" lon="24.337355">
        <ele>71.289304</ele>
      </trkpt>
      <trkpt lat="54.820877" lon="24.337482">
        <ele>71.621881</ele>
      </trkpt>
      <trkpt lat="54.820948" lon="24.337611">
        <ele>71.987997</ele>
      </trkpt>
      <trkpt lat="54.821018" lon="24.337737">
        <ele>72.347203</ele>
      </trkpt>
      <trkpt lat="54.821086" lon="24.337857">
        <ele>72.692618</ele>
      </trkpt>
      <trkpt lat="54.821146" lon="24.337978">
        <ele>73.020237</ele>
      </trkpt>
      <trkpt lat="54.821225" lon="24.338161">
        <ele>73.489511</ele>
      </trkpt>
      <trkpt lat="54.821313" lon="24.338348">
        <ele>73.98501</ele>
      </trkpt>
      <trkpt lat="54.821382" lon="24.338487">
        <ele>74.361537</ele>
      </trkpt>
      <trkpt lat="54.821448" lon="24.338601">
        <ele>74.693196</ele>
      </trkpt>
      <trkpt lat="54.821511" lon="24.338716">
        <ele>75.018851</ele>
      </trkpt>
      <trkpt lat="54.821569" lon="24.338839">
        <ele>75.345032</ele>
      </trkpt>
      <trkpt lat="54.821629" lon="24.338958">
        <ele>75.669549</ele>
      </trkpt>
      <trkpt lat="54.821693" lon="24.339086">
        <ele>75.623651</ele>
      </trkpt>
      <trkpt lat="54.821757" lon="24.339219">
        <ele>75.497688</ele>
      </trkpt>
      <trkpt lat="54.821828" lon="24.339348">
        <ele>75.368006</ele>
      </trkpt>
      <trkpt lat="54.8219" lon="24.339497">
        <ele>75.226646</ele>
      </trkpt>
      <trkpt lat="54.821972" lon="24.339635">
        <ele>75.091314</ele>
      </trkpt>
      <trkpt lat="54.822046" lon="24.339772">
        <ele>74.954807</ele>
      </trkpt>
      <trkpt lat="54.822115" lon="24.339914">
        <ele>74.819778</ele>
      </trkpt>
      <trkpt lat="54.822171" lon="24.340066">
        <ele>74.688631</ele>
      </trkpt>
      <trkpt lat="54.822232" lon="24.340205">
        <ele>74.561619</ele>
      </trkpt>
      <trkpt lat="54.8223" lon="24.340341">
        <ele>74.430725</ele>
      </trkpt>
      <trkpt lat="54.822371" lon="24.340475">
        <ele>74.298392</ele>
      </trkpt>
      <trkpt lat="54.822442" lon="24.340593">
        <ele>74.17437</ele>
      </trkpt>
      <trkpt lat="54.822541" lon="24.340757">
        <ele>74.001706</ele>
      </trkpt>
      <trkpt lat="54.822624" lon="24.340929">
        <ele>73.838619</ele>
      </trkpt>
      <trkpt lat="54.8227" lon="24.341105">
        <ele>73.678741</ele>
      </trkpt>
      <trkpt lat="54.822764" lon="24.341294">
        <ele>73.519388</ele>
      </trkpt>
      <trkpt lat="54.82281" lon="24.341455">
        <ele>73.292515</ele>
      </trkpt>
      <trkpt lat="54.822851" lon="24.341617">
        <ele>72.983242</ele>
      </trkpt>
      <trkpt lat="54.822888" lon="24.341796">
        <ele>72.650846</ele>
      </trkpt>
      <trkpt lat="54.822921" lon="24.341999">
        <ele>72.282175</ele>
      </trkpt>
      <trkpt lat="54.822954" lon="24.342197">
        <ele>71.921908</ele>
      </trkpt>
      <trkpt lat="54.82298" lon="24.342405">
        <ele>71.549894</ele>
      </trkpt>
      <trkpt lat="54.823005" lon="24.342621">
        <ele>71.164813</ele>
      </trkpt>
      <trkpt lat="54.823031" lon="24.342835">
        <ele>70.782545</ele>
      </trkpt>
      <trkpt lat="54.823062" lon="24.343044">
        <ele>70.40533</ele>
      </trkpt>
      <trkpt lat="54.823089" lon="24.343245">
        <ele>70.044587</ele>
      </trkpt>
      <trkpt lat="54.823121" lon="24.343439">
        <ele>69.691879</ele>
      </trkpt>
      <trkpt lat="54.823165" lon="24.343631">
        <ele>69.330715</ele>
      </trkpt>
      <trkpt lat="54.8232" lon="24.343828">
        <ele>68.970387</ele>
      </trkpt>
      <trkpt lat="54.82323" lon="24.343991">
        <ele>68.671302</ele>
      </trkpt>
      <trkpt lat="54.823287" lon="24.344222">
        <ele>68.232074</ele>
      </trkpt>
      <trkpt lat="54.823332" lon="24.344408">
        <ele>67.952712</ele>
      </trkpt>
      <trkpt lat="54.823371" lon="24.344562">
        <ele>67.836866</ele>
      </trkpt>
      <trkpt lat="54.823411" lon="24.344736">
        <ele>67.707853</ele>
      </trkpt>
      <trkpt lat="54.823452" lon="24.344898">
        <ele>67.586002</ele>
      </trkpt>
      <trkpt lat="54.823486" lon="24.345085">
        <ele>67.450964</ele>
      </trkpt>
      <trkpt lat="54.823532" lon="24.345275">
        <ele>67.309037</ele>
      </trkpt>
      <trkpt lat="54.823568" lon="24.345459">
        <ele>67.175218</ele>
      </trkpt>
      <trkpt lat="54.82361" lon="24.345617">
        <ele>67.055388</ele>
      </trkpt>
      <trkpt lat="54.82365" lon="24.345826">
        <ele>66.903727</ele>
      </trkpt>
      <trkpt lat="54.823623" lon="24.345999">
        <ele>66.780298</ele>
      </trkpt>
      <trkpt lat="54.823698" lon="24.346118">
        <ele>66.658836</ele>
      </trkpt>
      <trkpt lat="54.823722" lon="24.346284">
        <ele>66.540976</ele>
      </trkpt>
      <trkpt lat="54.823753" lon="24.346433">
        <ele>66.431882</ele>
      </trkpt>
      <trkpt lat="54.823786" lon="24.346601">
        <ele>66.30965</ele>
      </trkpt>
      <trkpt lat="54.823815" lon="24.346764">
        <ele>66.192171</ele>
      </trkpt>
      <trkpt lat="54.82384" lon="24.346925">
        <ele>66.077343</ele>
      </trkpt>
      <trkpt lat="54.82387" lon="24.347082">
        <ele>65.963435</ele>
      </trkpt>
      <trkpt lat="54.823912" lon="24.347223">
        <ele>65.854125</ele>
      </trkpt>
      <trkpt lat="54.82398" lon="24.347351">
        <ele>65.864841</ele>
      </trkpt>
      <trkpt lat="54.823996" lon="24.347506">
        <ele>65.878426</ele>
      </trkpt>
      <trkpt lat="54.824032" lon="24.347651">
        <ele>65.892048</ele>
      </trkpt>
      <trkpt lat="54.824075" lon="24.347815">
        <ele>65.907593</ele>
      </trkpt>
      <trkpt lat="54.824091" lon="24.347989">
        <ele>65.922794</ele>
      </trkpt>
      <trkpt lat="54.824143" lon="24.34812">
        <ele>65.936518</ele>
      </trkpt>
      <trkpt lat="54.824195" lon="24.34826">
        <ele>65.950889</ele>
      </trkpt>
      <trkpt lat="54.824237" lon="24.348429">
        <ele>65.966768</ele>
      </trkpt>
      <trkpt lat="54.82427" lon="24.348578">
        <ele>65.980539</ele>
      </trkpt>
      <trkpt lat="54.824301" lon="24.348748">
        <ele>65.995923</ele>
      </trkpt>
      <trkpt lat="54.82432" lon="24.348911">
        <ele>66.01027</ele>
      </trkpt>
      <trkpt lat="54.824326" lon="24.349082">
        <ele>66.025049</ele>
      </trkpt>
      <trkpt lat="54.824346" lon="24.349235">
        <ele>66.038584</ele>
      </trkpt>
      <trkpt lat="54.824396" lon="24.349369">
        <ele>66.052358</ele>
      </trkpt>
      <trkpt lat="54.82443" lon="24.349527">
        <ele>66.066908</ele>
      </trkpt>
      <trkpt lat="54.824483" lon="24.349857">
        <ele>66.096463</ele>
      </trkpt>
      <trkpt lat="54.824512" lon="24.350032">
        <ele>66.112173</ele>
      </trkpt>
      <trkpt lat="54.82454" lon="24.350189">
        <ele>66.198118</ele>
      </trkpt>
      <trkpt lat="54.824575" lon="24.350361">
        <ele>66.382435</ele>
      </trkpt>
      <trkpt lat="54.824631" lon="24.350547">
        <ele>66.594493</ele>
      </trkpt>
      <trkpt lat="54.824679" lon="24.350737">
        <ele>66.804123</ele>
      </trkpt>
      <trkpt lat="54.824737" lon="24.350916">
        <ele>67.011636</ele>
      </trkpt>
      <trkpt lat="54.824787" lon="24.351104">
        <ele>67.220862</ele>
      </trkpt>
      <trkpt lat="54.824852" lon="24.351286">
        <ele>67.437231</ele>
      </trkpt>
      <trkpt lat="54.824909" lon="24.351494">
        <ele>67.669966</ele>
      </trkpt>
      <trkpt lat="54.824964" lon="24.351688">
        <ele>67.888439</ele>
      </trkpt>
      <trkpt lat="54.824998" lon="24.351856">
        <ele>68.06836</ele>
      </trkpt>
      <trkpt lat="54.825029" lon="24.352045">
        <ele>68.266918</ele>
      </trkpt>
      <trkpt lat="54.825071" lon="24.352219">
        <ele>68.45754</ele>
      </trkpt>
      <trkpt lat="54.825118" lon="24.35236">
        <ele>68.62214</ele>
      </trkpt>
      <trkpt lat="54.825204" lon="24.352507">
        <ele>68.833834</ele>
      </trkpt>
      <trkpt lat="54.825279" lon="24.352641">
        <ele>69.02261</ele>
      </trkpt>
      <trkpt lat="54.825363" lon="24.35278">
        <ele>69.22616</ele>
      </trkpt>
      <trkpt lat="54.825447" lon="24.352858">
        <ele>69.419346</ele>
      </trkpt>
      <trkpt lat="54.82552" lon="24.352978">
        <ele>69.634411</ele>
      </trkpt>
      <trkpt lat="54.825586" lon="24.353089">
        <ele>69.83099</ele>
      </trkpt>
      <trkpt lat="54.825661" lon="24.353216">
        <ele>70.055117</ele>
      </trkpt>
      <trkpt lat="54.825728" lon="24.353332">
        <ele>70.25754</ele>
      </trkpt>
      <trkpt lat="54.825748" lon="24.353508">
        <ele>70.478604</ele>
      </trkpt>
      <trkpt lat="54.825871" lon="24.353838">
        <ele>70.962959</ele>
      </trkpt>
      <trkpt lat="54.82594" lon="24.353976">
        <ele>71.188138</ele>
      </trkpt>
      <trkpt lat="54.826004" lon="24.354101">
        <ele>71.394222</ele>
      </trkpt>
      <trkpt lat="54.826075" lon="24.35422">
        <ele>71.605341</ele>
      </trkpt>
      <trkpt lat="54.826141" lon="24.354338">
        <ele>71.808016</ele>
      </trkpt>
      <trkpt lat="54.826211" lon="24.354473">
        <ele>72.031841</ele>
      </trkpt>
      <trkpt lat="54.826274" lon="24.354595">
        <ele>72.233741</ele>
      </trkpt>
      <trkpt lat="54.826337" lon="24.35472">
        <ele>72.438409</ele>
      </trkpt>
      <trkpt lat="54.8264" lon="24.354849">
        <ele>72.646811</ele>
      </trkpt>
      <trkpt lat="54.826471" lon="24.354955">
        <ele>72.847135</ele>
      </trkpt>
      <trkpt lat="54.826534" lon="24.355094">
        <ele>73.065082</ele>
      </trkpt>
      <trkpt lat="54.826586" lon="24.35524">
        <ele>73.231056</ele>
      </trkpt>
      <trkpt lat="54.826653" lon="24.355358">
        <ele>73.375076</ele>
      </trkpt>
      <trkpt lat="54.826712" lon="24.355499">
        <ele>73.52656</ele>
      </trkpt>
      <trkpt lat="54.826753" lon="24.355651">
        <ele>73.672451</ele>
      </trkpt>
      <trkpt lat="54.8268" lon="24.3558">
        <ele>73.820114</ele>
      </trkpt>
      <trkpt lat="54.826846" lon="24.355936">
        <ele>73.957201</ele>
      </trkpt>
      <trkpt lat="54.826887" lon="24.3561">
        <ele>74.112601</ele>
      </trkpt>
      <trkpt lat="54.826942" lon="24.356248">
        <ele>74.265694</ele>
      </trkpt>
      <trkpt lat="54.82698" lon="24.356406">
        <ele>74.414522</ele>
      </trkpt>
      <trkpt lat="54.827024" lon="24.356559">
        <ele>74.563166</ele>
      </trkpt>
      <trkpt lat="54.827068" lon="24.356702">
        <ele>74.704086</ele>
      </trkpt>
      <trkpt lat="54.827109" lon="24.356848">
        <ele>74.84527</ele>
      </trkpt>
      <trkpt lat="54.827138" lon="24.356996">
        <ele>74.981155</ele>
      </trkpt>
      <trkpt lat="54.827159" lon="24.357168">
        <ele>75.133983</ele>
      </trkpt>
      <trkpt lat="54.82719" lon="24.357323">
        <ele>75.276602</ele>
      </trkpt>
      <trkpt lat="54.827205" lon="24.357497">
        <ele>75.429531</ele>
      </trkpt>
      <trkpt lat="54.827232" lon="24.357696">
        <ele>75.60724</ele>
      </trkpt>
      <trkpt lat="54.827252" lon="24.357887">
        <ele>75.775982</ele>
      </trkpt>
      <trkpt lat="54.827285" lon="24.358048">
        <ele>75.860912</ele>
      </trkpt>
      <trkpt lat="54.82731" lon="24.358215">
        <ele>75.90304</ele>
      </trkpt>
      <trkpt lat="54.827316" lon="24.358379">
        <ele>75.943162</ele>
      </trkpt>
      <trkpt lat="54.827289" lon="24.358537">
        <ele>75.9834</ele>
      </trkpt>
      <trkpt lat="54.82729" lon="24.358695">
        <ele>76.021978</ele>
      </trkpt>
      <trkpt lat="54.827319" lon="24.35885">
        <ele>76.061768</ele>
      </trkpt>
      <trkpt lat="54.827352" lon="24.359005">
        <ele>76.102114</ele>
      </trkpt>
      <trkpt lat="54.827388" lon="24.359153">
        <ele>76.141339</ele>
      </trkpt>
      <trkpt lat="54.827415" lon="24.359321">
        <ele>76.183923</ele>
      </trkpt>
      <trkpt lat="54.827452" lon="24.359486">
        <ele>76.227153</ele>
      </trkpt>
      <trkpt lat="54.827457" lon="24.359656">
        <ele>76.268713</ele>
      </trkpt>
      <trkpt lat="54.827462" lon="24.359821">
        <ele>76.309054</ele>
      </trkpt>
      <trkpt lat="54.827487" lon="24.359982">
        <ele>76.349766</ele>
      </trkpt>
      <trkpt lat="54.827501" lon="24.360154">
        <ele>76.392178</ele>
      </trkpt>
      <trkpt lat="54.827521" lon="24.360321">
        <ele>76.433823</ele>
      </trkpt>
      <trkpt lat="54.827551" lon="24.360481">
        <ele>76.474905</ele>
      </trkpt>
      <trkpt lat="54.827611" lon="24.360619">
        <ele>76.517118</ele>
      </trkpt>
      <trkpt lat="54.827648" lon="24.360792">
        <ele>76.562174</ele>
      </trkpt>
      <trkpt lat="54.827683" lon="24.360944">
        <ele>76.590274</ele>
      </trkpt>
      <trkpt lat="54.827718" lon="24.361101">
        <ele>76.500431</ele>
      </trkpt>
      <trkpt lat="54.82776" lon="24.361249">
        <ele>76.412383</ele>
      </trkpt>
      <trkpt lat="54.827795" lon="24.361413">
        <ele>76.319047</ele>
      </trkpt>
      <trkpt lat="54.827817" lon="24.361581">
        <ele>76.227103</ele>
      </trkpt>
      <trkpt lat="54.82786" lon="24.36175">
        <ele>76.128506</ele>
      </trkpt>
      <trkpt lat="54.827902" lon="24.361912">
        <ele>76.033698</ele>
      </trkpt>
      <trkpt lat="54.827942" lon="24.362072">
        <ele>75.940615</ele>
      </trkpt>
      <trkpt lat="54.827977" lon="24.36222">
        <ele>75.855235</ele>
      </trkpt>
      <trkpt lat="54.828018" lon="24.362376">
        <ele>75.763727</ele>
      </trkpt>
      <trkpt lat="54.828074" lon="24.362512">
        <ele>75.674511</ele>
      </trkpt>
      <trkpt lat="54.828113" lon="24.362673">
        <ele>75.581302</ele>
      </trkpt>
      <trkpt lat="54.828139" lon="24.36283">
        <ele>75.494123</ele>
      </trkpt>
      <trkpt lat="54.828186" lon="24.36298">
        <ele>75.402996</ele>
      </trkpt>
      <trkpt lat="54.828228" lon="24.363135">
        <ele>75.311583</ele>
      </trkpt>
      <trkpt lat="54.828266" lon="24.363278">
        <ele>75.227539</ele>
      </trkpt>
      <trkpt lat="54.828303" lon="24.363441">
        <ele>75.134041</ele>
      </trkpt>
      <trkpt lat="54.828355" lon="24.363572">
        <ele>75.049139</ele>
      </trkpt>
      <trkpt lat="54.828324" lon="24.363723">
        <ele>74.963591</ele>
      </trkpt>
      <trkpt lat="54.828272" lon="24.363902">
        <ele>74.866322</ele>
      </trkpt>
      <trkpt lat="54.828237" lon="24.364069">
        <ele>74.7837</ele>
      </trkpt>
      <trkpt lat="54.828194" lon="24.364267">
        <ele>74.685319</ele>
      </trkpt>
      <trkpt lat="54.82816" lon="24.36448">
        <ele>74.582557</ele>
      </trkpt>
      <trkpt lat="54.828116" lon="24.364672">
        <ele>74.486486</ele>
      </trkpt>
      <trkpt lat="54.828075" lon="24.364883">
        <ele>74.382955</ele>
      </trkpt>
      <trkpt lat="54.828042" lon="24.365109">
        <ele>74.274558</ele>
      </trkpt>
      <trkpt lat="54.828007" lon="24.365349">
        <ele>74.159454</ele>
      </trkpt>
      <trkpt lat="54.827973" lon="24.365594">
        <ele>74.042288</ele>
      </trkpt>
      <trkpt lat="54.82795" lon="24.365838">
        <ele>73.927336</ele>
      </trkpt>
      <trkpt lat="54.827924" lon="24.36608">
        <ele>73.812882</ele>
      </trkpt>
      <trkpt lat="54.827893" lon="24.366336">
        <ele>73.691259</ele>
      </trkpt>
      <trkpt lat="54.827864" lon="24.366584">
        <ele>73.573604</ele>
      </trkpt>
      <trkpt lat="54.827839" lon="24.366842">
        <ele>73.42039</ele>
      </trkpt>
      <trkpt lat="54.827808" lon="24.367101">
        <ele>73.160442</ele>
      </trkpt>
      <trkpt lat="54.827775" lon="24.367352">
        <ele>72.907448</ele>
      </trkpt>
      <trkpt lat="54.827745" lon="24.367614">
        <ele>72.64495</ele>
      </trkpt>
      <trkpt lat="54.827716" lon="24.367883">
        <ele>72.376021</ele>
      </trkpt>
      <trkpt lat="54.827681" lon="24.368159">
        <ele>72.098308</ele>
      </trkpt>
      <trkpt lat="54.827648" lon="24.368453">
        <ele>71.803968</ele>
      </trkpt>
      <trkpt lat="54.827605" lon="24.368725">
        <ele>71.526797</ele>
      </trkpt>
      <trkpt lat="54.827563" lon="24.369002">
        <ele>71.245323</ele>
      </trkpt>
      <trkpt lat="54.827511" lon="24.369282">
        <ele>70.956227</ele>
      </trkpt>
      <trkpt lat="54.827472" lon="24.369554">
        <ele>70.680782</ele>
      </trkpt>
      <trkpt lat="54.827432" lon="24.369824">
        <ele>70.410547</ele>
      </trkpt>
      <trkpt lat="54.827384" lon="24.370093">
        <ele>70.333849</ele>
      </trkpt>
      <trkpt lat="54.827339" lon="24.370354">
        <ele>70.259649</ele>
      </trkpt>
      <trkpt lat="54.827288" lon="24.370604">
        <ele>70.187416</ele>
      </trkpt>
      <trkpt lat="54.827235" lon="24.370857">
        <ele>70.114095</ele>
      </trkpt>
      <trkpt lat="54.827175" lon="24.371097">
        <ele>70.042839</ele>
      </trkpt>
      <trkpt lat="54.827108" lon="24.371344">
        <ele>69.968482</ele>
      </trkpt>
      <trkpt lat="54.827027" lon="24.37158">
        <ele>69.893661</ele>
      </trkpt>
      <trkpt lat="54.826934" lon="24.371823">
        <ele>69.814203</ele>
      </trkpt>
      <trkpt lat="54.826835" lon="24.372046">
        <ele>69.737523</ele>
      </trkpt>
      <trkpt lat="54.826724" lon="24.372269">
        <ele>69.657254</ele>
      </trkpt>
      <trkpt lat="54.8266" lon="24.372482">
        <ele>69.574776</ele>
      </trkpt>
      <trkpt lat="54.826479" lon="24.37269">
        <ele>69.892778</ele>
      </trkpt>
      <trkpt lat="54.826357" lon="24.372895">
        <ele>70.287829</ele>
      </trkpt>
      <trkpt lat="54.826241" lon="24.373103">
        <ele>70.675852</ele>
      </trkpt>
      <trkpt lat="54.826137" lon="24.373289">
        <ele>71.02327</ele>
      </trkpt>
      <trkpt lat="54.82604" lon="24.373488">
        <ele>71.372662</ele>
      </trkpt>
      <trkpt lat="54.825944" lon="24.3737">
        <ele>71.734087</ele>
      </trkpt>
      <trkpt lat="54.82585" lon="24.373923">
        <ele>72.104447</ele>
      </trkpt>
      <trkpt lat="54.825763" lon="24.37414">
        <ele>72.458801</ele>
      </trkpt>
      <trkpt lat="54.825673" lon="24.374351">
        <ele>72.810693</ele>
      </trkpt>
      <trkpt lat="54.825587" lon="24.374573">
        <ele>73.169264</ele>
      </trkpt>
      <trkpt lat="54.825498" lon="24.374812">
        <ele>73.550702</ele>
      </trkpt>
      <trkpt lat="54.825408" lon="24.375039">
        <ele>73.793803</ele>
      </trkpt>
      <trkpt lat="54.825315" lon="24.375264">
        <ele>73.895097</ele>
      </trkpt>
      <trkpt lat="54.825226" lon="24.37549">
        <ele>73.995234</ele>
      </trkpt>
      <trkpt lat="54.82514" lon="24.375701">
        <ele>74.089779</ele>
      </trkpt>
      <trkpt lat="54.825055" lon="24.375909">
        <ele>74.183062</ele>
      </trkpt>
      <trkpt lat="54.824971" lon="24.376117">
        <ele>74.275979</ele>
      </trkpt>
      <trkpt lat="54.824887" lon="24.376324">
        <ele>74.368596</ele>
      </trkpt>
      <trkpt lat="54.824803" lon="24.376524">
        <ele>74.459133</ele>
      </trkpt>
      <trkpt lat="54.824726" lon="24.37672">
        <ele>74.545912</ele>
      </trkpt>
      <trkpt lat="54.824652" lon="24.376897">
        <ele>74.62591</ele>
      </trkpt>
      <trkpt lat="54.824577" lon="24.377054">
        <ele>74.700515</ele>
      </trkpt>
      <trkpt lat="54.824492" lon="24.377193">
        <ele>74.774665</ele>
      </trkpt>
      <trkpt lat="54.82442" lon="24.377309">
        <ele>74.837039</ele>
      </trkpt>
      <trkpt lat="54.824552" lon="24.377339">
        <ele>74.809199</ele>
      </trkpt>
      <trkpt lat="54.824654" lon="24.377343">
        <ele>74.653926</ele>
      </trkpt>
      <trkpt lat="54.824762" lon="24.377346">
        <ele>74.48954</ele>
      </trkpt>
      <trkpt lat="54.824879" lon="24.377358">
        <ele>74.311168</ele>
      </trkpt>
      <trkpt lat="54.824993" lon="24.377377">
        <ele>74.136874</ele>
      </trkpt>
      <trkpt lat="54.825124" lon="24.3774">
        <ele>73.936489</ele>
      </trkpt>
      <trkpt lat="54.825218" lon="24.37741">
        <ele>73.793162</ele>
      </trkpt>
      <trkpt lat="54.825319" lon="24.377423">
        <ele>73.639029</ele>
      </trkpt>
      <trkpt lat="54.825444" lon="24.377438">
        <ele>73.448338</ele>
      </trkpt>
      <trkpt lat="54.825574" lon="24.37746">
        <ele>73.249554</ele>
      </trkpt>
      <trkpt lat="54.825698" lon="24.377484">
        <ele>73.059669</ele>
      </trkpt>
      <trkpt lat="54.825825" lon="24.377508">
        <ele>72.865247</ele>
      </trkpt>
      <trkpt lat="54.825955" lon="24.377533">
        <ele>72.66619</ele>
      </trkpt>
      <trkpt lat="54.826056" lon="24.377538">
        <ele>72.512416</ele>
      </trkpt>
      <trkpt lat="54.826154" lon="24.377531">
        <ele>72.363144</ele>
      </trkpt>
      <trkpt lat="54.826249" lon="24.377538">
        <ele>72.218434</ele>
      </trkpt>
      <trkpt lat="54.826388" lon="24.377543">
        <ele>72.215247</ele>
      </trkpt>
      <trkpt lat="54.826488" lon="24.37754">
        <ele>72.282868</ele>
      </trkpt>
      <trkpt lat="54.826584" lon="24.377537">
        <ele>72.347785</ele>
      </trkpt>
      <trkpt lat="54.826684" lon="24.37753">
        <ele>72.415451</ele>
      </trkpt>
      <trkpt lat="54.826778" lon="24.377524">
        <ele>72.479049</ele>
      </trkpt>
      <trkpt lat="54.826875" lon="24.377524">
        <ele>72.544632</ele>
      </trkpt>
      <trkpt lat="54.826976" lon="24.377518">
        <ele>72.612959</ele>
      </trkpt>
      <trkpt lat="54.827072" lon="24.377497">
        <ele>72.678379</ele>
      </trkpt>
      <trkpt lat="54.827197" lon="24.37749">
        <ele>72.762937</ele>
      </trkpt>
      <trkpt lat="54.827306" lon="24.377534">
        <ele>72.838599</ele>
      </trkpt>
      <trkpt lat="54.827345" lon="24.377694">
        <ele>72.906263</ele>
      </trkpt>
      <trkpt lat="54.827292" lon="24.377853">
        <ele>72.97781</ele>
      </trkpt>
      <trkpt lat="54.827247" lon="24.378">
        <ele>73.042644</ele>
      </trkpt>
      <trkpt lat="54.827206" lon="24.37814">
        <ele>73.103812</ele>
      </trkpt>
      <trkpt lat="54.82716" lon="24.378282">
        <ele>73.167262</ele>
      </trkpt>
      <trkpt lat="54.827126" lon="24.378429">
        <ele>73.228956</ele>
      </trkpt>
      <trkpt lat="54.827093" lon="24.378575">
        <ele>73.29004</ele>
      </trkpt>
      <trkpt lat="54.827055" lon="24.378733">
        <ele>73.356724</ele>
      </trkpt>
      <trkpt lat="54.827014" lon="24.378881">
        <ele>73.453517</ele>
      </trkpt>
      <trkpt lat="54.826974" lon="24.379033">
        <ele>73.558572</ele>
      </trkpt>
      <trkpt lat="54.826926" lon="24.379185">
        <ele>73.667545</ele>
      </trkpt>
      <trkpt lat="54.826888" lon="24.379333">
        <ele>73.769411</ele>
      </trkpt>
      <trkpt lat="54.826844" lon="24.379481">
        <ele>73.874113</ele>
      </trkpt>
      <trkpt lat="54.826807" lon="24.379641">
        <ele>73.982502</ele>
      </trkpt>
      <trkpt lat="54.826767" lon="24.379793">
        <ele>74.087558</ele>
      </trkpt>
      <trkpt lat="54.826718" lon="24.379965">
        <ele>74.208188</ele>
      </trkpt>
      <trkpt lat="54.826676" lon="24.380142">
        <ele>74.328533</ele>
      </trkpt>
      <trkpt lat="54.826624" lon="24.380316">
        <ele>74.451765</ele>
      </trkpt>
      <trkpt lat="54.826577" lon="24.380489">
        <ele>74.572013</ele>
      </trkpt>
      <trkpt lat="54.826534" lon="24.380666">
        <ele>74.692777</ele>
      </trkpt>
      <trkpt lat="54.826485" lon="24.380839">
        <ele>74.813973</ele>
      </trkpt>
      <trkpt lat="54.826436" lon="24.381004">
        <ele>74.930676</ele>
      </trkpt>
      <trkpt lat="54.826401" lon="24.38116">
        <ele>75.035924</ele>
      </trkpt>
      <trkpt lat="54.826352" lon="24.381296">
        <ele>75.136769</ele>
      </trkpt>
      <trkpt lat="54.826309" lon="24.381435">
        <ele>75.235957</ele>
      </trkpt>
      <trkpt lat="54.826271" lon="24.381597">
        <ele>75.325895</ele>
      </trkpt>
      <trkpt lat="54.826227" lon="24.381747">
        <ele>75.297369</ele>
      </trkpt>
      <trkpt lat="54.826188" lon="24.381895">
        <ele>75.269789</ele>
      </trkpt>
      <trkpt lat="54.826151" lon="24.382052">
        <ele>75.241042</ele>
      </trkpt>
      <trkpt lat="54.826115" lon="24.382203">
        <ele>75.213348</ele>
      </trkpt>
      <trkpt lat="54.826073" lon="24.382366">
        <ele>75.183088</ele>
      </trkpt>
      <trkpt lat="54.826028" lon="24.382515">
        <ele>75.154577</ele>
      </trkpt>
      <trkpt lat="54.825988" lon="24.382674">
        <ele>75.125175</ele>
      </trkpt>
      <trkpt lat="54.82595" lon="24.382834">
        <ele>75.095846</ele>
      </trkpt>
      <trkpt lat="54.825907" lon="24.38299">
        <ele>75.066539</ele>
      </trkpt>
      <trkpt lat="54.825858" lon="24.383159">
        <ele>75.034476</ele>
      </trkpt>
      <trkpt lat="54.825807" lon="24.383335">
        <ele>75.001089</ele>
      </trkpt>
      <trkpt lat="54.825761" lon="24.383503">
        <ele>74.969566</ele>
      </trkpt>
      <trkpt lat="54.82571" lon="24.383677">
        <ele>74.936481</ele>
      </trkpt>
      <trkpt lat="54.825662" lon="24.383858">
        <ele>74.902714</ele>
      </trkpt>
      <trkpt lat="54.825619" lon="24.384026">
        <ele>74.871559</ele>
      </trkpt>
      <trkpt lat="54.825573" lon="24.384206">
        <ele>74.838188</ele>
      </trkpt>
      <trkpt lat="54.825528" lon="24.384381">
        <ele>74.805711</ele>
      </trkpt>
      <trkpt lat="54.825482" lon="24.384539">
        <ele>74.758974</ele>
      </trkpt>
      <trkpt lat="54.825437" lon="24.384698">
        <ele>74.709102</ele>
      </trkpt>
      <trkpt lat="54.825394" lon="24.384847">
        <ele>74.662186</ele>
      </trkpt>
      <trkpt lat="54.825355" lon="24.385013">
        <ele>74.611716</ele>
      </trkpt>
      <trkpt lat="54.825311" lon="24.385183">
        <ele>74.559249</ele>
      </trkpt>
      <trkpt lat="54.825266" lon="24.385346">
        <ele>74.508364</ele>
      </trkpt>
      <trkpt lat="54.825221" lon="24.385511">
        <ele>74.45697</ele>
      </trkpt>
      <trkpt lat="54.825178" lon="24.385682">
        <ele>74.404444</ele>
      </trkpt>
      <trkpt lat="54.825137" lon="24.385843">
        <ele>74.354887</ele>
      </trkpt>
      <trkpt lat="54.825098" lon="24.386002">
        <ele>74.306237</ele>
      </trkpt>
      <trkpt lat="54.825055" lon="24.386167">
        <ele>74.255253</ele>
      </trkpt>
      <trkpt lat="54.825014" lon="24.386315">
        <ele>74.209021</ele>
      </trkpt>
      <trkpt lat="54.824941" lon="24.386518">
        <ele>74.141651</ele>
      </trkpt>
      <trkpt lat="54.824905" lon="24.386676">
        <ele>74.093817</ele>
      </trkpt>
      <trkpt lat="54.824871" lon="24.38683">
        <ele>74.047387</ele>
      </trkpt>
      <trkpt lat="54.824807" lon="24.387037">
        <ele>73.981249</ele>
      </trkpt>
      <trkpt lat="54.824763" lon="24.387206">
        <ele>73.929038</ele>
      </trkpt>
      <trkpt lat="54.824716" lon="24.387361">
        <ele>73.924074</ele>
      </trkpt>
      <trkpt lat="54.82467" lon="24.387515">
        <ele>73.926422</ele>
      </trkpt>
      <trkpt lat="54.824629" lon="24.38769">
        <ele>73.92898</ele>
      </trkpt>
      <trkpt lat="54.824585" lon="24.387845">
        <ele>73.931319</ele>
      </trkpt>
      <trkpt lat="54.824548" lon="24.387993">
        <ele>73.933504</ele>
      </trkpt>
      <trkpt lat="54.824504" lon="24.38813">
        <ele>73.935627</ele>
      </trkpt>
      <trkpt lat="54.824465" lon="24.388275">
        <ele>73.937794</ele>
      </trkpt>
      <trkpt lat="54.824426" lon="24.388419">
        <ele>73.939948</ele>
      </trkpt>
      <trkpt lat="54.824385" lon="24.388578">
        <ele>73.942307</ele>
      </trkpt>
      <trkpt lat="54.824343" lon="24.38873">
        <ele>73.944589</ele>
      </trkpt>
      <trkpt lat="54.824298" lon="24.388901">
        <ele>73.947135</ele>
      </trkpt>
      <trkpt lat="54.824247" lon="24.389069">
        <ele>73.949706</ele>
      </trkpt>
      <trkpt lat="54.824202" lon="24.389217">
        <ele>73.951972</ele>
      </trkpt>
      <trkpt lat="54.824158" lon="24.389358">
        <ele>73.954143</ele>
      </trkpt>
      <trkpt lat="54.824115" lon="24.389505">
        <ele>73.956375</ele>
      </trkpt>
      <trkpt lat="54.82408" lon="24.389661">
        <ele>73.958641</ele>
      </trkpt>
      <trkpt lat="54.824036" lon="24.389824">
        <ele>73.961079</ele>
      </trkpt>
      <trkpt lat="54.823992" lon="24.38998">
        <ele>73.96343</ele>
      </trkpt>
      <trkpt lat="54.823947" lon="24.390133">
        <ele>74.006183</ele>
      </trkpt>
      <trkpt lat="54.823903" lon="24.3903">
        <ele>74.078197</ele>
      </trkpt>
      <trkpt lat="54.823853" lon="24.39046">
        <ele>74.149578</ele>
      </trkpt>
      <trkpt lat="54.823813" lon="24.390614">
        <ele>74.215823</ele>
      </trkpt>
      <trkpt lat="54.823775" lon="24.390768">
        <ele>74.281521</ele>
      </trkpt>
      <trkpt lat="54.82373" lon="24.390939">
        <ele>74.355245</ele>
      </trkpt>
      <trkpt lat="54.823685" lon="24.391113">
        <ele>74.430039</ele>
      </trkpt>
      <trkpt lat="54.823643" lon="24.39128">
        <ele>74.501498</ele>
      </trkpt>
      <trkpt lat="54.8236" lon="24.391428">
        <ele>74.5665</ele>
      </trkpt>
      <trkpt lat="54.823558" lon="24.391573">
        <ele>74.630145</ele>
      </trkpt>
      <trkpt lat="54.823515" lon="24.391712">
        <ele>74.692016</ele>
      </trkpt>
      <trkpt lat="54.823457" lon="24.391933">
        <ele>74.787251</ele>
      </trkpt>
      <trkpt lat="54.823413" lon="24.392107">
        <ele>74.861771</ele>
      </trkpt>
      <trkpt lat="54.823376" lon="24.392267">
        <ele>74.929382</ele>
      </trkpt>
      <trkpt lat="54.823318" lon="24.392476">
        <ele>75.020356</ele>
      </trkpt>
      <trkpt lat="54.823283" lon="24.392626">
        <ele>75.083821</ele>
      </trkpt>
      <trkpt lat="54.823239" lon="24.392786">
        <ele>75.153348</ele>
      </trkpt>
      <trkpt lat="54.823198" lon="24.392948">
        <ele>75.240905</ele>
      </trkpt>
      <trkpt lat="54.823153" lon="24.393105">
        <ele>75.346338</ele>
      </trkpt>
      <trkpt lat="54.823105" lon="24.393266">
        <ele>75.455333</ele>
      </trkpt>
      <trkpt lat="54.823066" lon="24.39343">
        <ele>75.562008</ele>
      </trkpt>
      <trkpt lat="54.823019" lon="24.393623">
        <ele>75.68799</ele>
      </trkpt>
      <trkpt lat="54.82298" lon="24.393775">
        <ele>75.788034</ele>
      </trkpt>
      <trkpt lat="54.822935" lon="24.393924">
        <ele>75.889184</ele>
      </trkpt>
      <trkpt lat="54.822894" lon="24.394097">
        <ele>76.001658</ele>
      </trkpt>
      <trkpt lat="54.82285" lon="24.394252">
        <ele>76.105551</ele>
      </trkpt>
      <trkpt lat="54.82281" lon="24.394394">
        <ele>76.200588</ele>
      </trkpt>
      <trkpt lat="54.822764" lon="24.394556">
        <ele>76.309179</ele>
      </trkpt>
      <trkpt lat="54.822725" lon="24.394722">
        <ele>76.416967</ele>
      </trkpt>
      <trkpt lat="54.822677" lon="24.394892">
        <ele>76.530796</ele>
      </trkpt>
      <trkpt lat="54.822623" lon="24.395077">
        <ele>76.65549</ele>
      </trkpt>
      <trkpt lat="54.822565" lon="24.39527">
        <ele>76.786371</ele>
      </trkpt>
      <trkpt lat="54.822517" lon="24.395438">
        <ele>76.899122</ele>
      </trkpt>
      <trkpt lat="54.822473" lon="24.395615">
        <ele>77.015029</ele>
      </trkpt>
      <trkpt lat="54.822428" lon="24.3958">
        <ele>77.145476</ele>
      </trkpt>
      <trkpt lat="54.822378" lon="24.395996">
        <ele>77.292241</ele>
      </trkpt>
      <trkpt lat="54.822326" lon="24.396181">
        <ele>77.433179</ele>
      </trkpt>
      <trkpt lat="54.822269" lon="24.396355">
        <ele>77.570226</ele>
      </trkpt>
      <trkpt lat="54.82222" lon="24.396522">
        <ele>77.698543</ele>
      </trkpt>
      <trkpt lat="54.822173" lon="24.396695">
        <ele>77.829503</ele>
      </trkpt>
      <trkpt lat="54.822119" lon="24.396874">
        <ele>77.967848</ele>
      </trkpt>
      <trkpt lat="54.822074" lon="24.397047">
        <ele>78.097812</ele>
      </trkpt>
      <trkpt lat="54.822022" lon="24.397218">
        <ele>78.230202</ele>
      </trkpt>
      <trkpt lat="54.821975" lon="24.397381">
        <ele>78.355004</ele>
      </trkpt>
      <trkpt lat="54.821936" lon="24.397536">
        <ele>78.470811</ele>
      </trkpt>
      <trkpt lat="54.821893" lon="24.397685">
        <ele>78.584913</ele>
      </trkpt>
      <trkpt lat="54.821849" lon="24.397835">
        <ele>78.700163</ele>
      </trkpt>
      <trkpt lat="54.821807" lon="24.398001">
        <ele>78.824299</ele>
      </trkpt>
      <trkpt lat="54.821756" lon="24.398161">
        <ele>78.949499</ele>
      </trkpt>
      <trkpt lat="54.821708" lon="24.398334">
        <ele>79.080971</ele>
      </trkpt>
      <trkpt lat="54.821663" lon="24.39852">
        <ele>79.236299</ele>
      </trkpt>
      <trkpt lat="54.821623" lon="24.398706">
        <ele>79.521253</ele>
      </trkpt>
      <trkpt lat="54.821569" lon="24.39888">
        <ele>79.804922</ele>
      </trkpt>
      <trkpt lat="54.821521" lon="24.399038">
        <ele>80.061293</ele>
      </trkpt>
      <trkpt lat="54.821483" lon="24.39919">
        <ele>80.299111</ele>
      </trkpt>
      <trkpt lat="54.821434" lon="24.399357">
        <ele>80.568099</ele>
      </trkpt>
      <trkpt lat="54.821389" lon="24.399515">
        <ele>80.821071</ele>
      </trkpt>
      <trkpt lat="54.82136" lon="24.399667">
        <ele>81.050887</ele>
      </trkpt>
      <trkpt lat="54.821326" lon="24.399824">
        <ele>81.291621</ele>
      </trkpt>
      <trkpt lat="54.821289" lon="24.399985">
        <ele>81.540409</ele>
      </trkpt>
      <trkpt lat="54.821248" lon="24.400152">
        <ele>81.800959</ele>
      </trkpt>
      <trkpt lat="54.821201" lon="24.400326">
        <ele>82.076786</ele>
      </trkpt>
      <trkpt lat="54.821153" lon="24.400516">
        <ele>82.374559</ele>
      </trkpt>
      <trkpt lat="54.821103" lon="24.400692">
        <ele>82.656213</ele>
      </trkpt>
      <trkpt lat="54.82106" lon="24.400862">
        <ele>82.922694</ele>
      </trkpt>
      <trkpt lat="54.821011" lon="24.401013">
        <ele>83.171439</ele>
      </trkpt>
      <trkpt lat="54.820966" lon="24.401187">
        <ele>83.445189</ele>
      </trkpt>
      <trkpt lat="54.820912" lon="24.401362">
        <ele>83.700344</ele>
      </trkpt>
      <trkpt lat="54.820864" lon="24.401536">
        <ele>83.797231</ele>
      </trkpt>
      <trkpt lat="54.820816" lon="24.401711">
        <ele>83.894573</ele>
      </trkpt>
      <trkpt lat="54.820762" lon="24.401899">
        <ele>84.000074</ele>
      </trkpt>
      <trkpt lat="54.820707" lon="24.402111">
        <ele>84.116843</ele>
      </trkpt>
      <trkpt lat="54.82066" lon="24.402266">
        <ele>84.204811</ele>
      </trkpt>
      <trkpt lat="54.820618" lon="24.402438">
        <ele>84.298633</ele>
      </trkpt>
      <trkpt lat="54.820575" lon="24.402601">
        <ele>84.388669</ele>
      </trkpt>
      <trkpt lat="54.82053" lon="24.402773">
        <ele>84.483542</ele>
      </trkpt>
      <trkpt lat="54.820489" lon="24.402953">
        <ele>84.580752</ele>
      </trkpt>
      <trkpt lat="54.820442" lon="24.403132">
        <ele>84.679547</ele>
      </trkpt>
      <trkpt lat="54.820398" lon="24.403298">
        <ele>84.771316</ele>
      </trkpt>
      <trkpt lat="54.820358" lon="24.403468">
        <ele>84.863541</ele>
      </trkpt>
      <trkpt lat="54.820307" lon="24.40364">
        <ele>84.960694</ele>
      </trkpt>
      <trkpt lat="54.820253" lon="24.403822">
        <ele>85.063508</ele>
      </trkpt>
      <trkpt lat="54.820204" lon="24.404005">
        <ele>85.164858</ele>
      </trkpt>
      <trkpt lat="54.820153" lon="24.404189">
        <ele>85.22478</ele>
      </trkpt>
      <trkpt lat="54.820097" lon="24.404379">
        <ele>85.031222</ele>
      </trkpt>
      <trkpt lat="54.820046" lon="24.404574">
        <ele>84.837</ele>
      </trkpt>
      <trkpt lat="54.819988" lon="24.404779">
        <ele>84.629868</ele>
      </trkpt>
      <trkpt lat="54.819931" lon="24.405003">
        <ele>84.40778</ele>
      </trkpt>
      <trkpt lat="54.819874" lon="24.405221">
        <ele>84.190658</ele>
      </trkpt>
      <trkpt lat="54.819819" lon="24.405442">
        <ele>83.972323</ele>
      </trkpt>
      <trkpt lat="54.819765" lon="24.405651">
        <ele>83.764583</ele>
      </trkpt>
      <trkpt lat="54.819711" lon="24.405849">
        <ele>83.565904</ele>
      </trkpt>
      <trkpt lat="54.819663" lon="24.406037">
        <ele>83.379405</ele>
      </trkpt>
      <trkpt lat="54.819615" lon="24.406216">
        <ele>83.200338</ele>
      </trkpt>
      <trkpt lat="54.819558" lon="24.406396">
        <ele>83.014053</ele>
      </trkpt>
      <trkpt lat="54.819512" lon="24.40657">
        <ele>82.840423</ele>
      </trkpt>
      <trkpt lat="54.819463" lon="24.406743">
        <ele>82.665585</ele>
      </trkpt>
      <trkpt lat="54.819409" lon="24.406934">
        <ele>82.472624</ele>
      </trkpt>
      <trkpt lat="54.819358" lon="24.40713">
        <ele>82.368621</ele>
      </trkpt>
      <trkpt lat="54.819312" lon="24.407343">
        <ele>82.293396</ele>
      </trkpt>
      <trkpt lat="54.819253" lon="24.407541">
        <ele>82.219678</ele>
      </trkpt>
      <trkpt lat="54.819203" lon="24.40774">
        <ele>82.147883</ele>
      </trkpt>
      <trkpt lat="54.819146" lon="24.407925">
        <ele>82.078505</ele>
      </trkpt>
      <trkpt lat="54.819099" lon="24.408123">
        <ele>82.007686</ele>
      </trkpt>
      <trkpt lat="54.81905" lon="24.408298">
        <ele>81.943341</ele>
      </trkpt>
      <trkpt lat="54.819006" lon="24.408504">
        <ele>81.870685</ele>
      </trkpt>
      <trkpt lat="54.818947" lon="24.408703">
        <ele>81.796673</ele>
      </trkpt>
      <trkpt lat="54.818897" lon="24.408909">
        <ele>81.72275</ele>
      </trkpt>
      <trkpt lat="54.818837" lon="24.409129">
        <ele>81.642256</ele>
      </trkpt>
      <trkpt lat="54.818778" lon="24.409346">
        <ele>81.562904</ele>
      </trkpt>
      <trkpt lat="54.818726" lon="24.409556">
        <ele>81.487314</ele>
      </trkpt>
      <trkpt lat="54.818668" lon="24.409766">
        <ele>81.410299</ele>
      </trkpt>
      <trkpt lat="54.818617" lon="24.409969">
        <ele>81.525252</ele>
      </trkpt>
      <trkpt lat="54.818556" lon="24.410157">
        <ele>81.714993</ele>
      </trkpt>
      <trkpt lat="54.818502" lon="24.410329">
        <ele>81.887249</ele>
      </trkpt>
      <trkpt lat="54.818457" lon="24.410501">
        <ele>82.053371</ele>
      </trkpt>
      <trkpt lat="54.818419" lon="24.410667">
        <ele>82.210452</ele>
      </trkpt>
      <trkpt lat="54.818376" lon="24.410823">
        <ele>82.362531</ele>
      </trkpt>
      <trkpt lat="54.818334" lon="24.410989">
        <ele>82.521968</ele>
      </trkpt>
      <trkpt lat="54.818289" lon="24.411138">
        <ele>82.66991</ele>
      </trkpt>
      <trkpt lat="54.818247" lon="24.411316">
        <ele>82.839063</ele>
      </trkpt>
      <trkpt lat="54.818196" lon="24.411499">
        <ele>83.017833</ele>
      </trkpt>
      <trkpt lat="54.818156" lon="24.411679">
        <ele>83.187493</ele>
      </trkpt>
      <trkpt lat="54.818099" lon="24.411847">
        <ele>83.358947</ele>
      </trkpt>
      <trkpt lat="54.818048" lon="24.412017">
        <ele>83.527499</ele>
      </trkpt>
      <trkpt lat="54.818" lon="24.412197">
        <ele>83.701926</ele>
      </trkpt>
      <trkpt lat="54.817946" lon="24.412396">
        <ele>83.895367</ele>
      </trkpt>
      <trkpt lat="54.817896" lon="24.412586">
        <ele>84.07906</ele>
      </trkpt>
      <trkpt lat="54.817851" lon="24.412782">
        <ele>84.255436</ele>
      </trkpt>
      <trkpt lat="54.817799" lon="24.412982">
        <ele>84.434874</ele>
      </trkpt>
      <trkpt lat="54.817748" lon="24.413181">
        <ele>84.612985</ele>
      </trkpt>
      <trkpt lat="54.817697" lon="24.413377">
        <ele>84.788857</ele>
      </trkpt>
      <trkpt lat="54.817644" lon="24.413581">
        <ele>84.971861</ele>
      </trkpt>
      <trkpt lat="54.817589" lon="24.413783">
        <ele>85.15457</ele>
      </trkpt>
      <trkpt lat="54.817539" lon="24.413981">
        <ele>85.331361</ele>
      </trkpt>
      <trkpt lat="54.817488" lon="24.414185">
        <ele>85.513216</ele>
      </trkpt>
      <trkpt lat="54.817431" lon="24.414381">
        <ele>85.692763</ele>
      </trkpt>
      <trkpt lat="54.817375" lon="24.414592">
        <ele>85.882743</ele>
      </trkpt>
      <trkpt lat="54.817322" lon="24.414792">
        <ele>86.06277</ele>
      </trkpt>
      <trkpt lat="54.817269" lon="24.414996">
        <ele>86.245776</ele>
      </trkpt>
      <trkpt lat="54.817215" lon="24.415212">
        <ele>86.43833</ele>
      </trkpt>
      <trkpt lat="54.817166" lon="24.415423">
        <ele>86.624373</ele>
      </trkpt>
      <trkpt lat="54.817106" lon="24.415627">
        <ele>86.798988</ele>
      </trkpt>
      <trkpt lat="54.817047" lon="24.415831">
        <ele>86.966711</ele>
      </trkpt>
      <trkpt lat="54.816989" lon="24.416014">
        <ele>87.120179</ele>
      </trkpt>
      <trkpt lat="54.816933" lon="24.416197">
        <ele>87.272435</ele>
      </trkpt>
      <trkpt lat="54.816884" lon="24.416365">
        <ele>87.410796</ele>
      </trkpt>
      <trkpt lat="54.816837" lon="24.416513">
        <ele>87.53497</ele>
      </trkpt>
      <trkpt lat="54.816799" lon="24.416662">
        <ele>87.654701</ele>
      </trkpt>
      <trkpt lat="54.816744" lon="24.416885">
        <ele>87.832942</ele>
      </trkpt>
      <trkpt lat="54.816695" lon="24.417046">
        <ele>87.966735</ele>
      </trkpt>
      <trkpt lat="54.816652" lon="24.417227">
        <ele>88.110596</ele>
      </trkpt>
      <trkpt lat="54.816607" lon="24.41739">
        <ele>88.243407</ele>
      </trkpt>
      <trkpt lat="54.816568" lon="24.417551">
        <ele>88.371741</ele>
      </trkpt>
      <trkpt lat="54.816527" lon="24.417703">
        <ele>88.495064</ele>
      </trkpt>
      <trkpt lat="54.816484" lon="24.417864">
        <ele>88.625459</ele>
      </trkpt>
      <trkpt lat="54.81644" lon="24.418032">
        <ele>88.761061</ele>
      </trkpt>
      <trkpt lat="54.816388" lon="24.418211">
        <ele>88.908363</ele>
      </trkpt>
      <trkpt lat="54.81634" lon="24.418403">
        <ele>88.913574</ele>
      </trkpt>
      <trkpt lat="54.816295" lon="24.418603">
        <ele>88.784695</ele>
      </trkpt>
      <trkpt lat="54.816243" lon="24.418767">
        <ele>88.672333</ele>
      </trkpt>
      <trkpt lat="54.816195" lon="24.418945">
        <ele>88.554366</ele>
      </trkpt>
      <trkpt lat="54.816146" lon="24.419134">
        <ele>88.429963</ele>
      </trkpt>
      <trkpt lat="54.816095" lon="24.419325">
        <ele>88.303602</ele>
      </trkpt>
      <trkpt lat="54.816052" lon="24.41952">
        <ele>88.178273</ele>
      </trkpt>
      <trkpt lat="54.816011" lon="24.419716">
        <ele>88.05311</ele>
      </trkpt>
      <trkpt lat="54.81596" lon="24.419911">
        <ele>87.924566</ele>
      </trkpt>
      <trkpt lat="54.815909" lon="24.420103">
        <ele>87.79766</ele>
      </trkpt>
      <trkpt lat="54.815865" lon="24.420265">
        <ele>87.690156</ele>
      </trkpt>
      <trkpt lat="54.815825" lon="24.420444">
        <ele>87.574913</ele>
      </trkpt>
      <trkpt lat="54.81578" lon="24.420639">
        <ele>87.448823</ele>
      </trkpt>
      <trkpt lat="54.815727" lon="24.420842">
        <ele>87.315045</ele>
      </trkpt>
      <trkpt lat="54.815672" lon="24.421035">
        <ele>87.185801</ele>
      </trkpt>
      <trkpt lat="54.815628" lon="24.421226">
        <ele>87.098992</ele>
      </trkpt>
      <trkpt lat="54.815577" lon="24.421443">
        <ele>87.074688</ele>
      </trkpt>
      <trkpt lat="54.815519" lon="24.421658">
        <ele>87.050069</ele>
      </trkpt>
      <trkpt lat="54.815468" lon="24.421861">
        <ele>87.027103</ele>
      </trkpt>
      <trkpt lat="54.815417" lon="24.422056">
        <ele>87.004895</ele>
      </trkpt>
      <trkpt lat="54.81537" lon="24.422259">
        <ele>86.982207</ele>
      </trkpt>
      <trkpt lat="54.815318" lon="24.422472">
        <ele>86.958217</ele>
      </trkpt>
      <trkpt lat="54.815269" lon="24.422675">
        <ele>86.935392</ele>
      </trkpt>
      <trkpt lat="54.81522" lon="24.422882">
        <ele>86.912184</ele>
      </trkpt>
      <trkpt lat="54.815163" lon="24.423085">
        <ele>86.888765</ele>
      </trkpt>
      <trkpt lat="54.81511" lon="24.423299">
        <ele>86.864609</ele>
      </trkpt>
      <trkpt lat="54.815055" lon="24.423503">
        <ele>86.841252</ele>
      </trkpt>
      <trkpt lat="54.815003" lon="24.423723">
        <ele>86.816592</ele>
      </trkpt>
      <trkpt lat="54.814955" lon="24.423936">
        <ele>86.792873</ele>
      </trkpt>
      <trkpt lat="54.814902" lon="24.424152">
        <ele>86.6938</ele>
      </trkpt>
      <trkpt lat="54.814844" lon="24.424366">
        <ele>86.542078</ele>
      </trkpt>
      <trkpt lat="54.814798" lon="24.42457">
        <ele>86.401535</ele>
      </trkpt>
      <trkpt lat="54.814746" lon="24.424754">
        <ele>86.270054</ele>
      </trkpt>
      <trkpt lat="54.8147" lon="24.424949">
        <ele>86.134872</ele>
      </trkpt>
      <trkpt lat="54.814648" lon="24.425147">
        <ele>85.995271</ele>
      </trkpt>
      <trkpt lat="54.814594" lon="24.425331">
        <ele>85.862794</ele>
      </trkpt>
      <trkpt lat="54.814546" lon="24.42552">
        <ele>85.730283</ele>
      </trkpt>
      <trkpt lat="54.8145" lon="24.425693">
        <ele>85.608046</ele>
      </trkpt>
      <trkpt lat="54.814459" lon="24.425853">
        <ele>85.495703</ele>
      </trkpt>
      <trkpt lat="54.814411" lon="24.426078">
        <ele>85.341775</ele>
      </trkpt>
      <trkpt lat="54.814377" lon="24.426229">
        <ele>85.237765</ele>
      </trkpt>
      <trkpt lat="54.814338" lon="24.426371">
        <ele>85.136843</ele>
      </trkpt>
      <trkpt lat="54.8143" lon="24.426565">
        <ele>85.005384</ele>
      </trkpt>
      <trkpt lat="54.814264" lon="24.426713">
        <ele>84.902318</ele>
      </trkpt>
      <trkpt lat="54.814144" lon="24.426728">
        <ele>84.759472</ele>
      </trkpt>
      <trkpt lat="54.814009" lon="24.426729">
        <ele>84.497502</ele>
      </trkpt>
      <trkpt lat="54.813904" lon="24.426711">
        <ele>84.292758</ele>
      </trkpt>
      <trkpt lat="54.813773" lon="24.426704">
        <ele>84.038432</ele>
      </trkpt>
      <trkpt lat="54.813624" lon="24.426696">
        <ele>83.749159</ele>
      </trkpt>
      <trkpt lat="54.813478" lon="24.426681">
        <ele>83.46535</ele>
      </trkpt>
      <trkpt lat="54.813323" lon="24.42666">
        <ele>83.163657</ele>
      </trkpt>
      <trkpt lat="54.813169" lon="24.426646">
        <ele>82.86441</ele>
      </trkpt>
      <trkpt lat="54.813012" lon="24.426626">
        <ele>82.558932</ele>
      </trkpt>
      <trkpt lat="54.812852" lon="24.426601">
        <ele>82.247196</ele>
      </trkpt>
      <trkpt lat="54.812696" lon="24.426576">
        <ele>81.94319</ele>
      </trkpt>
      <trkpt lat="54.812537" lon="24.426553">
        <ele>81.633581</ele>
      </trkpt>
      <trkpt lat="54.812383" lon="24.426534">
        <ele>81.333989</ele>
      </trkpt>
      <trkpt lat="54.812223" lon="24.426512">
        <ele>81.34476</ele>
      </trkpt>
      <trkpt lat="54.812061" lon="24.426493">
        <ele>81.409168</ele>
      </trkpt>
      <trkpt lat="54.811896" lon="24.426468">
        <ele>81.474868</ele>
      </trkpt>
      <trkpt lat="54.811726" lon="24.426459">
        <ele>81.542335</ele>
      </trkpt>
      <trkpt lat="54.81156" lon="24.426443">
        <ele>81.608284</ele>
      </trkpt>
      <trkpt lat="54.811399" lon="24.426418">
        <ele>81.672404</ele>
      </trkpt>
      <trkpt lat="54.811238" lon="24.426391">
        <ele>81.736567</ele>
      </trkpt>
      <trkpt lat="54.811082" lon="24.426371">
        <ele>81.798617</ele>
      </trkpt>
      <trkpt lat="54.810923" lon="24.426354">
        <ele>81.861808</ele>
      </trkpt>
      <trkpt lat="54.810771" lon="24.42633">
        <ele>81.922352</ele>
      </trkpt>
      <trkpt lat="54.810624" lon="24.426307">
        <ele>81.9809</ele>
      </trkpt>
      <trkpt lat="54.810474" lon="24.426284">
        <ele>81.971667</ele>
      </trkpt>
      <trkpt lat="54.810322" lon="24.426272">
        <ele>81.919777</ele>
      </trkpt>
      <trkpt lat="54.810166" lon="24.426254">
        <ele>81.866458</ele>
      </trkpt>
      <trkpt lat="54.810008" lon="24.426232">
        <ele>81.812402</ele>
      </trkpt>
      <trkpt lat="54.809859" lon="24.426218">
        <ele>81.761514</ele>
      </trkpt>
      <trkpt lat="54.809723" lon="24.426196">
        <ele>81.714932</ele>
      </trkpt>
      <trkpt lat="54.809589" lon="24.426183">
        <ele>81.669163</ele>
      </trkpt>
      <trkpt lat="54.809467" lon="24.426165">
        <ele>81.627406</ele>
      </trkpt>
      <trkpt lat="54.809349" lon="24.426142">
        <ele>81.586912</ele>
      </trkpt>
      <trkpt lat="54.809233" lon="24.426112">
        <ele>81.546915</ele>
      </trkpt>
      <trkpt lat="54.809115" lon="24.426077">
        <ele>81.506089</ele>
      </trkpt>
      <trkpt lat="54.809004" lon="24.426042">
        <ele>81.467615</ele>
      </trkpt>
      <trkpt lat="54.808902" lon="24.426007">
        <ele>81.432156</ele>
      </trkpt>
      <trkpt lat="54.808802" lon="24.42599">
        <ele>81.397889</ele>
      </trkpt>
      <trkpt lat="54.8087" lon="24.426001">
        <ele>81.251185</ele>
      </trkpt>
      <trkpt lat="54.808597" lon="24.426082">
        <ele>81.053544</ele>
      </trkpt>
      <trkpt lat="54.808505" lon="24.42621">
        <ele>80.847449</ele>
      </trkpt>
      <trkpt lat="54.808416" lon="24.426377">
        <ele>80.618344</ele>
      </trkpt>
      <trkpt lat="54.808325" lon="24.42654">
        <ele>80.389762</ele>
      </trkpt>
      <trkpt lat="54.808226" lon="24.426691">
        <ele>80.159393</ele>
      </trkpt>
      <trkpt lat="54.808126" lon="24.42687">
        <ele>79.908291</ele>
      </trkpt>
      <trkpt lat="54.808027" lon="24.427062">
        <ele>79.648796</ele>
      </trkpt>
      <trkpt lat="54.807932" lon="24.427237">
        <ele>79.406644</ele>
      </trkpt>
      <trkpt lat="54.807839" lon="24.427398">
        <ele>79.177042</ele>
      </trkpt>
      <trkpt lat="54.807739" lon="24.427558">
        <ele>78.939307</ele>
      </trkpt>
      <trkpt lat="54.807633" lon="24.427705">
        <ele>78.702148</ele>
      </trkpt>
      <trkpt lat="54.807515" lon="24.42786">
        <ele>78.443485</ele>
      </trkpt>
      <trkpt lat="54.807406" lon="24.427987">
        <ele>78.167482</ele>
      </trkpt>
      <trkpt lat="54.807295" lon="24.428123">
        <ele>77.590996</ele>
      </trkpt>
      <trkpt lat="54.807194" lon="24.428255">
        <ele>77.054553</ele>
      </trkpt>
      <trkpt lat="54.807081" lon="24.428394">
        <ele>76.466902</ele>
      </trkpt>
      <trkpt lat="54.806974" lon="24.428519">
        <ele>75.919655</ele>
      </trkpt>
      <trkpt lat="54.806857" lon="24.428651">
        <ele>75.327581</ele>
      </trkpt>
      <trkpt lat="54.806758" lon="24.428789">
        <ele>74.788824</ele>
      </trkpt>
      <trkpt lat="54.806643" lon="24.428936">
        <ele>74.182836</ele>
      </trkpt>
      <trkpt lat="54.806545" lon="24.429102">
        <ele>73.601799</ele>
      </trkpt>
      <trkpt lat="54.806453" lon="24.429277">
        <ele>73.022632</ele>
      </trkpt>
      <trkpt lat="54.806367" lon="24.429467">
        <ele>72.431916</ele>
      </trkpt>
      <trkpt lat="54.806284" lon="24.429665">
        <ele>71.833269</ele>
      </trkpt>
      <trkpt lat="54.806206" lon="24.429863">
        <ele>71.246847</ele>
      </trkpt>
      <trkpt lat="54.806125" lon="24.430066">
        <ele>70.643139</ele>
      </trkpt>
      <trkpt lat="54.806048" lon="24.430267">
        <ele>70.482009</ele>
      </trkpt>
      <trkpt lat="54.805988" lon="24.430458">
        <ele>70.355489</ele>
      </trkpt>
      <trkpt lat="54.805938" lon="24.430616">
        <ele>70.250651</ele>
      </trkpt>
      <trkpt lat="54.805897" lon="24.430791">
        <ele>70.140778</ele>
      </trkpt>
      <trkpt lat="54.805861" lon="24.430972">
        <ele>70.029411</ele>
      </trkpt>
      <trkpt lat="54.805821" lon="24.431183">
        <ele>69.90022</ele>
      </trkpt>
      <trkpt lat="54.805783" lon="24.43141">
        <ele>69.762734</ele>
      </trkpt>
      <trkpt lat="54.805749" lon="24.431627">
        <ele>69.63194</ele>
      </trkpt>
      <trkpt lat="54.80572" lon="24.431834">
        <ele>69.508037</ele>
      </trkpt>
      <trkpt lat="54.8057" lon="24.432029">
        <ele>69.392837</ele>
      </trkpt>
      <trkpt lat="54.8057" lon="24.432234">
        <ele>69.273603</ele>
      </trkpt>
      <trkpt lat="54.805708" lon="24.432398">
        <ele>69.177875</ele>
      </trkpt>
      <trkpt lat="54.80573" lon="24.432592">
        <ele>69.062875</ele>
      </trkpt>
      <trkpt lat="54.80578" lon="24.432798">
        <ele>68.932868</ele>
      </trkpt>
      <trkpt lat="54.805822" lon="24.433018">
        <ele>68.800935</ele>
      </trkpt>
      <trkpt lat="54.805867" lon="24.43323">
        <ele>68.807952</ele>
      </trkpt>
      <trkpt lat="54.805917" lon="24.433431">
        <ele>68.814751</ele>
      </trkpt>
      <trkpt lat="54.805951" lon="24.433636">
        <ele>68.821376</ele>
      </trkpt>
      <trkpt lat="54.805971" lon="24.433847">
        <ele>68.828017</ele>
      </trkpt>
      <trkpt lat="54.805987" lon="24.434025">
        <ele>68.833612</ele>
      </trkpt>
      <trkpt lat="54.805985" lon="24.434185">
        <ele>68.838583</ele>
      </trkpt>
      <trkpt lat="54.805964" lon="24.434422">
        <ele>68.84603</ele>
      </trkpt>
      <trkpt lat="54.805945" lon="24.434576">
        <ele>68.850921</ele>
      </trkpt>
      <trkpt lat="54.805909" lon="24.434747">
        <ele>68.856575</ele>
      </trkpt>
      <trkpt lat="54.805861" lon="24.434929">
        <ele>68.862791</ele>
      </trkpt>
      <trkpt lat="54.805797" lon="24.435126">
        <ele>68.869814</ele>
      </trkpt>
      <trkpt lat="54.805736" lon="24.435321">
        <ele>68.876705</ele>
      </trkpt>
      <trkpt lat="54.805676" lon="24.435503">
        <ele>68.883217</ele>
      </trkpt>
      <trkpt lat="54.805614" lon="24.435677">
        <ele>68.88957</ele>
      </trkpt>
      <trkpt lat="54.805557" lon="24.435855">
        <ele>68.895894</ele>
      </trkpt>
      <trkpt lat="54.805495" lon="24.436036">
        <ele>69.027955</ele>
      </trkpt>
      <trkpt lat="54.805442" lon="24.436228">
        <ele>69.210354</ele>
      </trkpt>
      <trkpt lat="54.805387" lon="24.436417">
        <ele>69.391759</ele>
      </trkpt>
      <trkpt lat="54.805339" lon="24.436603">
        <ele>69.566369</ele>
      </trkpt>
      <trkpt lat="54.80529" lon="24.436799">
        <ele>69.749419</ele>
      </trkpt>
      <trkpt lat="54.805246" lon="24.436991">
        <ele>69.926451</ele>
      </trkpt>
      <trkpt lat="54.805203" lon="24.437184">
        <ele>70.103739</ele>
      </trkpt>
      <trkpt lat="54.805162" lon="24.437383">
        <ele>70.284808</ele>
      </trkpt>
      <trkpt lat="54.805127" lon="24.437586">
        <ele>70.466355</ele>
      </trkpt>
      <trkpt lat="54.805093" lon="24.437797">
        <ele>70.654073</ele>
      </trkpt>
      <trkpt lat="54.805061" lon="24.438013">
        <ele>70.845158</ele>
      </trkpt>
      <trkpt lat="54.805022" lon="24.438227">
        <ele>71.037462</ele>
      </trkpt>
      <trkpt lat="54.804985" lon="24.438446">
        <ele>71.232998</ele>
      </trkpt>
      <trkpt lat="54.804944" lon="24.438656">
        <ele>71.42297</ele>
      </trkpt>
      <trkpt lat="54.80491" lon="24.438874">
        <ele>71.626358</ele>
      </trkpt>
      <trkpt lat="54.804866" lon="24.439082">
        <ele>71.857965</ele>
      </trkpt>
      <trkpt lat="54.804824" lon="24.439288">
        <ele>72.086375</ele>
      </trkpt>
      <trkpt lat="54.804788" lon="24.439494">
        <ele>72.311391</ele>
      </trkpt>
      <trkpt lat="54.804756" lon="24.439684">
        <ele>72.518306</ele>
      </trkpt>
      <trkpt lat="54.804725" lon="24.439868">
        <ele>72.718693</ele>
      </trkpt>
      <trkpt lat="54.804693" lon="24.440048">
        <ele>72.915598</ele>
      </trkpt>
      <trkpt lat="54.804661" lon="24.440232">
        <ele>73.116502</ele>
      </trkpt>
      <trkpt lat="54.804632" lon="24.440421">
        <ele>73.320948</ele>
      </trkpt>
      <trkpt lat="54.804603" lon="24.440611">
        <ele>73.526405</ele>
      </trkpt>
      <trkpt lat="54.804566" lon="24.440808">
        <ele>73.74299</ele>
      </trkpt>
      <trkpt lat="54.80452" lon="24.441004">
        <ele>73.964208</ele>
      </trkpt>
      <trkpt lat="54.804484" lon="24.441195">
        <ele>74.174269</ele>
      </trkpt>
      <trkpt lat="54.804453" lon="24.441408">
        <ele>74.403912</ele>
      </trkpt>
      <trkpt lat="54.804419" lon="24.441608">
        <ele>74.621881</ele>
      </trkpt>
      <trkpt lat="54.804377" lon="24.4418">
        <ele>74.827946</ele>
      </trkpt>
      <trkpt lat="54.80434" lon="24.441963">
        <ele>74.473564</ele>
      </trkpt>
      <trkpt lat="54.804272" lon="24.442088">
        <ele>74.125861</ele>
      </trkpt>
      <trkpt lat="54.804162" lon="24.442031">
        <ele>73.722942</ele>
      </trkpt>
      <trkpt lat="54.804074" lon="24.441932">
        <ele>73.354841</ele>
      </trkpt>
      <trkpt lat="54.803968" lon="24.441823">
        <ele>72.922377</ele>
      </trkpt>
      <trkpt lat="54.803866" lon="24.44172">
        <ele>72.508166</ele>
      </trkpt>
      <trkpt lat="54.803755" lon="24.441619">
        <ele>72.068262</ele>
      </trkpt>
      <trkpt lat="54.803656" lon="24.441533">
        <ele>71.679681</ele>
      </trkpt>
      <trkpt lat="54.803544" lon="24.441486">
        <ele>71.275259</ele>
      </trkpt>
      <trkpt lat="54.803419" lon="24.441456">
        <ele>70.832367</ele>
      </trkpt>
      <trkpt lat="54.8033" lon="24.441457">
        <ele>70.414707</ele>
      </trkpt>
      <trkpt lat="54.803183" lon="24.441462">
        <ele>70.003946</ele>
      </trkpt>
      <trkpt lat="54.803055" lon="24.441456">
        <ele>69.55454</ele>
      </trkpt>
      <trkpt lat="54.802931" lon="24.441433">
        <ele>69.116856</ele>
      </trkpt>
      <trkpt lat="54.802806" lon="24.441405">
        <ele>68.6745</ele>
      </trkpt>
      <trkpt lat="54.802684" lon="24.441363">
        <ele>68.471851</ele>
      </trkpt>
      <trkpt lat="54.802548" lon="24.44133">
        <ele>68.38829</ele>
      </trkpt>
      <trkpt lat="54.802429" lon="24.441292">
        <ele>68.314663</ele>
      </trkpt>
      <trkpt lat="54.802309" lon="24.44125">
        <ele>68.240173</ele>
      </trkpt>
      <trkpt lat="54.802186" lon="24.441217">
        <ele>68.164439</ele>
      </trkpt>
      <trkpt lat="54.802068" lon="24.441186">
        <ele>68.091819</ele>
      </trkpt>
      <trkpt lat="54.801947" lon="24.441152">
        <ele>68.017232</ele>
      </trkpt>
      <trkpt lat="54.801823" lon="24.441113">
        <ele>67.940549</ele>
      </trkpt>
      <trkpt lat="54.801706" lon="24.441078">
        <ele>67.868304</ele>
      </trkpt>
      <trkpt lat="54.8016" lon="24.441047">
        <ele>67.802894</ele>
      </trkpt>
      <trkpt lat="54.801485" lon="24.441016">
        <ele>67.732078</ele>
      </trkpt>
      <trkpt lat="54.801371" lon="24.440988">
        <ele>67.662018</ele>
      </trkpt>
      <trkpt lat="54.801253" lon="24.440961">
        <ele>67.589594</ele>
      </trkpt>
      <trkpt lat="54.801127" lon="24.440938">
        <ele>67.512501</ele>
      </trkpt>
      <trkpt lat="54.801002" lon="24.440888">
        <ele>67.434444</ele>
      </trkpt>
      <trkpt lat="54.800867" lon="24.440846">
        <ele>67.489758</ele>
      </trkpt>
      <trkpt lat="54.80073" lon="24.440815">
        <ele>67.560298</ele>
      </trkpt>
      <trkpt lat="54.800601" lon="24.440776">
        <ele>67.627153</ele>
      </trkpt>
      <trkpt lat="54.800463" lon="24.440743">
        <ele>67.698277</ele>
      </trkpt>
      <trkpt lat="54.800331" lon="24.44071">
        <ele>67.766368</ele>
      </trkpt>
      <trkpt lat="54.800194" lon="24.440671">
        <ele>67.837251</ele>
      </trkpt>
      <trkpt lat="54.80005" lon="24.440636">
        <ele>67.91149</ele>
      </trkpt>
      <trkpt lat="54.799907" lon="24.440587">
        <ele>67.985911</ele>
      </trkpt>
      <trkpt lat="54.799756" lon="24.440538">
        <ele>68.064344</ele>
      </trkpt>
      <trkpt lat="54.799612" lon="24.440488">
        <ele>68.139323</ele>
      </trkpt>
      <trkpt lat="54.799466" lon="24.440434">
        <ele>68.215541</ele>
      </trkpt>
      <trkpt lat="54.799325" lon="24.440392">
        <ele>68.288584</ele>
      </trkpt>
      <trkpt lat="54.799177" lon="24.440345">
        <ele>68.349994</ele>
      </trkpt>
      <trkpt lat="54.799043" lon="24.440296">
        <ele>68.367701</ele>
      </trkpt>
      <trkpt lat="54.798902" lon="24.440258">
        <ele>68.386152</ele>
      </trkpt>
      <trkpt lat="54.798771" lon="24.44021">
        <ele>68.403464</ele>
      </trkpt>
      <trkpt lat="54.798634" lon="24.440166">
        <ele>68.42148</ele>
      </trkpt>
      <trkpt lat="54.79849" lon="24.440125">
        <ele>68.440349</ele>
      </trkpt>
      <trkpt lat="54.79835" lon="24.440087">
        <ele>68.458671</ele>
      </trkpt>
      <trkpt lat="54.798225" lon="24.44005">
        <ele>68.475068</ele>
      </trkpt>
      <trkpt lat="54.798096" lon="24.440011">
        <ele>68.491999</ele>
      </trkpt>
      <trkpt lat="54.797976" lon="24.439949">
        <ele>68.50819</ele>
      </trkpt>
      <trkpt lat="54.797846" lon="24.439899">
        <ele>68.525407</ele>
      </trkpt>
      <trkpt lat="54.797726" lon="24.439837">
        <ele>68.541597</ele>
      </trkpt>
      <trkpt lat="54.7976" lon="24.439772">
        <ele>68.558595</ele>
      </trkpt>
      <trkpt lat="54.797481" lon="24.439662">
        <ele>68.57603</ele>
      </trkpt>
      <trkpt lat="54.797355" lon="24.43955">
        <ele>68.667081</ele>
      </trkpt>
      <trkpt lat="54.797229" lon="24.439412">
        <ele>68.768807</ele>
      </trkpt>
      <trkpt lat="54.797109" lon="24.439271">
        <ele>68.867751</ele>
      </trkpt>
      <trkpt lat="54.796988" lon="24.439136">
        <ele>68.965964</ele>
      </trkpt>
      <trkpt lat="54.796869" lon="24.438986">
        <ele>69.066385</ele>
      </trkpt>
      <trkpt lat="54.796752" lon="24.43885">
        <ele>69.162531</ele>
      </trkpt>
      <trkpt lat="54.796634" lon="24.438719">
        <ele>69.25817</ele>
      </trkpt>
      <trkpt lat="54.79652" lon="24.438583">
        <ele>69.352623</ele>
      </trkpt>
      <trkpt lat="54.796403" lon="24.438441">
        <ele>69.450104</ele>
      </trkpt>
      <trkpt lat="54.796296" lon="24.438315">
        <ele>69.53839</ele>
      </trkpt>
      <trkpt lat="54.796188" lon="24.438196">
        <ele>69.625735</ele>
      </trkpt>
      <trkpt lat="54.796083" lon="24.438077">
        <ele>69.711358</ele>
      </trkpt>
      <trkpt lat="54.79598" lon="24.437947">
        <ele>69.798316</ele>
      </trkpt>
      <trkpt lat="54.795874" lon="24.437819">
        <ele>69.970843</ele>
      </trkpt>
      <trkpt lat="54.795772" lon="24.437707">
        <ele>70.138793</ele>
      </trkpt>
      <trkpt lat="54.795671" lon="24.4376">
        <ele>70.303443</ele>
      </trkpt>
      <trkpt lat="54.795575" lon="24.437475">
        <ele>70.470445</ele>
      </trkpt>
      <trkpt lat="54.795478" lon="24.437361">
        <ele>70.633455</ele>
      </trkpt>
      <trkpt lat="54.795382" lon="24.437251">
        <ele>70.793524</ele>
      </trkpt>
      <trkpt lat="54.795282" lon="24.437132">
        <ele>70.962242</ele>
      </trkpt>
      <trkpt lat="54.795186" lon="24.437014">
        <ele>71.125935</ele>
      </trkpt>
      <trkpt lat="54.795106" lon="24.436921">
        <ele>71.259919</ele>
      </trkpt>
      <trkpt lat="54.794988" lon="24.436813">
        <ele>71.445539</ele>
      </trkpt>
      <trkpt lat="54.794903" lon="24.436738">
        <ele>71.578216</ele>
      </trkpt>
      <trkpt lat="54.794811" lon="24.436762">
        <ele>71.70765</ele>
      </trkpt>
      <trkpt lat="54.794706" lon="24.436857">
        <ele>71.87241</ele>
      </trkpt>
      <trkpt lat="54.794623" lon="24.437014">
        <ele>72.043265</ele>
      </trkpt>
      <trkpt lat="54.794545" lon="24.437209">
        <ele>72.233628</ele>
      </trkpt>
      <trkpt lat="54.794455" lon="24.437415">
        <ele>72.232811</ele>
      </trkpt>
      <trkpt lat="54.794361" lon="24.437636">
        <ele>72.109301</ele>
      </trkpt>
      <trkpt lat="54.794263" lon="24.437864">
        <ele>71.981404</ele>
      </trkpt>
      <trkpt lat="54.794158" lon="24.43808">
        <ele>71.854342</ele>
      </trkpt>
      <trkpt lat="54.794062" lon="24.4383">
        <ele>71.730258</ele>
      </trkpt>
      <trkpt lat="54.793968" lon="24.438503">
        <ele>71.613164</ele>
      </trkpt>
      <trkpt lat="54.793867" lon="24.438706">
        <ele>71.492574</ele>
      </trkpt>
      <trkpt lat="54.793774" lon="24.438918">
        <ele>71.37277</ele>
      </trkpt>
      <trkpt lat="54.793681" lon="24.439119">
        <ele>71.256865</ele>
      </trkpt>
      <trkpt lat="54.793601" lon="24.43932">
        <ele>71.147021</ele>
      </trkpt>
      <trkpt lat="54.793533" lon="24.439534">
        <ele>71.03713</ele>
      </trkpt>
      <trkpt lat="54.793477" lon="24.439748">
        <ele>70.931438</ele>
      </trkpt>
      <trkpt lat="54.793419" lon="24.439964">
        <ele>70.968116</ele>
      </trkpt>
      <trkpt lat="54.793361" lon="24.44017">
        <ele>71.049818</ele>
      </trkpt>
      <trkpt lat="54.793312" lon="24.440391">
        <ele>71.134203</ele>
      </trkpt>
      <trkpt lat="54.79326" lon="24.440607">
        <ele>71.217624</ele>
      </trkpt>
      <trkpt lat="54.793197" lon="24.440827">
        <ele>71.305169</ele>
      </trkpt>
      <trkpt lat="54.793142" lon="24.441037">
        <ele>71.387371</ele>
      </trkpt>
      <trkpt lat="54.793093" lon="24.441219">
        <ele>71.458957</ele>
      </trkpt>
      <trkpt lat="54.793042" lon="24.441376">
        <ele>71.523181</ele>
      </trkpt>
      <trkpt lat="54.792999" lon="24.44153">
        <ele>71.584163</ele>
      </trkpt>
      <trkpt lat="54.792953" lon="24.441711">
        <ele>71.654658</ele>
      </trkpt>
      <trkpt lat="54.792894" lon="24.441907">
        <ele>71.733459</ele>
      </trkpt>
      <trkpt lat="54.792833" lon="24.442137">
        <ele>71.823686</ele>
      </trkpt>
      <trkpt lat="54.792755" lon="24.442397">
        <ele>71.928142</ele>
      </trkpt>
      <trkpt lat="54.792682" lon="24.442663">
        <ele>72.0102</ele>
      </trkpt>
      <trkpt lat="54.792608" lon="24.44293">
        <ele>71.971303</ele>
      </trkpt>
      <trkpt lat="54.792532" lon="24.4432">
        <ele>71.931852</ele>
      </trkpt>
      <trkpt lat="54.792449" lon="24.443465">
        <ele>71.892255</ele>
      </trkpt>
      <trkpt lat="54.792388" lon="24.443703">
        <ele>71.858057</ele>
      </trkpt>
      <trkpt lat="54.79232" lon="24.44393">
        <ele>71.824469</ele>
      </trkpt>
      <trkpt lat="54.792243" lon="24.444165">
        <ele>71.788979</ele>
      </trkpt>
      <trkpt lat="54.792163" lon="24.444395">
        <ele>71.75371</ele>
      </trkpt>
      <trkpt lat="54.792083" lon="24.444612">
        <ele>71.719891</ele>
      </trkpt>
      <trkpt lat="54.792" lon="24.444857">
        <ele>71.68258</ele>
      </trkpt>
      <trkpt lat="54.791919" lon="24.445085">
        <ele>71.647416</ele>
      </trkpt>
      <trkpt lat="54.79187" lon="24.445217">
        <ele>71.626803</ele>
      </trkpt>
      <trkpt lat="54.791782" lon="24.445474">
        <ele>71.525369</ele>
      </trkpt>
      <trkpt lat="54.791696" lon="24.445732">
        <ele>71.35951</ele>
      </trkpt>
      <trkpt lat="54.791622" lon="24.445961">
        <ele>71.213409</ele>
      </trkpt>
      <trkpt lat="54.791547" lon="24.446191">
        <ele>71.06635</ele>
      </trkpt>
      <trkpt lat="54.791471" lon="24.446408">
        <ele>70.925043</ele>
      </trkpt>
      <trkpt lat="54.791396" lon="24.446651">
        <ele>70.771644</ele>
      </trkpt>
      <trkpt lat="54.791321" lon="24.446882">
        <ele>70.624099</ele>
      </trkpt>
      <trkpt lat="54.791247" lon="24.447098">
        <ele>70.484264</ele>
      </trkpt>
      <trkpt lat="54.791178" lon="24.447309">
        <ele>70.349258</ele>
      </trkpt>
      <trkpt lat="54.791109" lon="24.447523">
        <ele>70.212798</ele>
      </trkpt>
      <trkpt lat="54.791035" lon="24.447752">
        <ele>70.066695</ele>
      </trkpt>
      <trkpt lat="54.790967" lon="24.447988">
        <ele>69.919861</ele>
      </trkpt>
      <trkpt lat="54.790894" lon="24.448224">
        <ele>69.946003</ele>
      </trkpt>
      <trkpt lat="54.790839" lon="24.448479">
        <ele>70.060663</ele>
      </trkpt>
      <trkpt lat="54.790798" lon="24.448749">
        <ele>70.17825</ele>
      </trkpt>
      <trkpt lat="54.790763" lon="24.449036">
        <ele>70.301793</ele>
      </trkpt>
      <trkpt lat="54.790732" lon="24.449325">
        <ele>70.425592</ele>
      </trkpt>
      <trkpt lat="54.790708" lon="24.449618">
        <ele>70.550227</ele>
      </trkpt>
      <trkpt lat="54.790682" lon="24.449915">
        <ele>70.67674</ele>
      </trkpt>
      <trkpt lat="54.790669" lon="24.450073">
        <ele>70.743956</ele>
      </trkpt>
      <trkpt lat="54.790652" lon="24.450233">
        <ele>70.812474</ele>
      </trkpt>
      <trkpt lat="54.790637" lon="24.450392">
        <ele>70.880326</ele>
      </trkpt>
      <trkpt lat="54.79062" lon="24.450546">
        <ele>70.946361</ele>
      </trkpt>
      <trkpt lat="54.790604" lon="24.450708">
        <ele>71.01558</ele>
      </trkpt>
      <trkpt lat="54.790591" lon="24.450871">
        <ele>71.084881</ele>
      </trkpt>
      <trkpt lat="54.790578" lon="24.451029">
        <ele>71.152096</ele>
      </trkpt>
      <trkpt lat="54.790554" lon="24.451328">
        <ele>71.406227</ele>
      </trkpt>
      <trkpt lat="54.790531" lon="24.451623">
        <ele>71.699368</ele>
      </trkpt>
      <trkpt lat="54.790504" lon="24.451926">
        <ele>72.001286</ele>
      </trkpt>
      <trkpt lat="54.790472" lon="24.452234">
        <ele>72.30947</ele>
      </trkpt>
      <trkpt lat="54.790449" lon="24.452517">
        <ele>72.590906</ele>
      </trkpt>
      <trkpt lat="54.790423" lon="24.452804">
        <ele>72.876993</ele>
      </trkpt>
      <trkpt lat="54.790408" lon="24.452958">
        <ele>73.030792</ele>
      </trkpt>
      <trkpt lat="54.790383" lon="24.453244">
        <ele>73.315645</ele>
      </trkpt>
      <trkpt lat="54.790351" lon="24.453532">
        <ele>73.604469</ele>
      </trkpt>
      <trkpt lat="54.790324" lon="24.45381">
        <ele>73.882083</ele>
      </trkpt>
      <trkpt lat="54.790302" lon="24.454089">
        <ele>74.159384</ele>
      </trkpt>
      <trkpt lat="54.790294" lon="24.454244">
        <ele>74.476558</ele>
      </trkpt>
      <trkpt lat="54.790265" lon="24.454533">
        <ele>75.605956</ele>
      </trkpt>
      <trkpt lat="54.790241" lon="24.454825">
        <ele>76.741546</ele>
      </trkpt>
      <trkpt lat="54.790211" lon="24.455099">
        <ele>77.815321</ele>
      </trkpt>
      <trkpt lat="54.790179" lon="24.455359">
        <ele>78.838897</ele>
      </trkpt>
      <trkpt lat="54.790141" lon="24.455622">
        <ele>79.882781</ele>
      </trkpt>
      <trkpt lat="54.790085" lon="24.455869">
        <ele>80.904634</ele>
      </trkpt>
      <trkpt lat="54.789998" lon="24.456077">
        <ele>81.893984</ele>
      </trkpt>
      <trkpt lat="54.789894" lon="24.456274">
        <ele>82.922362</ele>
      </trkpt>
      <trkpt lat="54.789778" lon="24.456463">
        <ele>83.985144</ele>
      </trkpt>
      <trkpt lat="54.789657" lon="24.456647">
        <ele>85.059715</ele>
      </trkpt>
      <trkpt lat="54.789529" lon="24.456821">
        <ele>86.145697</ele>
      </trkpt>
      <trkpt lat="54.789398" lon="24.457">
        <ele>87.276895</ele>
      </trkpt>
      <trkpt lat="54.789263" lon="24.457156">
        <ele>88.379305</ele>
      </trkpt>
      <trkpt lat="54.789121" lon="24.457293">
        <ele>89.483564</ele>
      </trkpt>
      <trkpt lat="54.788977" lon="24.457438">
        <ele>90.61513</ele>
      </trkpt>
      <trkpt lat="54.788834" lon="24.457563">
        <ele>91.703377</ele>
      </trkpt>
      <trkpt lat="54.788684" lon="24.45768">
        <ele>92.821087</ele>
      </trkpt>
      <trkpt lat="54.788535" lon="24.457794">
        <ele>93.927808</ele>
      </trkpt>
      <trkpt lat="54.788387" lon="24.457905">
        <ele>95.023596</ele>
      </trkpt>
      <trkpt lat="54.788243" lon="24.458004">
        <ele>96.076269</ele>
      </trkpt>
      <trkpt lat="54.788096" lon="24.4581">
        <ele>97.143722</ele>
      </trkpt>
      <trkpt lat="54.787945" lon="24.458184">
        <ele>98.221377</ele>
      </trkpt>
      <trkpt lat="54.787818" lon="24.458254">
        <ele>98.906078</ele>
      </trkpt>
      <trkpt lat="54.78771" lon="24.458331">
        <ele>99.424446</ele>
      </trkpt>
      <trkpt lat="54.787617" lon="24.458392">
        <ele>99.865833</ele>
      </trkpt>
      <trkpt lat="54.787516" lon="24.458415">
        <ele>100.318043</ele>
      </trkpt>
      <trkpt lat="54.787445" lon="24.458269">
        <ele>100.806925</ele>
      </trkpt>
      <trkpt lat="54.787369" lon="24.458091">
        <ele>101.373867</ele>
      </trkpt>
      <trkpt lat="54.787292" lon="24.457908">
        <ele>101.95375</ele>
      </trkpt>
      <trkpt lat="54.787226" lon="24.457785">
        <ele>102.383831</ele>
      </trkpt>
      <trkpt lat="54.787163" lon="24.45767">
        <ele>102.789871</ele>
      </trkpt>
      <trkpt lat="54.787093" lon="24.457561">
        <ele>103.207495</ele>
      </trkpt>
      <trkpt lat="54.787014" lon="24.457464">
        <ele>103.637191</ele>
      </trkpt>
      <trkpt lat="54.786924" lon="24.457404">
        <ele>104.065224</ele>
      </trkpt>
      <trkpt lat="54.786825" lon="24.457353">
        <ele>104.523686</ele>
      </trkpt>
      <trkpt lat="54.786717" lon="24.457329">
        <ele>105.007042</ele>
      </trkpt>
      <trkpt lat="54.786607" lon="24.457313">
        <ele>105.497071</ele>
      </trkpt>
      <trkpt lat="54.786503" lon="24.457285">
        <ele>105.96428</ele>
      </trkpt>
      <trkpt lat="54.786407" lon="24.457254">
        <ele>106.39777</ele>
      </trkpt>
      <trkpt lat="54.786316" lon="24.457231">
        <ele>106.638305</ele>
      </trkpt>
      <trkpt lat="54.786227" lon="24.457211">
        <ele>106.835145</ele>
      </trkpt>
      <trkpt lat="54.78613" lon="24.457183">
        <ele>107.050828</ele>
      </trkpt>
      <trkpt lat="54.786024" lon="24.457151">
        <ele>107.286819</ele>
      </trkpt>
      <trkpt lat="54.78591" lon="24.457127">
        <ele>107.538697</ele>
      </trkpt>
      <trkpt lat="54.7858" lon="24.457091">
        <ele>107.784225</ele>
      </trkpt>
      <trkpt lat="54.785686" lon="24.457052">
        <ele>108.039086</ele>
      </trkpt>
      <trkpt lat="54.785575" lon="24.457032">
        <ele>108.283859</ele>
      </trkpt>
      <trkpt lat="54.785457" lon="24.457025">
        <ele>108.542826</ele>
      </trkpt>
      <trkpt lat="54.785342" lon="24.457028">
        <ele>108.79509</ele>
      </trkpt>
      <trkpt lat="54.785225" lon="24.45703">
        <ele>109.051725</ele>
      </trkpt>
      <trkpt lat="54.785117" lon="24.457028">
        <ele>109.28862</ele>
      </trkpt>
      <trkpt lat="54.785003" lon="24.457014">
        <ele>109.539289</ele>
      </trkpt>
      <trkpt lat="54.78489" lon="24.456991">
        <ele>109.788839</ele>
      </trkpt>
      <trkpt lat="54.784784" lon="24.456968">
        <ele>110.023147</ele>
      </trkpt>
      <trkpt lat="54.784678" lon="24.456947">
        <ele>110.257155</ele>
      </trkpt>
      <trkpt lat="54.784573" lon="24.456926">
        <ele>110.433709</ele>
      </trkpt>
      <trkpt lat="54.784471" lon="24.456894">
        <ele>110.479985</ele>
      </trkpt>
      <trkpt lat="54.784367" lon="24.456851">
        <ele>110.527715</ele>
      </trkpt>
      <trkpt lat="54.784258" lon="24.456816">
        <ele>110.577203</ele>
      </trkpt>
      <trkpt lat="54.784151" lon="24.456768">
        <ele>110.626544</ele>
      </trkpt>
      <trkpt lat="54.784055" lon="24.456723">
        <ele>110.67094</ele>
      </trkpt>
      <trkpt lat="54.783932" lon="24.456732">
        <ele>110.7259</ele>
      </trkpt>
      <trkpt lat="54.783834" lon="24.456878">
        <ele>110.783578</ele>
      </trkpt>
      <trkpt lat="54.783796" lon="24.457023">
        <ele>110.824581</ele>
      </trkpt>
      <trkpt lat="54.783784" lon="24.457202">
        <ele>110.870974</ele>
      </trkpt>
      <trkpt lat="54.783804" lon="24.457002">
        <ele>110.92323</ele>
      </trkpt>
      <trkpt lat="54.783854" lon="24.456838">
        <ele>110.970988</ele>
      </trkpt>
      <trkpt lat="54.783921" lon="24.456701">
        <ele>111.017233</ele>
      </trkpt>
      <trkpt lat="54.78388" lon="24.456561">
        <ele>111.057656</ele>
      </trkpt>
      <trkpt lat="54.783819" lon="24.456414">
        <ele>111.10428</ele>
      </trkpt>
      <trkpt lat="54.783732" lon="24.456291">
        <ele>111.154392</ele>
      </trkpt>
      <trkpt lat="54.783617" lon="24.456197">
        <ele>111.211149</ele>
      </trkpt>
      <trkpt lat="54.783502" lon="24.456094">
        <ele>111.351215</ele>
      </trkpt>
      <trkpt lat="54.783395" lon="24.456021">
        <ele>111.493623</ele>
      </trkpt>
      <trkpt lat="54.78329" lon="24.456018">
        <ele>111.623685</ele>
      </trkpt>
      <trkpt lat="54.783166" lon="24.456105">
        <ele>111.789356</ele>
      </trkpt>
      <trkpt lat="54.783069" lon="24.456157">
        <ele>111.915102</ele>
      </trkpt>
      <trkpt lat="54.78294" lon="24.456207">
        <ele>112.078813</ele>
      </trkpt>
      <trkpt lat="54.782845" lon="24.456236">
        <ele>112.198281</ele>
      </trkpt>
      <trkpt lat="54.782716" lon="24.45625">
        <ele>112.358363</ele>
      </trkpt>
      <trkpt lat="54.782587" lon="24.45627">
        <ele>112.518769</ele>
      </trkpt>
      <trkpt lat="54.782457" lon="24.456272">
        <ele>112.679782</ele>
      </trkpt>
      <trkpt lat="54.782355" lon="24.456254">
        <ele>112.806764</ele>
      </trkpt>
      <trkpt lat="54.782261" lon="24.456257">
        <ele>112.923204</ele>
      </trkpt>
      <trkpt lat="54.782158" lon="24.456271">
        <ele>113.051163</ele>
      </trkpt>
      <trkpt lat="54.782064" lon="24.456274">
        <ele>113.167603</ele>
      </trkpt>
      <trkpt lat="54.78195" lon="24.456281">
        <ele>113.308882</ele>
      </trkpt>
      <trkpt lat="54.781837" lon="24.456266">
        <ele>113.449244</ele>
      </trkpt>
      <trkpt lat="54.781732" lon="24.456253">
        <ele>113.799191</ele>
      </trkpt>
      <trkpt lat="54.78164" lon="24.456236">
        <ele>114.108201</ele>
      </trkpt>
      <trkpt lat="54.781528" lon="24.45622">
        <ele>114.483536</ele>
      </trkpt>
      <trkpt lat="54.781423" lon="24.456187">
        <ele>114.839938</ele>
      </trkpt>
      <trkpt lat="54.781317" lon="24.456145">
        <ele>115.203092</ele>
      </trkpt>
      <trkpt lat="54.781219" lon="24.456116">
        <ele>115.535133</ele>
      </trkpt>
      <trkpt lat="54.781122" lon="24.456086">
        <ele>115.864215</ele>
      </trkpt>
      <trkpt lat="54.781017" lon="24.456015">
        <ele>116.240625</ele>
      </trkpt>
      <trkpt lat="54.780908" lon="24.455969">
        <ele>116.6153</ele>
      </trkpt>
      <trkpt lat="54.780813" lon="24.456062">
        <ele>116.979663</ele>
      </trkpt>
      <trkpt lat="54.780711" lon="24.456137">
        <ele>117.349695</ele>
      </trkpt>
      <trkpt lat="54.780617" lon="24.456192">
        <ele>117.681037</ele>
      </trkpt>
      <trkpt lat="54.780527" lon="24.45622">
        <ele>117.986427</ele>
      </trkpt>
      <trkpt lat="54.780449" lon="24.45614">
        <ele>118.289099</ele>
      </trkpt>
      <trkpt lat="54.780394" lon="24.456266">
        <ele>118.593475</ele>
      </trkpt>
      <trkpt lat="54.780317" lon="24.456419">
        <ele>118.98461</ele>
      </trkpt>
      <trkpt lat="54.780252" lon="24.456562">
        <ele>119.335319</ele>
      </trkpt>
      <trkpt lat="54.780193" lon="24.456723">
        <ele>119.548921</ele>
      </trkpt>
      <trkpt lat="54.78013" lon="24.456877">
        <ele>119.684513</ele>
      </trkpt>
      <trkpt lat="54.780067" lon="24.457037">
        <ele>119.823641</ele>
      </trkpt>
      <trkpt lat="54.780004" lon="24.4572">
        <ele>119.964555</ele>
      </trkpt>
      <trkpt lat="54.779932" lon="24.457364">
        <ele>120.112572</ele>
      </trkpt>
      <trkpt lat="54.77986" lon="24.457535">
        <ele>120.26462</ele>
      </trkpt>
      <trkpt lat="54.779774" lon="24.457691">
        <ele>120.4196</ele>
      </trkpt>
      <trkpt lat="54.779687" lon="24.457856">
        <ele>120.580153</ele>
      </trkpt>
      <trkpt lat="54.779594" lon="24.45801">
        <ele>120.740284</ele>
      </trkpt>
      <trkpt lat="54.779497" lon="24.458151">
        <ele>120.8979</ele>
      </trkpt>
      <trkpt lat="54.779384" lon="24.458293">
        <ele>121.071678</ele>
      </trkpt>
      <trkpt lat="54.779277" lon="24.458441">
        <ele>121.242117</ele>
      </trkpt>
      <trkpt lat="54.779175" lon="24.458587">
        <ele>121.406816</ele>
      </trkpt>
      <trkpt lat="54.779073" lon="24.458749">
        <ele>121.579058</ele>
      </trkpt>
      <trkpt lat="54.778997" lon="24.458911">
        <ele>121.743725</ele>
      </trkpt>
      <trkpt lat="54.77895" lon="24.459045">
        <ele>121.908338</ele>
      </trkpt>
      <trkpt lat="54.778908" lon="24.459211">
        <ele>122.0986</ele>
      </trkpt>
      <trkpt lat="54.778856" lon="24.459414">
        <ele>122.331738</ele>
      </trkpt>
      <trkpt lat="54.778805" lon="24.459641">
        <ele>122.587437</ele>
      </trkpt>
      <trkpt lat="54.778738" lon="24.459871">
        <ele>122.857891</ele>
      </trkpt>
      <trkpt lat="54.77868" lon="24.460092">
        <ele>123.112739</ele>
      </trkpt>
      <trkpt lat="54.778623" lon="24.460312">
        <ele>123.365882</ele>
      </trkpt>
      <trkpt lat="54.778563" lon="24.460526">
        <ele>123.615633</ele>
      </trkpt>
      <trkpt lat="54.778506" lon="24.460724">
        <ele>123.847905</ele>
      </trkpt>
      <trkpt lat="54.778452" lon="24.460924">
        <ele>124.079691</ele>
      </trkpt>
      <trkpt lat="54.778401" lon="24.461109">
        <ele>124.294911</ele>
      </trkpt>
      <trkpt lat="54.778351" lon="24.461289">
        <ele>124.504612</ele>
      </trkpt>
      <trkpt lat="54.778307" lon="24.461452">
        <ele>124.69351</ele>
      </trkpt>
      <trkpt lat="54.778248" lon="24.461624">
        <ele>124.903561</ele>
      </trkpt>
      <trkpt lat="54.778157" lon="24.461654">
        <ele>125.21388</ele>
      </trkpt>
      <trkpt lat="54.778051" lon="24.461613">
        <ele>125.687257</ele>
      </trkpt>
      <trkpt lat="54.777937" lon="24.461575">
        <ele>126.193245</ele>
      </trkpt>
      <trkpt lat="54.777806" lon="24.461552">
        <ele>126.767151</ele>
      </trkpt>
      <trkpt lat="54.777671" lon="24.461513">
        <ele>127.363684</ele>
      </trkpt>
      <trkpt lat="54.777576" lon="24.46149">
        <ele>127.781776</ele>
      </trkpt>
      <trkpt lat="54.777441" lon="24.461476">
        <ele>128.371248</ele>
      </trkpt>
      <trkpt lat="54.777348" lon="24.461474">
        <ele>128.776636</ele>
      </trkpt>
      <trkpt lat="54.777249" lon="24.461471">
        <ele>129.208211</ele>
      </trkpt>
      <trkpt lat="54.777159" lon="24.461469">
        <ele>129.600524</ele>
      </trkpt>
      <trkpt lat="54.777066" lon="24.461474">
        <ele>130.006076</ele>
      </trkpt>
      <trkpt lat="54.776967" lon="24.461484">
        <ele>130.438316</ele>
      </trkpt>
      <trkpt lat="54.776862" lon="24.461505">
        <ele>130.899012</ele>
      </trkpt>
      <trkpt lat="54.776748" lon="24.46152">
        <ele>131.39733</ele>
      </trkpt>
      <trkpt lat="54.776634" lon="24.461539">
        <ele>131.896509</ele>
      </trkpt>
      <trkpt lat="54.776541" lon="24.461556">
        <ele>132.304113</ele>
      </trkpt>
      <trkpt lat="54.776434" lon="24.461575">
        <ele>132.772931</ele>
      </trkpt>
      <trkpt lat="54.776336" lon="24.461599">
        <ele>132.773096</ele>
      </trkpt>
      <trkpt lat="54.776223" lon="24.461623">
        <ele>132.726332</ele>
      </trkpt>
      <trkpt lat="54.776111" lon="24.461641">
        <ele>132.680129</ele>
      </trkpt>
      <trkpt lat="54.775997" lon="24.461659">
        <ele>132.633108</ele>
      </trkpt>
      <trkpt lat="54.775875" lon="24.461678">
        <ele>132.582792</ele>
      </trkpt>
      <trkpt lat="54.77575" lon="24.461698">
        <ele>132.531228</ele>
      </trkpt>
      <trkpt lat="54.775638" lon="24.461721">
        <ele>132.484901</ele>
      </trkpt>
      <trkpt lat="54.775528" lon="24.461737">
        <ele>132.439558</ele>
      </trkpt>
      <trkpt lat="54.77542" lon="24.461754">
        <ele>132.395012</ele>
      </trkpt>
      <trkpt lat="54.775321" lon="24.461785">
        <ele>132.353688</ele>
      </trkpt>
      <trkpt lat="54.77522" lon="24.461797">
        <ele>132.312103</ele>
      </trkpt>
      <trkpt lat="54.775093" lon="24.461804">
        <ele>132.25991</ele>
      </trkpt>
      <trkpt lat="54.774983" lon="24.461805">
        <ele>132.214725</ele>
      </trkpt>
      <trkpt lat="54.774897" lon="24.46189">
        <ele>132.174061</ele>
      </trkpt>
      <trkpt lat="54.774844" lon="24.462017">
        <ele>132.136922</ele>
      </trkpt>
      <trkpt lat="54.774855" lon="24.462204">
        <ele>132.092387</ele>
      </trkpt>
      <trkpt lat="54.774857" lon="24.462382">
        <ele>132.074841</ele>
      </trkpt>
      <trkpt lat="54.774854" lon="24.46259">
        <ele>132.082815</ele>
      </trkpt>
      <trkpt lat="54.774855" lon="24.462746">
        <ele>132.088794</ele>
      </trkpt>
      <trkpt lat="54.774847" lon="24.462958">
        <ele>132.096937</ele>
      </trkpt>
      <trkpt lat="54.774836" lon="24.463148">
        <ele>132.104255</ele>
      </trkpt>
      <trkpt lat="54.774815" lon="24.463342">
        <ele>132.11182</ele>
      </trkpt>
      <trkpt lat="54.774799" lon="24.463574">
        <ele>132.120774</ele>
      </trkpt>
      <trkpt lat="54.774791" lon="24.463732">
        <ele>132.126853</ele>
      </trkpt>
      <trkpt lat="54.774775" lon="24.463903">
        <ele>132.133492</ele>
      </trkpt>
      <trkpt lat="54.774767" lon="24.464076">
        <ele>132.140144</ele>
      </trkpt>
      <trkpt lat="54.774753" lon="24.464259">
        <ele>132.147219</ele>
      </trkpt>
      <trkpt lat="54.774737" lon="24.464439">
        <ele>132.154199</ele>
      </trkpt>
      <trkpt lat="54.774724" lon="24.46461">
        <ele>132.160809</ele>
      </trkpt>
      <trkpt lat="54.774723" lon="24.464789">
        <ele>132.167669</ele>
      </trkpt>
      <trkpt lat="54.774721" lon="24.464975">
        <ele>132.174799</ele>
      </trkpt>
      <trkpt lat="54.774719" lon="24.465161">
        <ele>132.181929</ele>
      </trkpt>
      <trkpt lat="54.774713" lon="24.465348">
        <ele>132.189106</ele>
      </trkpt>
      <trkpt lat="54.774705" lon="24.465527">
        <ele>132.327652</ele>
      </trkpt>
      <trkpt lat="54.774693" lon="24.465708">
        <ele>132.516131</ele>
      </trkpt>
      <trkpt lat="54.774683" lon="24.465912">
        <ele>132.727931</ele>
      </trkpt>
      <trkpt lat="54.774672" lon="24.466103">
        <ele>132.926505</ele>
      </trkpt>
      <trkpt lat="54.77466" lon="24.466277">
        <ele>133.107791</ele>
      </trkpt>
      <trkpt lat="54.774646" lon="24.466455">
        <ele>133.293638</ele>
      </trkpt>
      <trkpt lat="54.774644" lon="24.466648">
        <ele>133.49333</ele>
      </trkpt>
      <trkpt lat="54.774633" lon="24.466844">
        <ele>133.697051</ele>
      </trkpt>
      <trkpt lat="54.774624" lon="24.46705">
        <ele>133.910771</ele>
      </trkpt>
      <trkpt lat="54.774617" lon="24.467247">
        <ele>134.114955</ele>
      </trkpt>
      <trkpt lat="54.774615" lon="24.467452">
        <ele>134.32706</ele>
      </trkpt>
      <trkpt lat="54.774604" lon="24.467639">
        <ele>134.521517</ele>
      </trkpt>
      <trkpt lat="54.774593" lon="24.467836">
        <ele>134.726268</ele>
      </trkpt>
      <trkpt lat="54.774589" lon="24.468028">
        <ele>134.925023</ele>
      </trkpt>
      <trkpt lat="54.774581" lon="24.468231">
        <ele>135.135518</ele>
      </trkpt>
      <trkpt lat="54.774567" lon="24.468425">
        <ele>135.337778</ele>
      </trkpt>
      <trkpt lat="54.774558" lon="24.468631">
        <ele>135.370069</ele>
      </trkpt>
      <trkpt lat="54.774548" lon="24.468839">
        <ele>135.294991</ele>
      </trkpt>
      <trkpt lat="54.774541" lon="24.469064">
        <ele>135.213939</ele>
      </trkpt>
      <trkpt lat="54.774535" lon="24.469282">
        <ele>135.135433</ele>
      </trkpt>
      <trkpt lat="54.774526" lon="24.469489">
        <ele>135.060762</ele>
      </trkpt>
      <trkpt lat="54.774523" lon="24.469697">
        <ele>134.98592</ele>
      </trkpt>
      <trkpt lat="54.774522" lon="24.469899">
        <ele>134.913256</ele>
      </trkpt>
      <trkpt lat="54.774516" lon="24.470069">
        <ele>134.851991</ele>
      </trkpt>
      <trkpt lat="54.774506" lon="24.470249">
        <ele>134.786944</ele>
      </trkpt>
      <trkpt lat="54.774485" lon="24.470458">
        <ele>134.710633</ele>
      </trkpt>
      <trkpt lat="54.774474" lon="24.470655">
        <ele>134.639439</ele>
      </trkpt>
      <trkpt lat="54.774463" lon="24.470852">
        <ele>134.568245</ele>
      </trkpt>
      <trkpt lat="54.774457" lon="24.471039">
        <ele>134.500876</ele>
      </trkpt>
      <trkpt lat="54.774444" lon="24.471218">
        <ele>134.43598</ele>
      </trkpt>
      <trkpt lat="54.774426" lon="24.471397">
        <ele>134.370621</ele>
      </trkpt>
      <trkpt lat="54.774413" lon="24.471588">
        <ele>134.301439</ele>
      </trkpt>
      <trkpt lat="54.774404" lon="24.471779">
        <ele>134.429988</ele>
      </trkpt>
      <trkpt lat="54.774387" lon="24.471976">
        <ele>134.584082</ele>
      </trkpt>
      <trkpt lat="54.774383" lon="24.472187">
        <ele>134.747398</ele>
      </trkpt>
      <trkpt lat="54.774377" lon="24.472381">
        <ele>134.89769</ele>
      </trkpt>
      <trkpt lat="54.774365" lon="24.472571">
        <ele>135.045552</ele>
      </trkpt>
      <trkpt lat="54.774368" lon="24.47276">
        <ele>135.191816</ele>
      </trkpt>
      <trkpt lat="54.774374" lon="24.472919">
        <ele>135.31508</ele>
      </trkpt>
      <trkpt lat="54.77437" lon="24.473107">
        <ele>135.460614</ele>
      </trkpt>
      <trkpt lat="54.774363" lon="24.473309">
        <ele>135.617162</ele>
      </trkpt>
      <trkpt lat="54.774361" lon="24.473465">
        <ele>135.737872</ele>
      </trkpt>
      <trkpt lat="54.774357" lon="24.473627">
        <ele>135.863309</ele>
      </trkpt>
      <trkpt lat="54.774349" lon="24.473809">
        <ele>136.004511</ele>
      </trkpt>
      <trkpt lat="54.774345" lon="24.473972">
        <ele>136.130721</ele>
      </trkpt>
      <trkpt lat="54.774343" lon="24.474143">
        <ele>136.263033</ele>
      </trkpt>
      <trkpt lat="54.774319" lon="24.474295">
        <ele>136.384945</ele>
      </trkpt>
      <trkpt lat="54.774291" lon="24.474469">
        <ele>136.524691</ele>
      </trkpt>
      <trkpt lat="54.774274" lon="24.474628">
        <ele>136.649787</ele>
      </trkpt>
      <trkpt lat="54.774266" lon="24.474814">
        <ele>136.722652</ele>
      </trkpt>
      <trkpt lat="54.774257" lon="24.475029">
        <ele>136.751838</ele>
      </trkpt>
      <trkpt lat="54.774254" lon="24.475248">
        <ele>136.781497</ele>
      </trkpt>
      <trkpt lat="54.774259" lon="24.475457">
        <ele>136.809818</ele>
      </trkpt>
      <trkpt lat="54.774267" lon="24.475646">
        <ele>136.835476</ele>
      </trkpt>
      <trkpt lat="54.774286" lon="24.475833">
        <ele>136.861184</ele>
      </trkpt>
      <trkpt lat="54.774313" lon="24.476027">
        <ele>136.888203</ele>
      </trkpt>
      <trkpt lat="54.774342" lon="24.476226">
        <ele>136.915992</ele>
      </trkpt>
      <trkpt lat="54.774365" lon="24.476407">
        <ele>136.941086</ele>
      </trkpt>
      <trkpt lat="54.774382" lon="24.476624">
        <ele>136.970735</ele>
      </trkpt>
      <trkpt lat="54.774408" lon="24.47685">
        <ele>137.001936</ele>
      </trkpt>
      <trkpt lat="54.774422" lon="24.477065">
        <ele>137.03123</ele>
      </trkpt>
      <trkpt lat="54.774444" lon="24.47722">
        <ele>137.052842</ele>
      </trkpt>
      <trkpt lat="54.774467" lon="24.477371">
        <ele>137.073986</ele>
      </trkpt>
      <trkpt lat="54.77449" lon="24.477595">
        <ele>137.104791</ele>
      </trkpt>
      <trkpt lat="54.774522" lon="24.477806">
        <ele>137.114447</ele>
      </trkpt>
      <trkpt lat="54.774564" lon="24.477973">
        <ele>137.033345</ele>
      </trkpt>
      <trkpt lat="54.774617" lon="24.478151">
        <ele>136.944171</ele>
      </trkpt>
      <trkpt lat="54.774664" lon="24.478362">
        <ele>136.843481</ele>
      </trkpt>
      <trkpt lat="54.774703" lon="24.478573">
        <ele>136.744847</ele>
      </trkpt>
      <trkpt lat="54.774738" lon="24.47873">
        <ele>136.669918</ele>
      </trkpt>
      <trkpt lat="54.774777" lon="24.478903">
        <ele>136.587232</ele>
      </trkpt>
      <trkpt lat="54.774809" lon="24.479099">
        <ele>136.496553</ele>
      </trkpt>
      <trkpt lat="54.774835" lon="24.479251">
        <ele>136.425976</ele>
      </trkpt>
      <trkpt lat="54.774864" lon="24.479409">
        <ele>136.352165</ele>
      </trkpt>
      <trkpt lat="54.774897" lon="24.479554">
        <ele>136.282774</ele>
      </trkpt>
      <trkpt lat="54.774928" lon="24.479714">
        <ele>136.207637</ele>
      </trkpt>
      <trkpt lat="54.774965" lon="24.479878">
        <ele>136.129245</ele>
      </trkpt>
      <trkpt lat="54.775002" lon="24.480042">
        <ele>136.050853</ele>
      </trkpt>
      <trkpt lat="54.775042" lon="24.480214">
        <ele>135.968297</ele>
      </trkpt>
      <trkpt lat="54.775078" lon="24.480386">
        <ele>135.886844</ele>
      </trkpt>
      <trkpt lat="54.775115" lon="24.480552">
        <ele>135.807623</ele>
      </trkpt>
      <trkpt lat="54.775149" lon="24.480718">
        <ele>135.736274</ele>
      </trkpt>
      <trkpt lat="54.775182" lon="24.480889">
        <ele>135.702066</ele>
      </trkpt>
      <trkpt lat="54.775189" lon="24.481046">
        <ele>135.672192</ele>
      </trkpt>
      <trkpt lat="54.775204" lon="24.481271">
        <ele>135.629223</ele>
      </trkpt>
      <trkpt lat="54.775212" lon="24.48148">
        <ele>135.589486</ele>
      </trkpt>
      <trkpt lat="54.775232" lon="24.481686">
        <ele>135.549856</ele>
      </trkpt>
      <trkpt lat="54.775247" lon="24.481878">
        <ele>135.513098</ele>
      </trkpt>
      <trkpt lat="54.77526" lon="24.482041">
        <ele>135.481881</ele>
      </trkpt>
      <trkpt lat="54.775267" lon="24.482218">
        <ele>135.448224</ele>
      </trkpt>
      <trkpt lat="54.775275" lon="24.482378">
        <ele>135.417756</ele>
      </trkpt>
      <trkpt lat="54.77529" lon="24.482571">
        <ele>135.380811</ele>
      </trkpt>
      <trkpt lat="54.775275" lon="24.482758">
        <ele>135.344993</ele>
      </trkpt>
      <trkpt lat="54.775271" lon="24.482919">
        <ele>135.314422</ele>
      </trkpt>
      <trkpt lat="54.775287" lon="24.483076">
        <ele>135.284176</ele>
      </trkpt>
      <trkpt lat="54.775316" lon="24.483244">
        <ele>135.250908</ele>
      </trkpt>
      <trkpt lat="54.775344" lon="24.483462">
        <ele>135.208538</ele>
      </trkpt>
      <trkpt lat="54.775376" lon="24.483622">
        <ele>135.176411</ele>
      </trkpt>
      <trkpt lat="54.775419" lon="24.483768">
        <ele>135.168454</ele>
      </trkpt>
      <trkpt lat="54.775461" lon="24.483906">
        <ele>135.287199</ele>
      </trkpt>
      <trkpt lat="54.775503" lon="24.484052">
        <ele>135.411361</ele>
      </trkpt>
      <trkpt lat="54.775549" lon="24.484193">
        <ele>135.534641</ele>
      </trkpt>
      <trkpt lat="54.775595" lon="24.48433">
        <ele>135.655281</ele>
      </trkpt>
      <trkpt lat="54.775639" lon="24.484477">
        <ele>135.781318</ele>
      </trkpt>
      <trkpt lat="54.775685" lon="24.484637">
        <ele>135.91737</ele>
      </trkpt>
      <trkpt lat="54.775736" lon="24.484804">
        <ele>136.061175</ele>
      </trkpt>
      <trkpt lat="54.775786" lon="24.484969">
        <ele>136.203019</ele>
      </trkpt>
      <trkpt lat="54.775833" lon="24.485136">
        <ele>136.344431</ele>
      </trkpt>
      <trkpt lat="54.77587" lon="24.485298">
        <ele>136.47703</ele>
      </trkpt>
      <trkpt lat="54.775904" lon="24.48547">
        <ele>136.615399</ele>
      </trkpt>
      <trkpt lat="54.775937" lon="24.485649">
        <ele>136.75841</ele>
      </trkpt>
      <trkpt lat="54.775965" lon="24.485819">
        <ele>136.892954</ele>
      </trkpt>
      <trkpt lat="54.775985" lon="24.485987">
        <ele>137.0235</ele>
      </trkpt>
      <trkpt lat="54.775995" lon="24.486145">
        <ele>137.144462</ele>
      </trkpt>
      <trkpt lat="54.776025" lon="24.486348">
        <ele>137.303938</ele>
      </trkpt>
      <trkpt lat="54.776082" lon="24.486534">
        <ele>137.464226</ele>
      </trkpt>
      <trkpt lat="54.776187" lon="24.486624">
        <ele>137.258873</ele>
      </trkpt>
      <trkpt lat="54.776321" lon="24.486646">
        <ele>136.768284</ele>
      </trkpt>
      <trkpt lat="54.776452" lon="24.486619">
        <ele>136.287453</ele>
      </trkpt>
      <trkpt lat="54.776564" lon="24.486586">
        <ele>135.873382</ele>
      </trkpt>
      <trkpt lat="54.776666" lon="24.486563">
        <ele>135.498481</ele>
      </trkpt>
      <trkpt lat="54.776768" lon="24.486542">
        <ele>135.124099</ele>
      </trkpt>
      <trkpt lat="54.776871" lon="24.486519">
        <ele>134.745583</ele>
      </trkpt>
      <trkpt lat="54.776972" lon="24.486501">
        <ele>134.375518</ele>
      </trkpt>
      <trkpt lat="54.77708" lon="24.4865">
        <ele>133.981873</ele>
      </trkpt>
      <trkpt lat="54.777184" lon="24.486505">
        <ele>133.602668</ele>
      </trkpt>
      <trkpt lat="54.777291" lon="24.4865">
        <ele>133.212532</ele>
      </trkpt>
      <trkpt lat="54.777398" lon="24.486502">
        <ele>132.822515</ele>
      </trkpt>
      <trkpt lat="54.777511" lon="24.486516">
        <ele>132.409602</ele>
      </trkpt>
      <trkpt lat="54.777619" lon="24.486552">
        <ele>132.008754</ele>
      </trkpt>
      <trkpt lat="54.777719" lon="24.48658">
        <ele>131.639552</ele>
      </trkpt>
      <trkpt lat="54.777824" lon="24.486618">
        <ele>131.248599</ele>
      </trkpt>
      <trkpt lat="54.777928" lon="24.486652">
        <ele>130.893138</ele>
      </trkpt>
      <trkpt lat="54.778027" lon="24.48668">
        <ele>130.633411</ele>
      </trkpt>
      <trkpt lat="54.778128" lon="24.486711">
        <ele>130.367829</ele>
      </trkpt>
      <trkpt lat="54.778226" lon="24.486714">
        <ele>130.11404</ele>
      </trkpt>
      <trkpt lat="54.778322" lon="24.486725">
        <ele>129.864927</ele>
      </trkpt>
      <trkpt lat="54.778419" lon="24.486787">
        <ele>129.597246</ele>
      </trkpt>
      <trkpt lat="54.778506" lon="24.486852">
        <ele>129.351956</ele>
      </trkpt>
      <trkpt lat="54.778616" lon="24.486929">
        <ele>129.0448</ele>
      </trkpt>
      <trkpt lat="54.778731" lon="24.487026">
        <ele>128.71367</ele>
      </trkpt>
      <trkpt lat="54.778817" lon="24.487099">
        <ele>128.46574</ele>
      </trkpt>
      <trkpt lat="54.778906" lon="24.487191">
        <ele>128.197449</ele>
      </trkpt>
      <trkpt lat="54.778998" lon="24.487284">
        <ele>127.921708</ele>
      </trkpt>
      <trkpt lat="54.779079" lon="24.487367">
        <ele>127.678091</ele>
      </trkpt>
      <trkpt lat="54.779166" lon="24.487428">
        <ele>127.435103</ele>
      </trkpt>
      <trkpt lat="54.779264" lon="24.487534">
        <ele>127.13603</ele>
      </trkpt>
      <trkpt lat="54.779354" lon="24.487614">
        <ele>126.874158</ele>
      </trkpt>
      <trkpt lat="54.779398" lon="24.487751">
        <ele>126.639992</ele>
      </trkpt>
      <trkpt lat="54.779338" lon="24.487928">
        <ele>126.333401</ele>
      </trkpt>
      <trkpt lat="54.779276" lon="24.488086">
        <ele>126.467843</ele>
      </trkpt>
      <trkpt lat="54.779224" lon="24.488241">
        <ele>126.628809</ele>
      </trkpt>
      <trkpt lat="54.77917" lon="24.488421">
        <ele>126.810941</ele>
      </trkpt>
      <trkpt lat="54.779108" lon="24.488613">
        <ele>127.00847</ele>
      </trkpt>
      <trkpt lat="54.779044" lon="24.488819">
        <ele>127.218513</ele>
      </trkpt>
      <trkpt lat="54.778982" lon="24.48902">
        <ele>127.423129</ele>
      </trkpt>
      <trkpt lat="54.778921" lon="24.489228">
        <ele>127.632597</ele>
      </trkpt>
      <trkpt lat="54.778857" lon="24.489444">
        <ele>127.850586</ele>
      </trkpt>
      <trkpt lat="54.778788" lon="24.489661">
        <ele>128.073024</ele>
      </trkpt>
      <trkpt lat="54.778718" lon="24.48988">
        <ele>128.297787</ele>
      </trkpt>
      <trkpt lat="54.778644" lon="24.490096">
        <ele>128.523314</ele>
      </trkpt>
      <trkpt lat="54.77857" lon="24.490301">
        <ele>128.740411</ele>
      </trkpt>
      <trkpt lat="54.778504" lon="24.490519">
        <ele>128.961428</ele>
      </trkpt>
      <trkpt lat="54.778431" lon="24.490749">
        <ele>129.127049</ele>
      </trkpt>
      <trkpt lat="54.778359" lon="24.490992">
        <ele>129.175588</ele>
      </trkpt>
      <trkpt lat="54.778291" lon="24.491234">
        <ele>129.223417</ele>
      </trkpt>
      <trkpt lat="54.778224" lon="24.491448">
        <ele>129.26668</ele>
      </trkpt>
      <trkpt lat="54.778158" lon="24.49166">
        <ele>129.309484</ele>
      </trkpt>
      <trkpt lat="54.778099" lon="24.491866">
        <ele>129.350349</ele>
      </trkpt>
      <trkpt lat="54.778033" lon="24.492062">
        <ele>129.390674</ele>
      </trkpt>
      <trkpt lat="54.777967" lon="24.492267">
        <ele>129.432388</ele>
      </trkpt>
      <trkpt lat="54.777904" lon="24.492474">
        <ele>129.473974</ele>
      </trkpt>
      <trkpt lat="54.777844" lon="24.49268">
        <ele>129.514977</ele>
      </trkpt>
      <trkpt lat="54.777788" lon="24.492893">
        <ele>129.556569</ele>
      </trkpt>
      <trkpt lat="54.777737" lon="24.493109">
        <ele>129.598038</ele>
      </trkpt>
      <trkpt lat="54.777692" lon="24.49334">
        <ele>129.641359</ele>
      </trkpt>
      <trkpt lat="54.777646" lon="24.49359">
        <ele>129.43717</ele>
      </trkpt>
      <trkpt lat="54.777609" lon="24.493841">
        <ele>129.004598</ele>
      </trkpt>
      <trkpt lat="54.777573" lon="24.494078">
        <ele>128.595381</ele>
      </trkpt>
      <trkpt lat="54.777538" lon="24.494328">
        <ele>128.165829</ele>
      </trkpt>
      <trkpt lat="54.777504" lon="24.49459">
        <ele>127.717425</ele>
      </trkpt>
      <trkpt lat="54.777469" lon="24.49484">
        <ele>127.287872</ele>
      </trkpt>
      <trkpt lat="54.777444" lon="24.495088">
        <ele>126.867503</ele>
      </trkpt>
      <trkpt lat="54.777408" lon="24.495319">
        <ele>126.467963</ele>
      </trkpt>
      <trkpt lat="54.777381" lon="24.495555">
        <ele>126.06623</ele>
      </trkpt>
      <trkpt lat="54.777353" lon="24.495793">
        <ele>125.660651</ele>
      </trkpt>
      <trkpt lat="54.777326" lon="24.496026">
        <ele>125.26383</ele>
      </trkpt>
      <trkpt lat="54.777302" lon="24.496258">
        <ele>124.87027</ele>
      </trkpt>
      <trkpt lat="54.777266" lon="24.49649">
        <ele>124.469117</ele>
      </trkpt>
      <trkpt lat="54.777236" lon="24.496727">
        <ele>124.332152</ele>
      </trkpt>
      <trkpt lat="54.777209" lon="24.496954">
        <ele>124.209406</ele>
      </trkpt>
      <trkpt lat="54.777186" lon="24.497178">
        <ele>124.088913</ele>
      </trkpt>
      <trkpt lat="54.777159" lon="24.497408">
        <ele>123.964611</ele>
      </trkpt>
      <trkpt lat="54.777133" lon="24.497629">
        <ele>123.845162</ele>
      </trkpt>
      <trkpt lat="54.777108" lon="24.497864">
        <ele>123.718609</ele>
      </trkpt>
      <trkpt lat="54.777079" lon="24.498089">
        <ele>123.596512</ele>
      </trkpt>
      <trkpt lat="54.777045" lon="24.498317">
        <ele>123.471795</ele>
      </trkpt>
      <trkpt lat="54.777016" lon="24.498539">
        <ele>123.351249</ele>
      </trkpt>
      <trkpt lat="54.777" lon="24.498752">
        <ele>123.237493</ele>
      </trkpt>
      <trkpt lat="54.776974" lon="24.498964">
        <ele>123.12271</ele>
      </trkpt>
      <trkpt lat="54.776945" lon="24.499182">
        <ele>123.004228</ele>
      </trkpt>
      <trkpt lat="54.776912" lon="24.499404">
        <ele>122.882817</ele>
      </trkpt>
      <trkpt lat="54.776881" lon="24.499648">
        <ele>123.094913</ele>
      </trkpt>
      <trkpt lat="54.77684" lon="24.499902">
        <ele>123.835083</ele>
      </trkpt>
      <trkpt lat="54.776808" lon="24.500156">
        <ele>124.564673</ele>
      </trkpt>
      <trkpt lat="54.776769" lon="24.500406">
        <ele>125.29144</ele>
      </trkpt>
      <trkpt lat="54.776735" lon="24.500652">
        <ele>126.001318</ele>
      </trkpt>
      <trkpt lat="54.776709" lon="24.50088">
        <ele>126.653526</ele>
      </trkpt>
      <trkpt lat="54.776682" lon="24.501097">
        <ele>127.276489</ele>
      </trkpt>
      <trkpt lat="54.776648" lon="24.501316">
        <ele>127.912932</ele>
      </trkpt>
      <trkpt lat="54.77662" lon="24.501552">
        <ele>128.589072</ele>
      </trkpt>
      <trkpt lat="54.776584" lon="24.50179">
        <ele>129.279545</ele>
      </trkpt>
      <trkpt lat="54.776549" lon="24.502034">
        <ele>129.985128</ele>
      </trkpt>
      <trkpt lat="54.776515" lon="24.502285">
        <ele>130.708662</ele>
      </trkpt>
      <trkpt lat="54.776485" lon="24.502514">
        <ele>131.367663</ele>
      </trkpt>
      <trkpt lat="54.776447" lon="24.502732">
        <ele>131.500226</ele>
      </trkpt>
      <trkpt lat="54.776409" lon="24.502942">
        <ele>131.423107</ele>
      </trkpt>
      <trkpt lat="54.776349" lon="24.503144">
        <ele>131.343494</ele>
      </trkpt>
      <trkpt lat="54.77627" lon="24.503331">
        <ele>131.262275</ele>
      </trkpt>
      <trkpt lat="54.776176" lon="24.503516">
        <ele>131.175886</ele>
      </trkpt>
      <trkpt lat="54.776067" lon="24.503677">
        <ele>131.088896</ele>
      </trkpt>
      <trkpt lat="54.775953" lon="24.50384">
        <ele>130.999127</ele>
      </trkpt>
      <trkpt lat="54.775835" lon="24.504005">
        <ele>130.907032</ele>
      </trkpt>
      <trkpt lat="54.775718" lon="24.504155">
        <ele>130.818632</ele>
      </trkpt>
      <trkpt lat="54.775599" lon="24.504307">
        <ele>130.728838</ele>
      </trkpt>
      <trkpt lat="54.775482" lon="24.504449">
        <ele>130.642075</ele>
      </trkpt>
      <trkpt lat="54.775378" lon="24.504584">
        <ele>130.563148</ele>
      </trkpt>
      <trkpt lat="54.775288" lon="24.504709">
        <ele>130.493092</ele>
      </trkpt>
      <trkpt lat="54.775194" lon="24.504823">
        <ele>130.307186</ele>
      </trkpt>
      <trkpt lat="54.775096" lon="24.504944">
        <ele>130.023645</ele>
      </trkpt>
      <trkpt lat="54.774995" lon="24.505061">
        <ele>129.737372</ele>
      </trkpt>
      <trkpt lat="54.774898" lon="24.505181">
        <ele>129.45654</ele>
      </trkpt>
      <trkpt lat="54.7748" lon="24.505299">
        <ele>129.175345</ele>
      </trkpt>
      <trkpt lat="54.774709" lon="24.505392">
        <ele>128.926396</ele>
      </trkpt>
      <trkpt lat="54.774619" lon="24.505486">
        <ele>128.678775</ele>
      </trkpt>
      <trkpt lat="54.77453" lon="24.505553">
        <ele>128.450107</ele>
      </trkpt>
      <trkpt lat="54.774437" lon="24.505633">
        <ele>128.205436</ele>
      </trkpt>
      <trkpt lat="54.774347" lon="24.505689">
        <ele>127.980084</ele>
      </trkpt>
      <trkpt lat="54.774258" lon="24.505755">
        <ele>127.751954</ele>
      </trkpt>
      <trkpt lat="54.774165" lon="24.505812">
        <ele>127.519486</ele>
      </trkpt>
      <trkpt lat="54.774071" lon="24.505873">
        <ele>127.282943</ele>
      </trkpt>
      <trkpt lat="54.773984" lon="24.505935">
        <ele>127.061262</ele>
      </trkpt>
      <trkpt lat="54.773857" lon="24.505993">
        <ele>126.751748</ele>
      </trkpt>
      <trkpt lat="54.773769" lon="24.506055">
        <ele>126.527885</ele>
      </trkpt>
      <trkpt lat="54.773672" lon="24.506107">
        <ele>126.288604</ele>
      </trkpt>
      <trkpt lat="54.773562" lon="24.506152">
        <ele>126.02235</ele>
      </trkpt>
      <trkpt lat="54.773462" lon="24.506206">
        <ele>125.775638</ele>
      </trkpt>
      <trkpt lat="54.773355" lon="24.506282">
        <ele>125.503267</ele>
      </trkpt>
      <trkpt lat="54.773241" lon="24.506351">
        <ele>125.218846</ele>
      </trkpt>
      <trkpt lat="54.773137" lon="24.506427">
        <ele>124.953</ele>
      </trkpt>
      <trkpt lat="54.773031" lon="24.506506">
        <ele>124.681223</ele>
      </trkpt>
      <trkpt lat="54.772928" lon="24.5066">
        <ele>124.407044</ele>
      </trkpt>
      <trkpt lat="54.772836" lon="24.506697">
        <ele>124.153408</ele>
      </trkpt>
      <trkpt lat="54.77274" lon="24.506808">
        <ele>123.881601</ele>
      </trkpt>
      <trkpt lat="54.772648" lon="24.506917">
        <ele>123.619123</ele>
      </trkpt>
      <trkpt lat="54.772555" lon="24.507048">
        <ele>123.336867</ele>
      </trkpt>
      <trkpt lat="54.772465" lon="24.507187">
        <ele>123.052948</ele>
      </trkpt>
      <trkpt lat="54.772375" lon="24.507339">
        <ele>122.756985</ele>
      </trkpt>
      <trkpt lat="54.772291" lon="24.507488">
        <ele>122.473904</ele>
      </trkpt>
      <trkpt lat="54.77221" lon="24.507631">
        <ele>122.201592</ele>
      </trkpt>
      <trkpt lat="54.77212" lon="24.507766">
        <ele>122.066023</ele>
      </trkpt>
      <trkpt lat="54.772032" lon="24.507902">
        <ele>122.389218</ele>
      </trkpt>
      <trkpt lat="54.77195" lon="24.508016">
        <ele>122.677377</ele>
      </trkpt>
      <trkpt lat="54.771871" lon="24.508121">
        <ele>122.95028</ele>
      </trkpt>
      <trkpt lat="54.771794" lon="24.508225">
        <ele>123.217879</ele>
      </trkpt>
      <trkpt lat="54.771713" lon="24.50831">
        <ele>123.477453</ele>
      </trkpt>
      <trkpt lat="54.771591" lon="24.508412">
        <ele>123.848777</ele>
      </trkpt>
      <trkpt lat="54.771505" lon="24.508482">
        <ele>124.109239</ele>
      </trkpt>
      <trkpt lat="54.77141" lon="24.508541">
        <ele>124.385888</ele>
      </trkpt>
      <trkpt lat="54.771315" lon="24.508569">
        <ele>124.650066</ele>
      </trkpt>
      <trkpt lat="54.771224" lon="24.508609">
        <ele>124.907435</ele>
      </trkpt>
      <trkpt lat="54.771127" lon="24.508666">
        <ele>125.188221</ele>
      </trkpt>
      <trkpt lat="54.771029" lon="24.508709">
        <ele>125.465358</ele>
      </trkpt>
      <trkpt lat="54.770937" lon="24.508757">
        <ele>125.72875</ele>
      </trkpt>
      <trkpt lat="54.77081" lon="24.508814">
        <ele>126.088397</ele>
      </trkpt>
      <trkpt lat="54.770691" lon="24.508905">
        <ele>126.444964</ele>
      </trkpt>
      <trkpt lat="54.770605" lon="24.508962">
        <ele>126.697376</ele>
      </trkpt>
      <trkpt lat="54.770515" lon="24.509026">
        <ele>126.944379</ele>
      </trkpt>
      <trkpt lat="54.770419" lon="24.509103">
        <ele>127.107408</ele>
      </trkpt>
      <trkpt lat="54.770319" lon="24.509186">
        <ele>127.278288</ele>
      </trkpt>
      <trkpt lat="54.770213" lon="24.509258">
        <ele>127.453753</ele>
      </trkpt>
      <trkpt lat="54.770109" lon="24.509329">
        <ele>127.626024</ele>
      </trkpt>
      <trkpt lat="54.770012" lon="24.509405">
        <ele>127.790085</ele>
      </trkpt>
      <trkpt lat="54.7699" lon="24.509483">
        <ele>127.976114</ele>
      </trkpt>
      <trkpt lat="54.769797" lon="24.50956">
        <ele>128.148994</ele>
      </trkpt>
      <trkpt lat="54.769699" lon="24.509616">
        <ele>128.30803</ele>
      </trkpt>
      <trkpt lat="54.769604" lon="24.509665">
        <ele>128.460792</ele>
      </trkpt>
      <trkpt lat="54.769479" lon="24.509717">
        <ele>128.658917</ele>
      </trkpt>
      <trkpt lat="54.769356" lon="24.509736">
        <ele>128.849241</ele>
      </trkpt>
      <trkpt lat="54.769263" lon="24.509768">
        <ele>128.995373</ele>
      </trkpt>
      <trkpt lat="54.769166" lon="24.509787">
        <ele>129.145825</ele>
      </trkpt>
      <trkpt lat="54.769074" lon="24.509798">
        <ele>129.287956</ele>
      </trkpt>
      <trkpt lat="54.768974" lon="24.509808">
        <ele>129.442337</ele>
      </trkpt>
      <trkpt lat="54.768876" lon="24.509811">
        <ele>129.593402</ele>
      </trkpt>
      <trkpt lat="54.768778" lon="24.509815">
        <ele>129.752072</ele>
      </trkpt>
      <trkpt lat="54.768682" lon="24.50984">
        <ele>129.923012</ele>
      </trkpt>
      <trkpt lat="54.768591" lon="24.509868">
        <ele>130.085756</ele>
      </trkpt>
      <trkpt lat="54.768502" lon="24.509901">
        <ele>130.246018</ele>
      </trkpt>
      <trkpt lat="54.768412" lon="24.509946">
        <ele>130.410957</ele>
      </trkpt>
      <trkpt lat="54.768309" lon="24.510008">
        <ele>130.602951</ele>
      </trkpt>
      <trkpt lat="54.768209" lon="24.510065">
        <ele>130.788313</ele>
      </trkpt>
      <trkpt lat="54.7681" lon="24.510143">
        <ele>130.995959</ele>
      </trkpt>
      <trkpt lat="54.767997" lon="24.510233">
        <ele>131.199068</ele>
      </trkpt>
      <trkpt lat="54.767898" lon="24.51033">
        <ele>131.399315</ele>
      </trkpt>
      <trkpt lat="54.767801" lon="24.510416">
        <ele>131.591164</ele>
      </trkpt>
      <trkpt lat="54.767699" lon="24.510517">
        <ele>131.798012</ele>
      </trkpt>
      <trkpt lat="54.767603" lon="24.510622">
        <ele>131.997893</ele>
      </trkpt>
      <trkpt lat="54.767516" lon="24.51072">
        <ele>132.180593</ele>
      </trkpt>
      <trkpt lat="54.767421" lon="24.510823">
        <ele>132.377903</ele>
      </trkpt>
      <trkpt lat="54.767326" lon="24.510935">
        <ele>132.58021</ele>
      </trkpt>
      <trkpt lat="54.767236" lon="24.511051">
        <ele>132.777697</ele>
      </trkpt>
      <trkpt lat="54.76716" lon="24.511179">
        <ele>132.958614</ele>
      </trkpt>
      <trkpt lat="54.767088" lon="24.511309">
        <ele>133.131866</ele>
      </trkpt>
      <trkpt lat="54.767005" lon="24.51144">
        <ele>133.318929</ele>
      </trkpt>
      <trkpt lat="54.766928" lon="24.511586">
        <ele>133.509105</ele>
      </trkpt>
      <trkpt lat="54.766852" lon="24.511726">
        <ele>133.693919</ele>
      </trkpt>
      <trkpt lat="54.766778" lon="24.511854">
        <ele>133.868133</ele>
      </trkpt>
      <trkpt lat="54.766697" lon="24.511997">
        <ele>134.060801</ele>
      </trkpt>
      <trkpt lat="54.766608" lon="24.512134">
        <ele>134.259157</ele>
      </trkpt>
      <trkpt lat="54.766524" lon="24.512268">
        <ele>134.449398</ele>
      </trkpt>
      <trkpt lat="54.766441" lon="24.512403">
        <ele>134.639073</ele>
      </trkpt>
      <trkpt lat="54.766358" lon="24.512514">
        <ele>134.813771</ele>
      </trkpt>
      <trkpt lat="54.766278" lon="24.512622">
        <ele>134.982751</ele>
      </trkpt>
      <trkpt lat="54.766198" lon="24.512733">
        <ele>135.153519</ele>
      </trkpt>
      <trkpt lat="54.766105" lon="24.512837">
        <ele>135.337954</ele>
      </trkpt>
      <trkpt lat="54.766007" lon="24.512947">
        <ele>135.532518</ele>
      </trkpt>
      <trkpt lat="54.765901" lon="24.513058">
        <ele>135.738896</ele>
      </trkpt>
      <trkpt lat="54.765797" lon="24.513158">
        <ele>135.814645</ele>
      </trkpt>
      <trkpt lat="54.765694" lon="24.513252">
        <ele>135.71646</ele>
      </trkpt>
      <trkpt lat="54.765591" lon="24.513361">
        <ele>135.61467</ele>
      </trkpt>
      <trkpt lat="54.765478" lon="24.513459">
        <ele>135.508092</ele>
      </trkpt>
      <trkpt lat="54.765369" lon="24.513561">
        <ele>135.40361</ele>
      </trkpt>
      <trkpt lat="54.765255" lon="24.513662">
        <ele>135.295621</ele>
      </trkpt>
      <trkpt lat="54.765149" lon="24.51375">
        <ele>135.196486</ele>
      </trkpt>
      <trkpt lat="54.76504" lon="24.513849">
        <ele>135.092689</ele>
      </trkpt>
      <trkpt lat="54.764928" lon="24.513939">
        <ele>134.988561</ele>
      </trkpt>
      <trkpt lat="54.764815" lon="24.514017">
        <ele>134.885968</ele>
      </trkpt>
      <trkpt lat="54.764703" lon="24.514091">
        <ele>134.784868</ele>
      </trkpt>
      <trkpt lat="54.764594" lon="24.514151">
        <ele>134.688403</ele>
      </trkpt>
      <trkpt lat="54.764488" lon="24.514202">
        <ele>134.595614</ele>
      </trkpt>
      <trkpt lat="54.764382" lon="24.514244">
        <ele>134.503899</ele>
      </trkpt>
      <trkpt lat="54.764271" lon="24.514279">
        <ele>134.408736</ele>
      </trkpt>
      <trkpt lat="54.764164" lon="24.514311">
        <ele>134.358636</ele>
      </trkpt>
      <trkpt lat="54.76405" lon="24.514341">
        <ele>134.448826</ele>
      </trkpt>
      <trkpt lat="54.763932" lon="24.51436">
        <ele>134.541519</ele>
      </trkpt>
      <trkpt lat="54.763819" lon="24.514386">
        <ele>134.630679</ele>
      </trkpt>
      <trkpt lat="54.763699" lon="24.514414">
        <ele>134.725386</ele>
      </trkpt>
      <trkpt lat="54.763585" lon="24.514458">
        <ele>134.816738</ele>
      </trkpt>
      <trkpt lat="54.76347" lon="24.514505">
        <ele>134.909154</ele>
      </trkpt>
      <trkpt lat="54.763362" lon="24.514551">
        <ele>134.996142</ele>
      </trkpt>
      <trkpt lat="54.763256" lon="24.514616">
        <ele>135.084088</ele>
      </trkpt>
      <trkpt lat="54.763154" lon="24.514674">
        <ele>135.168053</ele>
      </trkpt>
      <trkpt lat="54.76305" lon="24.514761">
        <ele>135.258377</ele>
      </trkpt>
      <trkpt lat="54.762949" lon="24.514869">
        <ele>135.351201</ele>
      </trkpt>
      <trkpt lat="54.762853" lon="24.51497">
        <ele>135.43904</ele>
      </trkpt>
      <trkpt lat="54.762753" lon="24.515088">
        <ele>135.533664</ele>
      </trkpt>
      <trkpt lat="54.762664" lon="24.515205">
        <ele>135.621036</ele>
      </trkpt>
      <trkpt lat="54.762574" lon="24.515334">
        <ele>135.712384</ele>
      </trkpt>
      <trkpt lat="54.762477" lon="24.515468">
        <ele>135.69493</ele>
      </trkpt>
      <trkpt lat="54.762384" lon="24.515593">
        <ele>135.622039</ele>
      </trkpt>
      <trkpt lat="54.762282" lon="24.51572">
        <ele>135.544252</ele>
      </trkpt>
      <trkpt lat="54.762174" lon="24.515839">
        <ele>135.464988</ele>
      </trkpt>
      <trkpt lat="54.762069" lon="24.515951">
        <ele>135.388626</ele>
      </trkpt>
      <trkpt lat="54.76196" lon="24.516061">
        <ele>135.310505</ele>
      </trkpt>
      <trkpt lat="54.761854" lon="24.516165">
        <ele>135.235063</ele>
      </trkpt>
      <trkpt lat="54.761745" lon="24.516263">
        <ele>135.15901</ele>
      </trkpt>
      <trkpt lat="54.761633" lon="24.516359">
        <ele>135.081621</ele>
      </trkpt>
      <trkpt lat="54.761518" lon="24.516458">
        <ele>135.002092</ele>
      </trkpt>
      <trkpt lat="54.761405" lon="24.51656">
        <ele>134.923181</ele>
      </trkpt>
      <trkpt lat="54.761296" lon="24.516654">
        <ele>134.847775</ele>
      </trkpt>
      <trkpt lat="54.761193" lon="24.516754">
        <ele>134.774653</ele>
      </trkpt>
      <trkpt lat="54.761089" lon="24.516845">
        <ele>134.702496</ele>
      </trkpt>
      <trkpt lat="54.76098" lon="24.516953">
        <ele>134.613077</ele>
      </trkpt>
      <trkpt lat="54.76087" lon="24.517064">
        <ele>134.39864</ele>
      </trkpt>
      <trkpt lat="54.760762" lon="24.517175">
        <ele>134.187107</ele>
      </trkpt>
      <trkpt lat="54.760655" lon="24.517285">
        <ele>133.977519</ele>
      </trkpt>
      <trkpt lat="54.760551" lon="24.517385">
        <ele>133.777153</ele>
      </trkpt>
      <trkpt lat="54.76045" lon="24.517493">
        <ele>133.57722</ele>
      </trkpt>
      <trkpt lat="54.760369" lon="24.517587">
        <ele>133.412994</ele>
      </trkpt>
      <trkpt lat="54.760282" lon="24.517681">
        <ele>133.240277</ele>
      </trkpt>
      <trkpt lat="54.760194" lon="24.517773">
        <ele>133.067141</ele>
      </trkpt>
      <trkpt lat="54.760117" lon="24.517862">
        <ele>132.911218</ele>
      </trkpt>
      <trkpt lat="54.760039" lon="24.517962">
        <ele>132.747766</ele>
      </trkpt>
      <trkpt lat="54.759952" lon="24.518061">
        <ele>132.572429</ele>
      </trkpt>
      <trkpt lat="54.759861" lon="24.518179">
        <ele>132.380961</ele>
      </trkpt>
      <trkpt lat="54.759766" lon="24.518299">
        <ele>132.182918</ele>
      </trkpt>
      <trkpt lat="54.759664" lon="24.518423">
        <ele>131.973019</ele>
      </trkpt>
      <trkpt lat="54.759577" lon="24.518524">
        <ele>131.796607</ele>
      </trkpt>
      <trkpt lat="54.759488" lon="24.518625">
        <ele>131.617386</ele>
      </trkpt>
      <trkpt lat="54.759402" lon="24.518732">
        <ele>131.37784</ele>
      </trkpt>
      <trkpt lat="54.759316" lon="24.518818">
        <ele>131.147513</ele>
      </trkpt>
      <trkpt lat="54.759168" lon="24.519113">
        <ele>130.624265</ele>
      </trkpt>
      <trkpt lat="54.7591" lon="24.519223">
        <ele>130.408482</ele>
      </trkpt>
      <trkpt lat="54.759027" lon="24.519343">
        <ele>130.17508</ele>
      </trkpt>
      <trkpt lat="54.758944" lon="24.519464">
        <ele>129.923479</ele>
      </trkpt>
      <trkpt lat="54.758847" lon="24.519585">
        <ele>129.646235</ele>
      </trkpt>
      <trkpt lat="54.758755" lon="24.519699">
        <ele>129.383877</ele>
      </trkpt>
      <trkpt lat="54.758669" lon="24.519812">
        <ele>129.133522</ele>
      </trkpt>
      <trkpt lat="54.75857" lon="24.519923">
        <ele>128.859995</ele>
      </trkpt>
      <trkpt lat="54.758462" lon="24.520017">
        <ele>128.579641</ele>
      </trkpt>
      <trkpt lat="54.758343" lon="24.520107">
        <ele>128.278449</ele>
      </trkpt>
      <trkpt lat="54.758227" lon="24.520183">
        <ele>127.990771</ele>
      </trkpt>
      <trkpt lat="54.758103" lon="24.520248">
        <ele>127.690251</ele>
      </trkpt>
      <trkpt lat="54.757972" lon="24.520288">
        <ele>127.394657</ele>
      </trkpt>
      <trkpt lat="54.757836" lon="24.520329">
        <ele>127.162301</ele>
      </trkpt>
      <trkpt lat="54.757698" lon="24.520365">
        <ele>126.927399</ele>
      </trkpt>
      <trkpt lat="54.757554" lon="24.52039">
        <ele>126.683801</ele>
      </trkpt>
      <trkpt lat="54.757407" lon="24.520425">
        <ele>126.434043</ele>
      </trkpt>
      <trkpt lat="54.75727" lon="24.520457">
        <ele>126.201356</ele>
      </trkpt>
      <trkpt lat="54.757154" lon="24.520516">
        <ele>125.997866</ele>
      </trkpt>
      <trkpt lat="54.757041" lon="24.520598">
        <ele>125.791659</ele>
      </trkpt>
      <trkpt lat="54.756935" lon="24.52072">
        <ele>125.577472</ele>
      </trkpt>
      <trkpt lat="54.75684" lon="24.520892">
        <ele>125.346214</ele>
      </trkpt>
      <trkpt lat="54.756763" lon="24.521104">
        <ele>125.102905</ele>
      </trkpt>
      <trkpt lat="54.75669" lon="24.521328">
        <ele>124.853033</ele>
      </trkpt>
      <trkpt lat="54.756606" lon="24.521549">
        <ele>124.595993</ele>
      </trkpt>
      <trkpt lat="54.756506" lon="24.521735">
        <ele>124.466352</ele>
      </trkpt>
      <trkpt lat="54.756391" lon="24.521894">
        <ele>124.773221</ele>
      </trkpt>
      <trkpt lat="54.75627" lon="24.522029">
        <ele>125.073399</ele>
      </trkpt>
      <trkpt lat="54.756144" lon="24.522142">
        <ele>125.36933</ele>
      </trkpt>
      <trkpt lat="54.756022" lon="24.522254">
        <ele>125.657312</ele>
      </trkpt>
      <trkpt lat="54.755889" lon="24.522356">
        <ele>125.960688</ele>
      </trkpt>
      <trkpt lat="54.755762" lon="24.522471">
        <ele>126.259582</ele>
      </trkpt>
      <trkpt lat="54.755646" lon="24.52259">
        <ele>126.540764</ele>
      </trkpt>
      <trkpt lat="54.755526" lon="24.522719">
        <ele>126.835321</ele>
      </trkpt>
      <trkpt lat="54.755417" lon="24.522854">
        <ele>127.114784</ele>
      </trkpt>
      <trkpt lat="54.755318" lon="24.522986">
        <ele>127.375339</ele>
      </trkpt>
      <trkpt lat="54.755228" lon="24.523112">
        <ele>127.616679</ele>
      </trkpt>
      <trkpt lat="54.755168" lon="24.52329">
        <ele>127.864813</ele>
      </trkpt>
      <trkpt lat="54.755217" lon="24.523479">
        <ele>128.114218</ele>
      </trkpt>
      <trkpt lat="54.755296" lon="24.523575">
        <ele>128.169203</ele>
      </trkpt>
      <trkpt lat="54.755397" lon="24.523668">
        <ele>128.192715</ele>
      </trkpt>
      <trkpt lat="54.755487" lon="24.523758">
        <ele>128.214075</ele>
      </trkpt>
      <trkpt lat="54.755577" lon="24.523847">
        <ele>128.235377</ele>
      </trkpt>
      <trkpt lat="54.755666" lon="24.523938">
        <ele>128.25662</ele>
      </trkpt>
      <trkpt lat="54.755759" lon="24.524012">
        <ele>128.277657</ele>
      </trkpt>
      <trkpt lat="54.755849" lon="24.524095">
        <ele>128.298614</ele>
      </trkpt>
      <trkpt lat="54.755936" lon="24.524183">
        <ele>128.319322</ele>
      </trkpt>
      <trkpt lat="54.756026" lon="24.524261">
        <ele>128.340008</ele>
      </trkpt>
      <trkpt lat="54.756113" lon="24.524346">
        <ele>128.360539</ele>
      </trkpt>
      <trkpt lat="54.756196" lon="24.524412">
        <ele>128.379312</ele>
      </trkpt>
      <trkpt lat="54.756287" lon="24.524476">
        <ele>128.3995</ele>
      </trkpt>
      <trkpt lat="54.756383" lon="24.524538">
        <ele>128.420561</ele>
      </trkpt>
      <trkpt lat="54.756491" lon="24.52459">
        <ele>128.443603</ele>
      </trkpt>
      <trkpt lat="54.756598" lon="24.524633">
        <ele>128.466183</ele>
      </trkpt>
      <trkpt lat="54.756707" lon="24.524685">
        <ele>128.489423</ele>
      </trkpt>
      <trkpt lat="54.756812" lon="24.52473">
        <ele>128.511658</ele>
      </trkpt>
      <trkpt lat="54.756909" lon="24.524767">
        <ele>128.466649</ele>
      </trkpt>
      <trkpt lat="54.75701" lon="24.524821">
        <ele>128.332521</ele>
      </trkpt>
      <trkpt lat="54.75711" lon="24.524885">
        <ele>128.197247</ele>
      </trkpt>
      <trkpt lat="54.757206" lon="24.52496">
        <ele>128.063618</ele>
      </trkpt>
      <trkpt lat="54.757293" lon="24.525038">
        <ele>127.939318</ele>
      </trkpt>
      <trkpt lat="54.757374" lon="24.525128">
        <ele>127.817218</ele>
      </trkpt>
      <trkpt lat="54.757454" lon="24.525285">
        <ele>127.663848</ele>
      </trkpt>
      <trkpt lat="54.757494" lon="24.525495">
        <ele>127.501915</ele>
      </trkpt>
      <trkpt lat="54.757532" lon="24.525683">
        <ele>127.356051</ele>
      </trkpt>
      <trkpt lat="54.75762" lon="24.525871">
        <ele>127.178791</ele>
      </trkpt>
      <trkpt lat="54.757689" lon="24.52598">
        <ele>127.060313</ele>
      </trkpt>
      <trkpt lat="54.757801" lon="24.526118">
        <ele>126.885927</ele>
      </trkpt>
      <trkpt lat="54.757896" lon="24.526249">
        <ele>126.731867</ele>
      </trkpt>
      <trkpt lat="54.757982" lon="24.526385">
        <ele>126.584128</ele>
      </trkpt>
      <trkpt lat="54.758017" lon="24.526585">
        <ele>126.431094</ele>
      </trkpt>
      <trkpt lat="54.758012" lon="24.526768">
        <ele>126.296944</ele>
      </trkpt>
      <trkpt lat="54.757975" lon="24.52697">
        <ele>126.156894</ele>
      </trkpt>
      <trkpt lat="54.757953" lon="24.527127">
        <ele>126.056723</ele>
      </trkpt>
      <trkpt lat="54.757935" lon="24.527307">
        <ele>125.943456</ele>
      </trkpt>
      <trkpt lat="54.757915" lon="24.527478">
        <ele>125.835277</ele>
      </trkpt>
      <trkpt lat="54.757899" lon="24.527648">
        <ele>125.728481</ele>
      </trkpt>
      <trkpt lat="54.757887" lon="24.527883">
        <ele>125.582207</ele>
      </trkpt>
      <trkpt lat="54.757877" lon="24.52804">
        <ele>125.484273</ele>
      </trkpt>
      <trkpt lat="54.757864" lon="24.528211">
        <ele>125.377333</ele>
      </trkpt>
      <trkpt lat="54.757855" lon="24.52839">
        <ele>125.26593</ele>
      </trkpt>
      <trkpt lat="54.757846" lon="24.528615">
        <ele>125.12609</ele>
      </trkpt>
      <trkpt lat="54.757833" lon="24.528854">
        <ele>124.977249</ele>
      </trkpt>
      <trkpt lat="54.757823" lon="24.529016">
        <ele>124.876233</ele>
      </trkpt>
      <trkpt lat="54.757804" lon="24.529172">
        <ele>124.777379</ele>
      </trkpt>
      <trkpt lat="54.757794" lon="24.529339">
        <ele>124.673279</ele>
      </trkpt>
      <trkpt lat="54.757785" lon="24.529528">
        <ele>124.555697</ele>
      </trkpt>
      <trkpt lat="54.757779" lon="24.529716">
        <ele>124.438955</ele>
      </trkpt>
      <trkpt lat="54.75777" lon="24.529891">
        <ele>124.330021</ele>
      </trkpt>
      <trkpt lat="54.757756" lon="24.530078">
        <ele>124.066408</ele>
      </trkpt>
      <trkpt lat="54.757733" lon="24.530269">
        <ele>123.758194</ele>
      </trkpt>
      <trkpt lat="54.757734" lon="24.53047">
        <ele>123.44067</ele>
      </trkpt>
      <trkpt lat="54.75774" lon="24.530674">
        <ele>123.118002</ele>
      </trkpt>
      <trkpt lat="54.75773" lon="24.53088">
        <ele>122.791443</ele>
      </trkpt>
      <trkpt lat="54.757706" lon="24.53107">
        <ele>122.4842</ele>
      </trkpt>
      <trkpt lat="54.757687" lon="24.531302">
        <ele>122.114047</ele>
      </trkpt>
      <trkpt lat="54.757675" lon="24.531476">
        <ele>121.83723</ele>
      </trkpt>
      <trkpt lat="54.757657" lon="24.531679">
        <ele>121.512794</ele>
      </trkpt>
      <trkpt lat="54.757645" lon="24.531875">
        <ele>121.201443</ele>
      </trkpt>
      <trkpt lat="54.757636" lon="24.53206">
        <ele>120.908169</ele>
      </trkpt>
      <trkpt lat="54.757619" lon="24.532232">
        <ele>120.63251</ele>
      </trkpt>
      <trkpt lat="54.757612" lon="24.53241">
        <ele>120.350678</ele>
      </trkpt>
      <trkpt lat="54.757606" lon="24.532574">
        <ele>120.091093</ele>
      </trkpt>
      <trkpt lat="54.757589" lon="24.532791">
        <ele>119.745161</ele>
      </trkpt>
      <trkpt lat="54.757579" lon="24.533006">
        <ele>119.404431</ele>
      </trkpt>
      <trkpt lat="54.75757" lon="24.533178">
        <ele>119.226539</ele>
      </trkpt>
      <trkpt lat="54.757555" lon="24.53339">
        <ele>119.016029</ele>
      </trkpt>
      <trkpt lat="54.757546" lon="24.533549">
        <ele>118.858568</ele>
      </trkpt>
      <trkpt lat="54.75754" lon="24.53371">
        <ele>118.699557</ele>
      </trkpt>
      <trkpt lat="54.757529" lon="24.53388">
        <ele>118.530957</ele>
      </trkpt>
      <trkpt lat="54.75751" lon="24.534103">
        <ele>118.308787</ele>
      </trkpt>
      <trkpt lat="54.757507" lon="24.53433">
        <ele>118.084999</ele>
      </trkpt>
      <trkpt lat="54.7575" lon="24.534493">
        <ele>117.923903</ele>
      </trkpt>
      <trkpt lat="54.757482" lon="24.534723">
        <ele>117.695142</ele>
      </trkpt>
      <trkpt lat="54.757467" lon="24.534947">
        <ele>117.472888</ele>
      </trkpt>
      <trkpt lat="54.757453" lon="24.535179">
        <ele>117.242983</ele>
      </trkpt>
      <trkpt lat="54.757446" lon="24.535346">
        <ele>117.077956</ele>
      </trkpt>
      <trkpt lat="54.757437" lon="24.535508">
        <ele>116.917551</ele>
      </trkpt>
      <trkpt lat="54.757428" lon="24.535691">
        <ele>116.736534</ele>
      </trkpt>
      <trkpt lat="54.757414" lon="24.535874">
        <ele>116.554592</ele>
      </trkpt>
      <trkpt lat="54.757408" lon="24.536038">
        <ele>116.39263</ele>
      </trkpt>
      <trkpt lat="54.7574" lon="24.536203">
        <ele>116.338807</ele>
      </trkpt>
      <trkpt lat="54.757386" lon="24.536378">
        <ele>116.395601</ele>
      </trkpt>
      <trkpt lat="54.757375" lon="24.536545">
        <ele>116.449633</ele>
      </trkpt>
      <trkpt lat="54.757361" lon="24.53672">
        <ele>116.506427</ele>
      </trkpt>
      <trkpt lat="54.757348" lon="24.536893">
        <ele>116.562509</ele>
      </trkpt>
      <trkpt lat="54.757331" lon="24.537072">
        <ele>116.620825</ele>
      </trkpt>
      <trkpt lat="54.757322" lon="24.53725">
        <ele>116.678264</ele>
      </trkpt>
      <trkpt lat="54.757316" lon="24.537423">
        <ele>116.733977</ele>
      </trkpt>
      <trkpt lat="54.757306" lon="24.537607">
        <ele>116.793387</ele>
      </trkpt>
      <trkpt lat="54.757297" lon="24.537795">
        <ele>116.854029</ele>
      </trkpt>
      <trkpt lat="54.757281" lon="24.537974">
        <ele>116.912257</ele>
      </trkpt>
      <trkpt lat="54.757274" lon="24.538164">
        <ele>116.973459</ele>
      </trkpt>
      <trkpt lat="54.757271" lon="24.538348">
        <ele>117.032631</ele>
      </trkpt>
      <trkpt lat="54.757261" lon="24.538521">
        <ele>117.088523</ele>
      </trkpt>
      <trkpt lat="54.757251" lon="24.538694">
        <ele>117.144414</ele>
      </trkpt>
      <trkpt lat="54.757237" lon="24.538868">
        <ele>117.200889</ele>
      </trkpt>
      <trkpt lat="54.757225" lon="24.539058">
        <ele>117.262331</ele>
      </trkpt>
      <trkpt lat="54.757214" lon="24.539243">
        <ele>117.303405</ele>
      </trkpt>
      <trkpt lat="54.757202" lon="24.539415">
        <ele>117.232209</ele>
      </trkpt>
      <trkpt lat="54.757189" lon="24.539596">
        <ele>117.157255</ele>
      </trkpt>
      <trkpt lat="54.757179" lon="24.539771">
        <ele>117.084989</ele>
      </trkpt>
      <trkpt lat="54.757167" lon="24.539947">
        <ele>117.012161</ele>
      </trkpt>
      <trkpt lat="54.75716" lon="24.540119">
        <ele>116.941304</ele>
      </trkpt>
      <trkpt lat="54.757148" lon="24.540343">
        <ele>116.848857</ele>
      </trkpt>
      <trkpt lat="54.757135" lon="24.540544">
        <ele>116.765741</ele>
      </trkpt>
      <trkpt lat="54.757124" lon="24.540743">
        <ele>116.68359</ele>
      </trkpt>
      <trkpt lat="54.757103" lon="24.540953">
        <ele>116.596006</ele>
      </trkpt>
      <trkpt lat="54.757089" lon="24.541117">
        <ele>116.527879</ele>
      </trkpt>
      <trkpt lat="54.757072" lon="24.541289">
        <ele>116.456168</ele>
      </trkpt>
      <trkpt lat="54.757062" lon="24.541464">
        <ele>116.383902</ele>
      </trkpt>
      <trkpt lat="54.757056" lon="24.541628">
        <ele>116.316372</ele>
      </trkpt>
      <trkpt lat="54.757047" lon="24.541794">
        <ele>116.247856</ele>
      </trkpt>
      <trkpt lat="54.757036" lon="24.541951">
        <ele>116.182864</ele>
      </trkpt>
      <trkpt lat="54.757024" lon="24.542119">
        <ele>116.113299</ele>
      </trkpt>
      <trkpt lat="54.757011" lon="24.542341">
        <ele>116.008038</ele>
      </trkpt>
      <trkpt lat="54.757025" lon="24.542514">
        <ele>115.850874</ele>
      </trkpt>
      <trkpt lat="54.757109" lon="24.542662">
        <ele>115.664111</ele>
      </trkpt>
      <trkpt lat="54.757186" lon="24.542756">
        <ele>115.517266</ele>
      </trkpt>
      <trkpt lat="54.757274" lon="24.542859">
        <ele>115.351705</ele>
      </trkpt>
      <trkpt lat="54.757358" lon="24.542969">
        <ele>115.187556</ele>
      </trkpt>
      <trkpt lat="54.757439" lon="24.543075">
        <ele>115.029309</ele>
      </trkpt>
      <trkpt lat="54.757518" lon="24.543182">
        <ele>114.872986</ele>
      </trkpt>
      <trkpt lat="54.757604" lon="24.543302">
        <ele>114.700844</ele>
      </trkpt>
      <trkpt lat="54.75769" lon="24.543401">
        <ele>114.539877</ele>
      </trkpt>
      <trkpt lat="54.757774" lon="24.543498">
        <ele>114.382503</ele>
      </trkpt>
      <trkpt lat="54.757859" lon="24.543601">
        <ele>114.220798</ele>
      </trkpt>
      <trkpt lat="54.757946" lon="24.543698">
        <ele>114.059511</ele>
      </trkpt>
      <trkpt lat="54.758036" lon="24.543803">
        <ele>113.89036</ele>
      </trkpt>
      <trkpt lat="54.75812" lon="24.543915">
        <ele>113.725121</ele>
      </trkpt>
      <trkpt lat="54.758191" lon="24.544031">
        <ele>113.57299</ele>
      </trkpt>
      <trkpt lat="54.758269" lon="24.544126">
        <ele>113.424353</ele>
      </trkpt>
      <trkpt lat="54.758367" lon="24.544256">
        <ele>113.23194</ele>
      </trkpt>
      <trkpt lat="54.758452" lon="24.544385">
        <ele>112.564684</ele>
      </trkpt>
      <trkpt lat="54.758537" lon="24.544517">
        <ele>111.881561</ele>
      </trkpt>
      <trkpt lat="54.758618" lon="24.544648">
        <ele>111.218438</ele>
      </trkpt>
      <trkpt lat="54.758708" lon="24.544806">
        <ele>110.451668</ele>
      </trkpt>
      <trkpt lat="54.758785" lon="24.544968">
        <ele>109.726804</ele>
      </trkpt>
      <trkpt lat="54.758858" lon="24.545125">
        <ele>109.03045</ele>
      </trkpt>
      <trkpt lat="54.758896" lon="24.54531">
        <ele>108.352253</ele>
      </trkpt>
      <trkpt lat="54.758917" lon="24.545496">
        <ele>107.697697</ele>
      </trkpt>
      <trkpt lat="54.758899" lon="24.54573">
        <ele>106.882399</ele>
      </trkpt>
      <trkpt lat="54.758878" lon="24.545887">
        <ele>106.325801</ele>
      </trkpt>
      <trkpt lat="54.758864" lon="24.546071">
        <ele>105.684832</ele>
      </trkpt>
      <trkpt lat="54.75887" lon="24.546254">
        <ele>105.051798</ele>
      </trkpt>
      <trkpt lat="54.758902" lon="24.546431">
        <ele>104.411203</ele>
      </trkpt>
      <trkpt lat="54.758954" lon="24.54661">
        <ele>103.719077</ele>
      </trkpt>
      <trkpt lat="54.759029" lon="24.546781">
        <ele>102.977268</ele>
      </trkpt>
      <trkpt lat="54.759103" lon="24.546919">
        <ele>102.413134</ele>
      </trkpt>
      <trkpt lat="54.759187" lon="24.547058">
        <ele>102.157803</ele>
      </trkpt>
      <trkpt lat="54.759282" lon="24.547216">
        <ele>101.868337</ele>
      </trkpt>
      <trkpt lat="54.759379" lon="24.547362">
        <ele>101.58589</ele>
      </trkpt>
      <trkpt lat="54.759467" lon="24.54751">
        <ele>101.316307</ele>
      </trkpt>
      <trkpt lat="54.759565" lon="24.547663">
        <ele>101.026331</ele>
      </trkpt>
      <trkpt lat="54.759639" lon="24.547761">
        <ele>100.821586</ele>
      </trkpt>
      <trkpt lat="54.759707" lon="24.547879">
        <ele>100.610034</ele>
      </trkpt>
      <trkpt lat="54.759793" lon="24.548031">
        <ele>100.339991</ele>
      </trkpt>
      <trkpt lat="54.759853" lon="24.548154">
        <ele>100.135678</ele>
      </trkpt>
      <trkpt lat="54.759904" lon="24.548283">
        <ele>99.937313</ele>
      </trkpt>
      <trkpt lat="54.759989" lon="24.548463">
        <ele>99.642263</ele>
      </trkpt>
      <trkpt lat="54.760071" lon="24.548646">
        <ele>99.348348</ele>
      </trkpt>
      <trkpt lat="54.76013" lon="24.54877">
        <ele>99.144471</ele>
      </trkpt>
      <trkpt lat="54.76021" lon="24.548954">
        <ele>98.852222</ele>
      </trkpt>
      <trkpt lat="54.760264" lon="24.549079">
        <ele>98.654142</ele>
      </trkpt>
      <trkpt lat="54.76032" lon="24.549206">
        <ele>98.563967</ele>
      </trkpt>
      <trkpt lat="54.760402" lon="24.549359">
        <ele>98.815507</ele>
      </trkpt>
      <trkpt lat="54.760461" lon="24.549492">
        <ele>99.017592</ele>
      </trkpt>
      <trkpt lat="54.760542" lon="24.549652">
        <ele>99.273993</ele>
      </trkpt>
      <trkpt lat="54.760609" lon="24.549827">
        <ele>99.526978</ele>
      </trkpt>
      <trkpt lat="54.760634" lon="24.550024">
        <ele>99.769951</ele>
      </trkpt>
      <trkpt lat="54.760615" lon="24.550213">
        <ele>100.001045</ele>
      </trkpt>
      <trkpt lat="54.760557" lon="24.550397">
        <ele>100.253605</ele>
      </trkpt>
      <trkpt lat="54.760481" lon="24.550574">
        <ele>100.519373</ele>
      </trkpt>
      <trkpt lat="54.760427" lon="24.55071">
        <ele>100.718237</ele>
      </trkpt>
      <trkpt lat="54.760374" lon="24.550855">
        <ele>100.924998</ele>
      </trkpt>
      <trkpt lat="54.760337" lon="24.551009">
        <ele>101.125943</ele>
      </trkpt>
      <trkpt lat="54.760313" lon="24.551173">
        <ele>101.329749</ele>
      </trkpt>
      <trkpt lat="54.76029" lon="24.551328">
        <ele>101.522535</ele>
      </trkpt>
      <trkpt lat="54.760258" lon="24.551476">
        <ele>101.712919</ele>
      </trkpt>
      <trkpt lat="54.760231" lon="24.551645">
        <ele>101.924154</ele>
      </trkpt>
      <trkpt lat="54.760201" lon="24.551815">
        <ele>102.138296</ele>
      </trkpt>
      <trkpt lat="54.76017" lon="24.551987">
        <ele>102.412272</ele>
      </trkpt>
      <trkpt lat="54.760136" lon="24.55216">
        <ele>102.769733</ele>
      </trkpt>
      <trkpt lat="54.760113" lon="24.552333">
        <ele>103.11697</ele>
      </trkpt>
      <trkpt lat="54.760095" lon="24.552502">
        <ele>103.453103</ele>
      </trkpt>
      <trkpt lat="54.760092" lon="24.552665">
        <ele>103.772078</ele>
      </trkpt>
      <trkpt lat="54.760093" lon="24.552843">
        <ele>104.120246</ele>
      </trkpt>
      <trkpt lat="54.760097" lon="24.553041">
        <ele>104.507753</ele>
      </trkpt>
      <trkpt lat="54.760102" lon="24.553229">
        <ele>104.875853</ele>
      </trkpt>
      <trkpt lat="54.760116" lon="24.553406">
        <ele>105.225286</ele>
      </trkpt>
      <trkpt lat="54.760128" lon="24.553575">
        <ele>105.558328</ele>
      </trkpt>
      <trkpt lat="54.760136" lon="24.553734">
        <ele>105.870497</ele>
      </trkpt>
      <trkpt lat="54.760135" lon="24.553953">
        <ele>106.298854</ele>
      </trkpt>
      <trkpt lat="54.760142" lon="24.554157">
        <ele>106.698563</ele>
      </trkpt>
      <trkpt lat="54.760152" lon="24.554372">
        <ele>107.120447</ele>
      </trkpt>
      <trkpt lat="54.76015" lon="24.554528">
        <ele>107.425643</ele>
      </trkpt>
      <trkpt lat="54.760154" lon="24.554694">
        <ele>107.750606</ele>
      </trkpt>
      <trkpt lat="54.760156" lon="24.55488">
        <ele>108.114467</ele>
      </trkpt>
      <trkpt lat="54.76014" lon="24.555056">
        <ele>108.454727</ele>
      </trkpt>
      <trkpt lat="54.760125" lon="24.555234">
        <ele>108.778154</ele>
      </trkpt>
      <trkpt lat="54.760117" lon="24.555403">
        <ele>109.083024</ele>
      </trkpt>
      <trkpt lat="54.760095" lon="24.555586">
        <ele>109.419111</ele>
      </trkpt>
      <trkpt lat="54.76006" lon="24.555782">
        <ele>109.787996</ele>
      </trkpt>
      <trkpt lat="54.760027" lon="24.555959">
        <ele>110.12243</ele>
      </trkpt>
      <trkpt lat="54.759995" lon="24.556127">
        <ele>110.440516</ele>
      </trkpt>
      <trkpt lat="54.75997" lon="24.5563">
        <ele>110.761165</ele>
      </trkpt>
      <trkpt lat="54.759945" lon="24.55649">
        <ele>111.111542</ele>
      </trkpt>
      <trkpt lat="54.759924" lon="24.556688">
        <ele>111.473498</ele>
      </trkpt>
      <trkpt lat="54.759907" lon="24.556898">
        <ele>111.854763</ele>
      </trkpt>
      <trkpt lat="54.759879" lon="24.557114">
        <ele>112.252797</ele>
      </trkpt>
      <trkpt lat="54.759854" lon="24.55731">
        <ele>112.613701</ele>
      </trkpt>
      <trkpt lat="54.759837" lon="24.557471">
        <ele>112.907977</ele>
      </trkpt>
      <trkpt lat="54.759809" lon="24.557627">
        <ele>113.201712</ele>
      </trkpt>
      <trkpt lat="54.759769" lon="24.557822">
        <ele>113.573807</ele>
      </trkpt>
      <trkpt lat="54.759738" lon="24.55799">
        <ele>113.890932</ele>
      </trkpt>
      <trkpt lat="54.75971" lon="24.558146">
        <ele>114.020691</ele>
      </trkpt>
      <trkpt lat="54.759673" lon="24.558293">
        <ele>114.093142</ele>
      </trkpt>
      <trkpt lat="54.759651" lon="24.558451">
        <ele>114.166568</ele>
      </trkpt>
      <trkpt lat="54.759618" lon="24.558617">
        <ele>114.245885</ele>
      </trkpt>
      <trkpt lat="54.759578" lon="24.558793">
        <ele>114.331339</ele>
      </trkpt>
      <trkpt lat="54.759512" lon="24.558961">
        <ele>114.423154</ele>
      </trkpt>
      <trkpt lat="54.759455" lon="24.559132">
        <ele>114.512368</ele>
      </trkpt>
      <trkpt lat="54.759405" lon="24.559302">
        <ele>114.598568</ele>
      </trkpt>
      <trkpt lat="54.759356" lon="24.559463">
        <ele>114.680798</ele>
      </trkpt>
      <trkpt lat="54.759313" lon="24.559607">
        <ele>114.754046</ele>
      </trkpt>
      <trkpt lat="54.75927" lon="24.559795">
        <ele>114.845405</ele>
      </trkpt>
      <trkpt lat="54.759235" lon="24.559975">
        <ele>114.931214</ele>
      </trkpt>
      <trkpt lat="54.75921" lon="24.56014">
        <ele>115.008281</ele>
      </trkpt>
      <trkpt lat="54.75918" lon="24.560315">
        <ele>115.090754</ele>
      </trkpt>
      <trkpt lat="54.759156" lon="24.560499">
        <ele>115.175975</ele>
      </trkpt>
      <trkpt lat="54.759143" lon="24.560684">
        <ele>115.260167</ele>
      </trkpt>
      <trkpt lat="54.75911" lon="24.560875">
        <ele>115.350238</ele>
      </trkpt>
      <trkpt lat="54.759085" lon="24.561072">
        <ele>115.428917</ele>
      </trkpt>
      <trkpt lat="54.759061" lon="24.561275">
        <ele>115.505269</ele>
      </trkpt>
      <trkpt lat="54.759052" lon="24.561473">
        <ele>115.578452</ele>
      </trkpt>
      <trkpt lat="54.759026" lon="24.561678">
        <ele>115.65579</ele>
      </trkpt>
      <trkpt lat="54.758998" lon="24.561875">
        <ele>115.730548</ele>
      </trkpt>
      <trkpt lat="54.758964" lon="24.562084">
        <ele>115.810559</ele>
      </trkpt>
      <trkpt lat="54.758925" lon="24.562226">
        <ele>115.868506</ele>
      </trkpt>
      <trkpt lat="54.75888" lon="24.562374">
        <ele>115.930147</ele>
      </trkpt>
      <trkpt lat="54.758833" lon="24.562519">
        <ele>115.991428</ele>
      </trkpt>
      <trkpt lat="54.758767" lon="24.562712">
        <ele>116.074093</ele>
      </trkpt>
      <trkpt lat="54.7587" lon="24.562892">
        <ele>116.15302</ele>
      </trkpt>
      <trkpt lat="54.758637" lon="24.563067">
        <ele>116.229022</ele>
      </trkpt>
      <trkpt lat="54.758579" lon="24.563235">
        <ele>116.301159</ele>
      </trkpt>
      <trkpt lat="54.75852" lon="24.563429">
        <ele>116.381963</ele>
      </trkpt>
      <trkpt lat="54.758457" lon="24.563606">
        <ele>116.458593</ele>
      </trkpt>
      <trkpt lat="54.758403" lon="24.563767">
        <ele>116.516683</ele>
      </trkpt>
      <trkpt lat="54.758349" lon="24.563961">
        <ele>116.421412</ele>
      </trkpt>
      <trkpt lat="54.758299" lon="24.564112">
        <ele>116.344407</ele>
      </trkpt>
      <trkpt lat="54.758255" lon="24.564259">
        <ele>116.271159</ele>
      </trkpt>
      <trkpt lat="54.758198" lon="24.564465">
        <ele>116.170108</ele>
      </trkpt>
      <trkpt lat="54.758147" lon="24.564653">
        <ele>116.078222</ele>
      </trkpt>
      <trkpt lat="54.758107" lon="24.564841">
        <ele>115.989593</ele>
      </trkpt>
      <trkpt lat="54.758063" lon="24.565046">
        <ele>115.892849</ele>
      </trkpt>
      <trkpt lat="54.758033" lon="24.565199">
        <ele>115.821374</ele>
      </trkpt>
      <trkpt lat="54.758002" lon="24.565348">
        <ele>115.751315</ele>
      </trkpt>
      <trkpt lat="54.757951" lon="24.565568">
        <ele>115.646446</ele>
      </trkpt>
      <trkpt lat="54.75789" lon="24.565784">
        <ele>115.540077</ele>
      </trkpt>
      <trkpt lat="54.757843" lon="24.56594">
        <ele>115.462236</ele>
      </trkpt>
      <trkpt lat="54.757785" lon="24.566085">
        <ele>115.384197</ele>
      </trkpt>
      <trkpt lat="54.757724" lon="24.566222">
        <ele>115.307656</ele>
      </trkpt>
      <trkpt lat="54.757662" lon="24.566351">
        <ele>115.233397</ele>
      </trkpt>
      <trkpt lat="54.757595" lon="24.566481">
        <ele>115.156298</ele>
      </trkpt>
      <trkpt lat="54.757528" lon="24.566606">
        <ele>115.147951</ele>
      </trkpt>
      <trkpt lat="54.757467" lon="24.566752">
        <ele>115.153352</ele>
      </trkpt>
      <trkpt lat="54.757414" lon="24.566919">
        <ele>115.159063</ele>
      </trkpt>
      <trkpt lat="54.757374" lon="24.567097">
        <ele>115.164787</ele>
      </trkpt>
      <trkpt lat="54.757344" lon="24.567273">
        <ele>115.170286</ele>
      </trkpt>
      <trkpt lat="54.757315" lon="24.56745">
        <ele>115.175799</ele>
      </trkpt>
      <trkpt lat="54.757286" lon="24.567631">
        <ele>115.181428</ele>
      </trkpt>
      <trkpt lat="54.757254" lon="24.567803">
        <ele>115.186843</ele>
      </trkpt>
      <trkpt lat="54.75722" lon="24.567979">
        <ele>115.192405</ele>
      </trkpt>
      <trkpt lat="54.757187" lon="24.56816">
        <ele>115.198092</ele>
      </trkpt>
      <trkpt lat="54.757145" lon="24.56834">
        <ele>115.20391</ele>
      </trkpt>
      <trkpt lat="54.757107" lon="24.568505">
        <ele>115.209234</ele>
      </trkpt>
      <trkpt lat="54.75707" lon="24.568658">
        <ele>115.214204</ele>
      </trkpt>
      <trkpt lat="54.757036" lon="24.568812">
        <ele>115.219145</ele>
      </trkpt>
      <trkpt lat="54.757001" lon="24.568973">
        <ele>115.2243</ele>
      </trkpt>
      <trkpt lat="54.756969" lon="24.569135">
        <ele>115.229431</ele>
      </trkpt>
      <trkpt lat="54.756927" lon="24.5693">
        <ele>115.234835</ele>
      </trkpt>
      <trkpt lat="54.756884" lon="24.569472">
        <ele>115.198796</ele>
      </trkpt>
      <trkpt lat="54.756844" lon="24.569649">
        <ele>115.133872</ele>
      </trkpt>
      <trkpt lat="54.756794" lon="24.569808">
        <ele>115.072027</ele>
      </trkpt>
      <trkpt lat="54.756742" lon="24.570004">
        <ele>114.998349</ele>
      </trkpt>
      <trkpt lat="54.756673" lon="24.570204">
        <ele>114.918763</ele>
      </trkpt>
      <trkpt lat="54.756624" lon="24.570342">
        <ele>114.863422</ele>
      </trkpt>
      <trkpt lat="54.75657" lon="24.57048">
        <ele>114.806475</ele>
      </trkpt>
      <trkpt lat="54.756507" lon="24.570611">
        <ele>114.748231</ele>
      </trkpt>
      <trkpt lat="54.75645" lon="24.570753">
        <ele>114.689152</ele>
      </trkpt>
      <trkpt lat="54.7564" lon="24.570905">
        <ele>114.629395</ele>
      </trkpt>
      <trkpt lat="54.756369" lon="24.571063">
        <ele>114.572397</ele>
      </trkpt>
      <trkpt lat="54.756346" lon="24.571243">
        <ele>114.50943</ele>
      </trkpt>
      <trkpt lat="54.756332" lon="24.57141">
        <ele>114.451793</ele>
      </trkpt>
      <trkpt lat="54.756328" lon="24.571576">
        <ele>114.395047</ele>
      </trkpt>
      <trkpt lat="54.756333" lon="24.571743">
        <ele>114.337932</ele>
      </trkpt>
      <trkpt lat="54.756339" lon="24.571926">
        <ele>114.275329</ele>
      </trkpt>
      <trkpt lat="54.756352" lon="24.572114">
        <ele>114.210659</ele>
      </trkpt>
      <trkpt lat="54.756372" lon="24.572288">
        <ele>114.130274</ele>
      </trkpt>
      <trkpt lat="54.756388" lon="24.572456">
        <ele>114.020868</ele>
      </trkpt>
      <trkpt lat="54.75641" lon="24.572624">
        <ele>113.910178</ele>
      </trkpt>
      <trkpt lat="54.756431" lon="24.572794">
        <ele>113.798473</ele>
      </trkpt>
      <trkpt lat="54.756446" lon="24.572965">
        <ele>113.687338</ele>
      </trkpt>
      <trkpt lat="54.756469" lon="24.573135">
        <ele>113.575146</ele>
      </trkpt>
      <trkpt lat="54.756491" lon="24.573318">
        <ele>113.455038</ele>
      </trkpt>
      <trkpt lat="54.756505" lon="24.573497">
        <ele>113.338974</ele>
      </trkpt>
      <trkpt lat="54.756535" lon="24.573732">
        <ele>113.184329</ele>
      </trkpt>
      <trkpt lat="54.756552" lon="24.573886">
        <ele>113.083585</ele>
      </trkpt>
      <trkpt lat="54.756569" lon="24.574044">
        <ele>112.980316</ele>
      </trkpt>
      <trkpt lat="54.756587" lon="24.574197">
        <ele>112.879987</ele>
      </trkpt>
      <trkpt lat="54.756602" lon="24.574433">
        <ele>112.727433</ele>
      </trkpt>
      <trkpt lat="54.756619" lon="24.5746">
        <ele>112.618474</ele>
      </trkpt>
      <trkpt lat="54.756636" lon="24.574771">
        <ele>112.506983</ele>
      </trkpt>
      <trkpt lat="54.756659" lon="24.574949">
        <ele>112.389781</ele>
      </trkpt>
      <trkpt lat="54.756677" lon="24.575134">
        <ele>112.269235</ele>
      </trkpt>
      <trkpt lat="54.756694" lon="24.575318">
        <ele>112.192085</ele>
      </trkpt>
      <trkpt lat="54.756714" lon="24.575491">
        <ele>112.316728</ele>
      </trkpt>
      <trkpt lat="54.756737" lon="24.575671">
        <ele>112.446969</ele>
      </trkpt>
      <trkpt lat="54.756765" lon="24.575872">
        <ele>112.593043</ele>
      </trkpt>
      <trkpt lat="54.756777" lon="24.576083">
        <ele>112.742825</ele>
      </trkpt>
      <trkpt lat="54.756798" lon="24.576295">
        <ele>112.894781</ele>
      </trkpt>
      <trkpt lat="54.756822" lon="24.576505">
        <ele>113.046016</ele>
      </trkpt>
      <trkpt lat="54.756845" lon="24.576685">
        <ele>113.176256</ele>
      </trkpt>
      <trkpt lat="54.756863" lon="24.576872">
        <ele>113.310186</ele>
      </trkpt>
      <trkpt lat="54.756886" lon="24.577044">
        <ele>113.434914</ele>
      </trkpt>
      <trkpt lat="54.756902" lon="24.577236">
        <ele>113.571958</ele>
      </trkpt>
      <trkpt lat="54.756929" lon="24.577425">
        <ele>113.709506</ele>
      </trkpt>
      <trkpt lat="54.756954" lon="24.577626">
        <ele>113.854762</ele>
      </trkpt>
      <trkpt lat="54.756977" lon="24.577841">
        <ele>114.009234</ele>
      </trkpt>
      <trkpt lat="54.757002" lon="24.578058">
        <ele>114.165557</ele>
      </trkpt>
      <trkpt lat="54.757029" lon="24.57825">
        <ele>114.305163</ele>
      </trkpt>
      <trkpt lat="54.757058" lon="24.578432">
        <ele>114.335369</ele>
      </trkpt>
      <trkpt lat="54.757083" lon="24.578607">
        <ele>114.266</ele>
      </trkpt>
      <trkpt lat="54.757101" lon="24.578768">
        <ele>114.202899</ele>
      </trkpt>
      <trkpt lat="54.757123" lon="24.578934">
        <ele>114.137363</ele>
      </trkpt>
      <trkpt lat="54.757152" lon="24.579126">
        <ele>114.060998</ele>
      </trkpt>
      <trkpt lat="54.757169" lon="24.57931">
        <ele>113.989297</ele>
      </trkpt>
      <trkpt lat="54.75719" lon="24.579492">
        <ele>113.917882</ele>
      </trkpt>
      <trkpt lat="54.757219" lon="24.579682">
        <ele>113.84226</ele>
      </trkpt>
      <trkpt lat="54.757245" lon="24.579869">
        <ele>113.768248</ele>
      </trkpt>
      <trkpt lat="54.757265" lon="24.580044">
        <ele>113.699605</ele>
      </trkpt>
      <trkpt lat="54.757288" lon="24.580205">
        <ele>113.635786</ele>
      </trkpt>
      <trkpt lat="54.757309" lon="24.580371">
        <ele>113.570397</ele>
      </trkpt>
      <trkpt lat="54.757337" lon="24.580551">
        <ele>113.498665</ele>
      </trkpt>
      <trkpt lat="54.757354" lon="24.580738">
        <ele>113.425825</ele>
      </trkpt>
      <trkpt lat="54.757381" lon="24.58092">
        <ele>113.353519</ele>
      </trkpt>
      <trkpt lat="54.757407" lon="24.581099">
        <ele>113.282496</ele>
      </trkpt>
      <trkpt lat="54.757438" lon="24.581285">
        <ele>113.208003</ele>
      </trkpt>
      <trkpt lat="54.75746" lon="24.581463">
        <ele>113.126017</ele>
      </trkpt>
      <trkpt lat="54.757484" lon="24.581661">
        <ele>113.021181</ele>
      </trkpt>
      <trkpt lat="54.757504" lon="24.581837">
        <ele>112.928231</ele>
      </trkpt>
      <trkpt lat="54.757539" lon="24.58201">
        <ele>112.833237</ele>
      </trkpt>
      <trkpt lat="54.757561" lon="24.582178">
        <ele>112.743971</ele>
      </trkpt>
      <trkpt lat="54.757587" lon="24.582363">
        <ele>112.645308</ele>
      </trkpt>
      <trkpt lat="54.757607" lon="24.582549">
        <ele>112.547269</ele>
      </trkpt>
      <trkpt lat="54.757633" lon="24.582758">
        <ele>112.436484</ele>
      </trkpt>
      <trkpt lat="54.757657" lon="24.58295">
        <ele>112.334688</ele>
      </trkpt>
      <trkpt lat="54.757676" lon="24.583145">
        <ele>112.232215</ele>
      </trkpt>
      <trkpt lat="54.7577" lon="24.583324">
        <ele>112.136992</ele>
      </trkpt>
      <trkpt lat="54.757719" lon="24.583488">
        <ele>112.050316</ele>
      </trkpt>
      <trkpt lat="54.757741" lon="24.583663">
        <ele>111.95751</ele>
      </trkpt>
      <trkpt lat="54.757765" lon="24.58385">
        <ele>111.858245</ele>
      </trkpt>
      <trkpt lat="54.757786" lon="24.584036">
        <ele>111.760038</ele>
      </trkpt>
      <trkpt lat="54.757814" lon="24.584216">
        <ele>111.663439</ele>
      </trkpt>
      <trkpt lat="54.757845" lon="24.584411">
        <ele>111.558632</ele>
      </trkpt>
      <trkpt lat="54.75787" lon="24.584611">
        <ele>111.50207</ele>
      </trkpt>
      <trkpt lat="54.757895" lon="24.584815">
        <ele>111.44509</ele>
      </trkpt>
      <trkpt lat="54.757922" lon="24.585004">
        <ele>111.391892</ele>
      </trkpt>
      <trkpt lat="54.757947" lon="24.585187">
        <ele>111.340511</ele>
      </trkpt>
      <trkpt lat="54.757967" lon="24.585367">
        <ele>111.290428</ele>
      </trkpt>
      <trkpt lat="54.757988" lon="24.585547">
        <ele>111.240253</ele>
      </trkpt>
      <trkpt lat="54.75801" lon="24.585725">
        <ele>111.190517</ele>
      </trkpt>
      <trkpt lat="54.758038" lon="24.585898">
        <ele>111.141426</ele>
      </trkpt>
      <trkpt lat="54.758072" lon="24.586047">
        <ele>111.097649</ele>
      </trkpt>
      <trkpt lat="54.758159" lon="24.58623">
        <ele>111.032866</ele>
      </trkpt>
      <trkpt lat="54.758239" lon="24.586344">
        <ele>110.983826</ele>
      </trkpt>
      <trkpt lat="54.758343" lon="24.586432">
        <ele>110.929026</ele>
      </trkpt>
      <trkpt lat="54.758451" lon="24.586505">
        <ele>110.874137</ele>
      </trkpt>
      <trkpt lat="54.758554" lon="24.586573">
        <ele>110.821949</ele>
      </trkpt>
      <trkpt lat="54.758649" lon="24.586627">
        <ele>110.774609</ele>
      </trkpt>
      <trkpt lat="54.758739" lon="24.586689">
        <ele>110.728752</ele>
      </trkpt>
      <trkpt lat="54.758831" lon="24.586742">
        <ele>110.689662</ele>
      </trkpt>
      <trkpt lat="54.758918" lon="24.586857">
        <ele>110.653362</ele>
      </trkpt>
      <trkpt lat="54.758924" lon="24.58707">
        <ele>110.612539</ele>
      </trkpt>
      <trkpt lat="54.758896" lon="24.587234">
        <ele>110.579799</ele>
      </trkpt>
      <trkpt lat="54.75886" lon="24.587405">
        <ele>110.544953</ele>
      </trkpt>
      <trkpt lat="54.758816" lon="24.58759">
        <ele>110.506648</ele>
      </trkpt>
      <trkpt lat="54.758774" lon="24.587787">
        <ele>110.466445</ele>
      </trkpt>
      <trkpt lat="54.75874" lon="24.587973">
        <ele>110.429095</ele>
      </trkpt>
      <trkpt lat="54.758712" lon="24.588167">
        <ele>110.390813</ele>
      </trkpt>
      <trkpt lat="54.758678" lon="24.588358">
        <ele>110.352549</ele>
      </trkpt>
      <trkpt lat="54.758644" lon="24.588553">
        <ele>110.313553</ele>
      </trkpt>
      <trkpt lat="54.758611" lon="24.588735">
        <ele>110.277033</ele>
      </trkpt>
      <trkpt lat="54.758571" lon="24.588939">
        <ele>110.235788</ele>
      </trkpt>
      <trkpt lat="54.758533" lon="24.589128">
        <ele>110.197474</ele>
      </trkpt>
      <trkpt lat="54.758496" lon="24.58932">
        <ele>110.158724</ele>
      </trkpt>
      <trkpt lat="54.758462" lon="24.589526">
        <ele>110.117707</ele>
      </trkpt>
      <trkpt lat="54.758424" lon="24.589725">
        <ele>110.08027</ele>
      </trkpt>
      <trkpt lat="54.758387" lon="24.589914">
        <ele>110.045346</ele>
      </trkpt>
      <trkpt lat="54.75834" lon="24.590105">
        <ele>110.00901</ele>
      </trkpt>
      <trkpt lat="54.758309" lon="24.590303">
        <ele>109.97311</ele>
      </trkpt>
      <trkpt lat="54.758277" lon="24.590495">
        <ele>109.938138</ele>
      </trkpt>
      <trkpt lat="54.758245" lon="24.590675">
        <ele>109.905179</ele>
      </trkpt>
      <trkpt lat="54.758217" lon="24.59085">
        <ele>109.8734</ele>
      </trkpt>
      <trkpt lat="54.758199" lon="24.59106">
        <ele>109.836249</ele>
      </trkpt>
      <trkpt lat="54.758201" lon="24.591297">
        <ele>109.794772</ele>
      </trkpt>
      <trkpt lat="54.758225" lon="24.591465">
        <ele>109.764486</ele>
      </trkpt>
      <trkpt lat="54.758284" lon="24.591684">
        <ele>109.722192</ele>
      </trkpt>
      <trkpt lat="54.758339" lon="24.591841">
        <ele>109.690051</ele>
      </trkpt>
      <trkpt lat="54.758405" lon="24.592006">
        <ele>109.654919</ele>
      </trkpt>
      <trkpt lat="54.758468" lon="24.592173">
        <ele>109.620005</ele>
      </trkpt>
      <trkpt lat="54.758536" lon="24.592333">
        <ele>109.585232</ele>
      </trkpt>
      <trkpt lat="54.758605" lon="24.592494">
        <ele>109.529582</ele>
      </trkpt>
      <trkpt lat="54.758671" lon="24.592648">
        <ele>109.444146</ele>
      </trkpt>
      <trkpt lat="54.758747" lon="24.592818">
        <ele>109.348368</ele>
      </trkpt>
      <trkpt lat="54.758781" lon="24.59299">
        <ele>109.267393</ele>
      </trkpt>
      <trkpt lat="54.758726" lon="24.593116">
        <ele>109.197028</ele>
      </trkpt>
      <trkpt lat="54.758592" lon="24.593106">
        <ele>109.093505</ele>
      </trkpt>
      <trkpt lat="54.758493" lon="24.593117">
        <ele>109.016935</ele>
      </trkpt>
      <trkpt lat="54.75839" lon="24.593131">
        <ele>108.937191</ele>
      </trkpt>
      <trkpt lat="54.758279" lon="24.593156">
        <ele>108.850796</ele>
      </trkpt>
      <trkpt lat="54.758173" lon="24.593192">
        <ele>108.767424</ele>
      </trkpt>
      <trkpt lat="54.758066" lon="24.593243">
        <ele>108.68177</ele>
      </trkpt>
      <trkpt lat="54.757957" lon="24.593305">
        <ele>108.593223</ele>
      </trkpt>
      <trkpt lat="54.757853" lon="24.593357">
        <ele>108.509676</ele>
      </trkpt>
      <trkpt lat="54.757768" lon="24.593422">
        <ele>108.437966</ele>
      </trkpt>
      <trkpt lat="54.757655" lon="24.593519">
        <ele>108.340634</ele>
      </trkpt>
      <trkpt lat="54.757627" lon="24.593732">
        <ele>108.243337</ele>
      </trkpt>
      <trkpt lat="54.757696" lon="24.593906">
        <ele>108.010494</ele>
      </trkpt>
      <trkpt lat="54.757778" lon="24.594095">
        <ele>107.339867</ele>
      </trkpt>
      <trkpt lat="54.757862" lon="24.594288">
        <ele>106.654265</ele>
      </trkpt>
      <trkpt lat="54.757946" lon="24.59449">
        <ele>105.948119</ele>
      </trkpt>
      <trkpt lat="54.758032" lon="24.594722">
        <ele>105.166086</ele>
      </trkpt>
      <trkpt lat="54.758115" lon="24.59495">
        <ele>104.401541</ele>
      </trkpt>
      <trkpt lat="54.758199" lon="24.595196">
        <ele>103.590873</ele>
      </trkpt>
      <trkpt lat="54.758275" lon="24.595436">
        <ele>102.814465</ele>
      </trkpt>
      <trkpt lat="54.758341" lon="24.595679">
        <ele>102.052783</ele>
      </trkpt>
      <trkpt lat="54.758406" lon="24.595917">
        <ele>101.306024</ele>
      </trkpt>
      <trkpt lat="54.75847" lon="24.596171">
        <ele>100.519991</ele>
      </trkpt>
      <trkpt lat="54.758523" lon="24.596408">
        <ele>99.799144</ele>
      </trkpt>
      <trkpt lat="54.758559" lon="24.596656">
        <ele>99.164704</ele>
      </trkpt>
      <trkpt lat="54.758589" lon="24.596902">
        <ele>98.699614</ele>
      </trkpt>
      <trkpt lat="54.758609" lon="24.597168">
        <ele>98.203421</ele>
      </trkpt>
      <trkpt lat="54.758618" lon="24.597438">
        <ele>97.703157</ele>
      </trkpt>
      <trkpt lat="54.758617" lon="24.597697">
        <ele>97.224061</ele>
      </trkpt>
      <trkpt lat="54.758609" lon="24.597953">
        <ele>96.749832</ele>
      </trkpt>
      <trkpt lat="54.758595" lon="24.598212">
        <ele>96.26865</ele>
      </trkpt>
      <trkpt lat="54.758563" lon="24.598468">
        <ele>95.78413</ele>
      </trkpt>
      <trkpt lat="54.758538" lon="24.598729">
        <ele>95.294739</ele>
      </trkpt>
      <trkpt lat="54.758506" lon="24.598992">
        <ele>94.797556</ele>
      </trkpt>
      <trkpt lat="54.758483" lon="24.599259">
        <ele>94.298199</ele>
      </trkpt>
      <trkpt lat="54.758457" lon="24.599519">
        <ele>93.810094</ele>
      </trkpt>
      <trkpt lat="54.758429" lon="24.599776">
        <ele>93.511099</ele>
      </trkpt>
      <trkpt lat="54.758402" lon="24.600057">
        <ele>93.38515</ele>
      </trkpt>
      <trkpt lat="54.758382" lon="24.600322">
        <ele>93.266988</ele>
      </trkpt>
      <trkpt lat="54.758366" lon="24.600575">
        <ele>93.154459</ele>
      </trkpt>
      <trkpt lat="54.758359" lon="24.60082">
        <ele>93.046005</ele>
      </trkpt>
      <trkpt lat="54.758361" lon="24.601066">
        <ele>92.93723</ele>
      </trkpt>
      <trkpt lat="54.758366" lon="24.601329">
        <ele>92.820887</ele>
      </trkpt>
      <trkpt lat="54.758378" lon="24.601561">
        <ele>92.717901</ele>
      </trkpt>
      <trkpt lat="54.758406" lon="24.601806">
        <ele>92.607475</ele>
      </trkpt>
      <trkpt lat="54.758442" lon="24.602035">
        <ele>92.502537</ele>
      </trkpt>
      <trkpt lat="54.758475" lon="24.602276">
        <ele>92.393025</ele>
      </trkpt>
      <trkpt lat="54.758512" lon="24.602521">
        <ele>92.281055</ele>
      </trkpt>
      <trkpt lat="54.758558" lon="24.602759">
        <ele>92.176691</ele>
      </trkpt>
      <trkpt lat="54.758602" lon="24.603015">
        <ele>92.095936</ele>
      </trkpt>
      <trkpt lat="54.758646" lon="24.603254">
        <ele>92.020092</ele>
      </trkpt>
      <trkpt lat="54.758693" lon="24.603496">
        <ele>91.942897</ele>
      </trkpt>
      <trkpt lat="54.758733" lon="24.603741">
        <ele>91.86592</ele>
      </trkpt>
      <trkpt lat="54.758766" lon="24.603996">
        <ele>91.786912</ele>
      </trkpt>
      <trkpt lat="54.758801" lon="24.604238">
        <ele>91.711487</ele>
      </trkpt>
      <trkpt lat="54.758838" lon="24.604478">
        <ele>91.636385</ele>
      </trkpt>
      <trkpt lat="54.758869" lon="24.604735">
        <ele>91.557009</ele>
      </trkpt>
      <trkpt lat="54.75891" lon="24.604977">
        <ele>91.480758</ele>
      </trkpt>
      <trkpt lat="54.758945" lon="24.605233">
        <ele>91.401221</ele>
      </trkpt>
      <trkpt lat="54.758977" lon="24.605468">
        <ele>91.328224</ele>
      </trkpt>
      <trkpt lat="54.759015" lon="24.605688">
        <ele>91.258798</ele>
      </trkpt>
      <trkpt lat="54.759047" lon="24.605916">
        <ele>91.360185</ele>
      </trkpt>
      <trkpt lat="54.759076" lon="24.606145">
        <ele>91.490378</ele>
      </trkpt>
      <trkpt lat="54.759109" lon="24.606379">
        <ele>91.624145</ele>
      </trkpt>
      <trkpt lat="54.759148" lon="24.606611">
        <ele>91.758332</ele>
      </trkpt>
      <trkpt lat="54.759179" lon="24.606822">
        <ele>91.879241</ele>
      </trkpt>
      <trkpt lat="54.759213" lon="24.607027">
        <ele>91.997688</ele>
      </trkpt>
      <trkpt lat="54.759243" lon="24.607242">
        <ele>92.12052</ele>
      </trkpt>
      <trkpt lat="54.759269" lon="24.607402">
        <ele>92.212826</ele>
      </trkpt>
      <trkpt lat="54.759251" lon="24.607572">
        <ele>92.308804</ele>
      </trkpt>
      <trkpt lat="54.759185" lon="24.607701">
        <ele>92.404543</ele>
      </trkpt>
      <trkpt lat="54.759191" lon="24.607887">
        <ele>92.507991</ele>
      </trkpt>
      <trkpt lat="54.759213" lon="24.608049">
        <ele>92.600409</ele>
      </trkpt>
      <trkpt lat="54.759207" lon="24.608248">
        <ele>92.711066</ele>
      </trkpt>
      <trkpt lat="54.759121" lon="24.608337">
        <ele>92.807464</ele>
      </trkpt>
      <trkpt lat="54.759081" lon="24.608593">
        <ele>92.954743</ele>
      </trkpt>
      <trkpt lat="54.758985" lon="24.608658">
        <ele>93.145538</ele>
      </trkpt>
      <trkpt lat="54.758869" lon="24.608732">
        <ele>93.411071</ele>
      </trkpt>
      <trkpt lat="54.758755" lon="24.608815">
        <ele>93.676695</ele>
      </trkpt>
      <trkpt lat="54.75863" lon="24.608891">
        <ele>93.961261</ele>
      </trkpt>
      <trkpt lat="54.758539" lon="24.608942">
        <ele>94.166712</ele>
      </trkpt>
      <trkpt lat="54.758442" lon="24.608995">
        <ele>94.385195</ele>
      </trkpt>
      <trkpt lat="54.758341" lon="24.609036">
        <ele>94.608033</ele>
      </trkpt>
      <trkpt lat="54.758214" lon="24.609081">
        <ele>94.886494</ele>
      </trkpt>
      <trkpt lat="54.75812" lon="24.609107">
        <ele>95.090977</ele>
      </trkpt>
      <trkpt lat="54.758022" lon="24.609134">
        <ele>95.304141</ele>
      </trkpt>
      <trkpt lat="54.757931" lon="24.609185">
        <ele>95.509592</ele>
      </trkpt>
      <trkpt lat="54.757862" lon="24.609292">
        <ele>95.708493</ele>
      </trkpt>
      <trkpt lat="54.757798" lon="24.609422">
        <ele>95.920316</ele>
      </trkpt>
      <trkpt lat="54.757742" lon="24.609577">
        <ele>96.147001</ele>
      </trkpt>
      <trkpt lat="54.757707" lon="24.609757">
        <ele>96.382451</ele>
      </trkpt>
      <trkpt lat="54.757674" lon="24.60996">
        <ele>96.643878</ele>
      </trkpt>
      <trkpt lat="54.75763" lon="24.610168">
        <ele>96.897696</ele>
      </trkpt>
      <trkpt lat="54.757588" lon="24.610378">
        <ele>97.096945</ele>
      </trkpt>
      <trkpt lat="54.75755" lon="24.610584">
        <ele>97.290827</ele>
      </trkpt>
      <trkpt lat="54.757508" lon="24.610785">
        <ele>97.482471</ele>
      </trkpt>
      <trkpt lat="54.757467" lon="24.610987">
        <ele>97.674436</ele>
      </trkpt>
      <trkpt lat="54.757433" lon="24.611192">
        <ele>97.865656</ele>
      </trkpt>
      <trkpt lat="54.757386" lon="24.611385">
        <ele>98.053455</ele>
      </trkpt>
      <trkpt lat="54.757345" lon="24.611589">
        <ele>98.247113</ele>
      </trkpt>
      <trkpt lat="54.757306" lon="24.611791">
        <ele>98.438071</ele>
      </trkpt>
      <trkpt lat="54.757261" lon="24.612007">
        <ele>98.643947</ele>
      </trkpt>
      <trkpt lat="54.757211" lon="24.61224">
        <ele>98.866805</ele>
      </trkpt>
      <trkpt lat="54.757166" lon="24.612459">
        <ele>99.075212</ele>
      </trkpt>
      <trkpt lat="54.757121" lon="24.61267">
        <ele>99.276878</ele>
      </trkpt>
      <trkpt lat="54.757077" lon="24.612882">
        <ele>99.478854</ele>
      </trkpt>
      <trkpt lat="54.757038" lon="24.613076">
        <ele>99.654191</ele>
      </trkpt>
      <trkpt lat="54.757001" lon="24.613268">
        <ele>99.772275</ele>
      </trkpt>
      <trkpt lat="54.756956" lon="24.613437">
        <ele>99.880852</ele>
      </trkpt>
      <trkpt lat="54.756926" lon="24.613594">
        <ele>99.977329</ele>
      </trkpt>
      <trkpt lat="54.756886" lon="24.613768">
        <ele>100.08659</ele>
      </trkpt>
      <trkpt lat="54.756849" lon="24.613951">
        <ele>100.199707</ele>
      </trkpt>
      <trkpt lat="54.756808" lon="24.614145">
        <ele>100.320229</ele>
      </trkpt>
      <trkpt lat="54.756761" lon="24.614326">
        <ele>100.436015</ele>
      </trkpt>
      <trkpt lat="54.756713" lon="24.614526">
        <ele>100.562375</ele>
      </trkpt>
      <trkpt lat="54.756671" lon="24.614718">
        <ele>100.682157</ele>
      </trkpt>
      <trkpt lat="54.756643" lon="24.614904">
        <ele>100.794292</ele>
      </trkpt>
      <trkpt lat="54.756609" lon="24.615088">
        <ele>100.906999</ele>
      </trkpt>
      <trkpt lat="54.756572" lon="24.615264">
        <ele>101.016271</ele>
      </trkpt>
      <trkpt lat="54.756532" lon="24.615442">
        <ele>101.127705</ele>
      </trkpt>
      <trkpt lat="54.756486" lon="24.615627">
        <ele>101.245219</ele>
      </trkpt>
      <trkpt lat="54.756446" lon="24.61582">
        <ele>101.364849</ele>
      </trkpt>
      <trkpt lat="54.75641" lon="24.616005">
        <ele>101.395429</ele>
      </trkpt>
      <trkpt lat="54.756372" lon="24.616191">
        <ele>101.088234</ele>
      </trkpt>
      <trkpt lat="54.756339" lon="24.616365">
        <ele>100.803079</ele>
      </trkpt>
      <trkpt lat="54.756308" lon="24.61654">
        <ele>100.518074</ele>
      </trkpt>
      <trkpt lat="54.756282" lon="24.616729">
        <ele>100.215574</ele>
      </trkpt>
      <trkpt lat="54.756256" lon="24.616934">
        <ele>99.888793</ele>
      </trkpt>
      <trkpt lat="54.756231" lon="24.61713">
        <ele>99.576275</ele>
      </trkpt>
      <trkpt lat="54.756202" lon="24.617334">
        <ele>99.249172</ele>
      </trkpt>
      <trkpt lat="54.756174" lon="24.617554">
        <ele>98.898422</ele>
      </trkpt>
      <trkpt lat="54.756154" lon="24.617777">
        <ele>98.547065</ele>
      </trkpt>
      <trkpt lat="54.756132" lon="24.617996">
        <ele>98.200976</ele>
      </trkpt>
      <trkpt lat="54.756115" lon="24.618213">
        <ele>97.860029</ele>
      </trkpt>
      <trkpt lat="54.75611" lon="24.618436">
        <ele>97.512577</ele>
      </trkpt>
      <trkpt lat="54.756113" lon="24.618652">
        <ele>97.176189</ele>
      </trkpt>
      <trkpt lat="54.756122" lon="24.618856">
        <ele>96.857654</ele>
      </trkpt>
      <trkpt lat="54.756132" lon="24.619076">
        <ele>96.56591</ele>
      </trkpt>
      <trkpt lat="54.756164" lon="24.619296">
        <ele>96.417907</ele>
      </trkpt>
      <trkpt lat="54.756205" lon="24.619516">
        <ele>96.267094</ele>
      </trkpt>
      <trkpt lat="54.75625" lon="24.619752">
        <ele>96.104955</ele>
      </trkpt>
      <trkpt lat="54.756315" lon="24.619982">
        <ele>95.93789</ele>
      </trkpt>
      <trkpt lat="54.756387" lon="24.620213">
        <ele>95.766624</ele>
      </trkpt>
      <trkpt lat="54.756463" lon="24.620428">
        <ele>95.602149</ele>
      </trkpt>
      <trkpt lat="54.756537" lon="24.620641">
        <ele>95.439963</ele>
      </trkpt>
      <trkpt lat="54.756605" lon="24.620845">
        <ele>95.286281</ele>
      </trkpt>
      <trkpt lat="54.756679" lon="24.621039">
        <ele>95.134579</ele>
      </trkpt>
      <trkpt lat="54.756751" lon="24.621217">
        <ele>94.992778</ele>
      </trkpt>
      <trkpt lat="54.756806" lon="24.621396">
        <ele>94.86049</ele>
      </trkpt>
      <trkpt lat="54.756844" lon="24.621597">
        <ele>94.722514</ele>
      </trkpt>
      <trkpt lat="54.756879" lon="24.621811">
        <ele>94.577417</ele>
      </trkpt>
      <trkpt lat="54.756896" lon="24.622048">
        <ele>94.435789</ele>
      </trkpt>
      <trkpt lat="54.756898" lon="24.622292">
        <ele>94.291799</ele>
      </trkpt>
      <trkpt lat="54.756902" lon="24.622552">
        <ele>94.138329</ele>
      </trkpt>
      <trkpt lat="54.756899" lon="24.622829">
        <ele>93.974853</ele>
      </trkpt>
      <trkpt lat="54.756895" lon="24.623105">
        <ele>93.811945</ele>
      </trkpt>
      <trkpt lat="54.756895" lon="24.623379">
        <ele>93.650268</ele>
      </trkpt>
      <trkpt lat="54.756892" lon="24.623643">
        <ele>93.494462</ele>
      </trkpt>
      <trkpt lat="54.756894" lon="24.623913">
        <ele>93.335132</ele>
      </trkpt>
      <trkpt lat="54.756894" lon="24.624168">
        <ele>93.184667</ele>
      </trkpt>
      <trkpt lat="54.756891" lon="24.624448">
        <ele>93.019421</ele>
      </trkpt>
      <trkpt lat="54.756876" lon="24.624738">
        <ele>92.847617</ele>
      </trkpt>
      <trkpt lat="54.756881" lon="24.625014">
        <ele>92.736087</ele>
      </trkpt>
      <trkpt lat="54.756873" lon="24.625297">
        <ele>92.755274</ele>
      </trkpt>
      <trkpt lat="54.756876" lon="24.625545">
        <ele>92.772071</ele>
      </trkpt>
      <trkpt lat="54.756873" lon="24.625788">
        <ele>92.78853</ele>
      </trkpt>
      <trkpt lat="54.756872" lon="24.626037">
        <ele>92.805392</ele>
      </trkpt>
      <trkpt lat="54.756874" lon="24.626272">
        <ele>92.821307</ele>
      </trkpt>
      <trkpt lat="54.756871" lon="24.626492">
        <ele>92.836209</ele>
      </trkpt>
      <trkpt lat="54.756876" lon="24.626707">
        <ele>92.85078</ele>
      </trkpt>
      <trkpt lat="54.756882" lon="24.626927">
        <ele>92.865694</ele>
      </trkpt>
      <trkpt lat="54.756884" lon="24.627134">
        <ele>92.879713</ele>
      </trkpt>
      <trkpt lat="54.756886" lon="24.627354">
        <ele>92.894613</ele>
      </trkpt>
      <trkpt lat="54.756895" lon="24.627589">
        <ele>92.910561</ele>
      </trkpt>
      <trkpt lat="54.756896" lon="24.62784">
        <ele>92.927559</ele>
      </trkpt>
      <trkpt lat="54.756891" lon="24.628079">
        <ele>92.937506</ele>
      </trkpt>
      <trkpt lat="54.756887" lon="24.628325">
        <ele>92.899005</ele>
      </trkpt>
      <trkpt lat="54.756877" lon="24.628569">
        <ele>92.860737</ele>
      </trkpt>
      <trkpt lat="54.756871" lon="24.628811">
        <ele>92.822842</ele>
      </trkpt>
      <trkpt lat="54.756862" lon="24.629059">
        <ele>92.783968</ele>
      </trkpt>
      <trkpt lat="54.756857" lon="24.629314">
        <ele>92.744051</ele>
      </trkpt>
      <trkpt lat="54.756852" lon="24.629565">
        <ele>92.704761</ele>
      </trkpt>
      <trkpt lat="54.756849" lon="24.629823">
        <ele>92.66439</ele>
      </trkpt>
      <trkpt lat="54.756845" lon="24.630068">
        <ele>92.626046</ele>
      </trkpt>
      <trkpt lat="54.756837" lon="24.630287">
        <ele>92.591716</ele>
      </trkpt>
      <trkpt lat="54.756838" lon="24.630521">
        <ele>92.555107</ele>
      </trkpt>
      <trkpt lat="54.756826" lon="24.630758">
        <ele>92.517887</ele>
      </trkpt>
      <trkpt lat="54.756824" lon="24.630994">
        <ele>92.480963</ele>
      </trkpt>
      <trkpt lat="54.75682" lon="24.631221">
        <ele>92.405059</ele>
      </trkpt>
      <trkpt lat="54.756819" lon="24.631458">
        <ele>92.197886</ele>
      </trkpt>
      <trkpt lat="54.75682" lon="24.631692">
        <ele>91.993335</ele>
      </trkpt>
      <trkpt lat="54.756826" lon="24.631906">
        <ele>91.806052</ele>
      </trkpt>
      <trkpt lat="54.756831" lon="24.632127">
        <ele>91.612722</ele>
      </trkpt>
      <trkpt lat="54.756836" lon="24.632355">
        <ele>91.413278</ele>
      </trkpt>
      <trkpt lat="54.756839" lon="24.632577">
        <ele>91.219169</ele>
      </trkpt>
      <trkpt lat="54.756856" lon="24.632784">
        <ele>91.036401</ele>
      </trkpt>
      <trkpt lat="54.756878" lon="24.633006">
        <ele>90.839505</ele>
      </trkpt>
      <trkpt lat="54.756909" lon="24.633224">
        <ele>90.643245</ele>
      </trkpt>
      <trkpt lat="54.756942" lon="24.633454">
        <ele>90.436075</ele>
      </trkpt>
      <trkpt lat="54.756979" lon="24.633675">
        <ele>90.234928</ele>
      </trkpt>
      <trkpt lat="54.757023" lon="24.63391">
        <ele>90.018967</ele>
      </trkpt>
      <trkpt lat="54.75707" lon="24.634143">
        <ele>89.803211</ele>
      </trkpt>
      <trkpt lat="54.757119" lon="24.634381">
        <ele>89.61618</ele>
      </trkpt>
      <trkpt lat="54.75716" lon="24.634617">
        <ele>89.450263</ele>
      </trkpt>
      <trkpt lat="54.757203" lon="24.634867">
        <ele>89.274647</ele>
      </trkpt>
      <trkpt lat="54.757241" lon="24.635105">
        <ele>89.108408</ele>
      </trkpt>
      <trkpt lat="54.757288" lon="24.635335">
        <ele>88.944152</ele>
      </trkpt>
      <trkpt lat="54.757331" lon="24.635569">
        <ele>88.77883</ele>
      </trkpt>
      <trkpt lat="54.757376" lon="24.635812">
        <ele>88.607028</ele>
      </trkpt>
      <trkpt lat="54.757427" lon="24.636059">
        <ele>88.430426</ele>
      </trkpt>
      <trkpt lat="54.757476" lon="24.636305">
        <ele>88.255233</ele>
      </trkpt>
      <trkpt lat="54.757527" lon="24.636557">
        <ele>88.075459</ele>
      </trkpt>
      <trkpt lat="54.757573" lon="24.636805">
        <ele>87.900096</ele>
      </trkpt>
      <trkpt lat="54.757617" lon="24.637074">
        <ele>87.711874</ele>
      </trkpt>
      <trkpt lat="54.757653" lon="24.637322">
        <ele>87.682187</ele>
      </trkpt>
      <trkpt lat="54.757697" lon="24.637551">
        <ele>87.772561</ele>
      </trkpt>
      <trkpt lat="54.757741" lon="24.637776">
        <ele>87.861515</ele>
      </trkpt>
      <trkpt lat="54.757788" lon="24.637994">
        <ele>87.948653</ele>
      </trkpt>
      <trkpt lat="54.757843" lon="24.638202">
        <ele>88.034323</ele>
      </trkpt>
      <trkpt lat="54.757899" lon="24.638403">
        <ele>88.117898</ele>
      </trkpt>
      <trkpt lat="54.757962" lon="24.638609">
        <ele>88.205195</ele>
      </trkpt>
      <trkpt lat="54.758029" lon="24.638803">
        <ele>88.289851</ele>
      </trkpt>
      <trkpt lat="54.758111" lon="24.638984">
        <ele>88.376015</ele>
      </trkpt>
      <trkpt lat="54.758193" lon="24.639166">
        <ele>88.462474</ele>
      </trkpt>
      <trkpt lat="54.758272" lon="24.639334">
        <ele>88.543621</ele>
      </trkpt>
      <trkpt lat="54.758352" lon="24.639479">
        <ele>88.618737</ele>
      </trkpt>
      <trkpt lat="54.758434" lon="24.639617">
        <ele>88.692907</ele>
      </trkpt>
      <trkpt lat="54.758525" lon="24.639762">
        <ele>88.773122</ele>
      </trkpt>
      <trkpt lat="54.758626" lon="24.639897">
        <ele>88.925954</ele>
      </trkpt>
      <trkpt lat="54.758742" lon="24.640003">
        <ele>89.114752</ele>
      </trkpt>
      <trkpt lat="54.758867" lon="24.640092">
        <ele>89.30931</ele>
      </trkpt>
      <trkpt lat="54.758997" lon="24.640141">
        <ele>89.500846</ele>
      </trkpt>
      <trkpt lat="54.759135" lon="24.640174">
        <ele>89.701406</ele>
      </trkpt>
      <trkpt lat="54.75926" lon="24.640196">
        <ele>89.882294</ele>
      </trkpt>
      <trkpt lat="54.759367" lon="24.640223">
        <ele>90.037965</ele>
      </trkpt>
      <trkpt lat="54.759458" lon="24.640224">
        <ele>90.16898</ele>
      </trkpt>
      <trkpt lat="54.759576" lon="24.640256">
        <ele>90.340932</ele>
      </trkpt>
      <trkpt lat="54.759625" lon="24.640435">
        <ele>90.505515</ele>
      </trkpt>
      <trkpt lat="54.7596" lon="24.640639">
        <ele>90.678761</ele>
      </trkpt>
      <trkpt lat="54.759583" lon="24.640862">
        <ele>90.865621</ele>
      </trkpt>
      <trkpt lat="54.759577" lon="24.641072">
        <ele>91.040285</ele>
      </trkpt>
      <trkpt lat="54.759594" lon="24.6413">
        <ele>91.231263</ele>
      </trkpt>
      <trkpt lat="54.759619" lon="24.64146">
        <ele>91.368965</ele>
      </trkpt>
      <trkpt lat="54.759648" lon="24.641659">
        <ele>91.697783</ele>
      </trkpt>
      <trkpt lat="54.759681" lon="24.641872">
        <ele>92.072353</ele>
      </trkpt>
      <trkpt lat="54.759703" lon="24.642083">
        <ele>92.436516</ele>
      </trkpt>
      <trkpt lat="54.759724" lon="24.642301">
        <ele>92.811888</ele>
      </trkpt>
      <trkpt lat="54.75975" lon="24.642514">
        <ele>93.18165</ele>
      </trkpt>
      <trkpt lat="54.759769" lon="24.642729">
        <ele>93.55106</ele>
      </trkpt>
      <trkpt lat="54.75978" lon="24.642928">
        <ele>93.890585</ele>
      </trkpt>
      <trkpt lat="54.759773" lon="24.643104">
        <ele>94.190209</ele>
      </trkpt>
      <trkpt lat="54.759784" lon="24.643306">
        <ele>94.534807</ele>
      </trkpt>
      <trkpt lat="54.759843" lon="24.643483">
        <ele>94.881977</ele>
      </trkpt>
      <trkpt lat="54.759913" lon="24.643632">
        <ele>95.208307</ele>
      </trkpt>
      <trkpt lat="54.759984" lon="24.643775">
        <ele>95.528711</ele>
      </trkpt>
      <trkpt lat="54.760049" lon="24.643911">
        <ele>95.828637</ele>
      </trkpt>
      <trkpt lat="54.760147" lon="24.644013">
        <ele>96.165115</ele>
      </trkpt>
      <trkpt lat="54.760236" lon="24.644053">
        <ele>96.435746</ele>
      </trkpt>
      <trkpt lat="54.76029" lon="24.64423">
        <ele>96.698367</ele>
      </trkpt>
      <trkpt lat="54.760282" lon="24.644423">
        <ele>96.755449</ele>
      </trkpt>
      <trkpt lat="54.760303" lon="24.644615">
        <ele>96.813098</ele>
      </trkpt>
      <trkpt lat="54.760321" lon="24.644773">
        <ele>96.860609</ele>
      </trkpt>
      <trkpt lat="54.760376" lon="24.644918">
        <ele>96.911799</ele>
      </trkpt>
      <trkpt lat="54.760468" lon="24.644993">
        <ele>96.96378</ele>
      </trkpt>
      <trkpt lat="54.760589" lon="24.645039">
        <ele>97.027115</ele>
      </trkpt>
      <trkpt lat="54.760711" lon="24.645064">
        <ele>97.089925</ele>
      </trkpt>
      <trkpt lat="54.760825" lon="24.645091">
        <ele>97.148751</ele>
      </trkpt>
      <trkpt lat="54.760948" lon="24.64512">
        <ele>97.212217</ele>
      </trkpt>
      <trkpt lat="54.761069" lon="24.645178">
        <ele>97.276403</ele>
      </trkpt>
      <trkpt lat="54.761196" lon="24.645249">
        <ele>97.34463</ele>
      </trkpt>
      <trkpt lat="54.761313" lon="24.64534">
        <ele>97.410196</ele>
      </trkpt>
      <trkpt lat="54.761419" lon="24.645443">
        <ele>97.472327</ele>
      </trkpt>
      <trkpt lat="54.761523" lon="24.645529">
        <ele>97.531242</ele>
      </trkpt>
      <trkpt lat="54.761624" lon="24.645624">
        <ele>97.589995</ele>
      </trkpt>
      <trkpt lat="54.761716" lon="24.645735">
        <ele>97.645202</ele>
      </trkpt>
      <trkpt lat="54.761809" lon="24.645876">
        <ele>97.70546</ele>
      </trkpt>
      <trkpt lat="54.761909" lon="24.646022">
        <ele>97.769225</ele>
      </trkpt>
      <trkpt lat="54.761977" lon="24.646125">
        <ele>97.813267</ele>
      </trkpt>
      <trkpt lat="54.762068" lon="24.646279">
        <ele>97.875293</ele>
      </trkpt>
      <trkpt lat="54.76216" lon="24.646439">
        <ele>97.938853</ele>
      </trkpt>
      <trkpt lat="54.762242" lon="24.646611">
        <ele>98.001634</ele>
      </trkpt>
      <trkpt lat="54.762319" lon="24.646761">
        <ele>98.058127</ele>
      </trkpt>
      <trkpt lat="54.762402" lon="24.646903">
        <ele>98.115003</ele>
      </trkpt>
      <trkpt lat="54.762485" lon="24.646995">
        <ele>98.16305</ele>
      </trkpt>
      <trkpt lat="54.762545" lon="24.647135">
        <ele>98.212121</ele>
      </trkpt>
      <trkpt lat="54.762624" lon="24.647283">
        <ele>98.268853</ele>
      </trkpt>
      <trkpt lat="54.762717" lon="24.647436">
        <ele>98.331386</ele>
      </trkpt>
      <trkpt lat="54.762808" lon="24.647609">
        <ele>98.397257</ele>
      </trkpt>
      <trkpt lat="54.762902" lon="24.647758">
        <ele>98.459379</ele>
      </trkpt>
      <trkpt lat="54.762987" lon="24.647905">
        <ele>98.4728</ele>
      </trkpt>
      <trkpt lat="54.763074" lon="24.648064">
        <ele>98.463256</ele>
      </trkpt>
      <trkpt lat="54.763168" lon="24.648228">
        <ele>98.453188</ele>
      </trkpt>
      <trkpt lat="54.763269" lon="24.648386">
        <ele>98.442918</ele>
      </trkpt>
      <trkpt lat="54.763376" lon="24.648526">
        <ele>98.432797</ele>
      </trkpt>
      <trkpt lat="54.763451" lon="24.648613">
        <ele>98.425985</ele>
      </trkpt>
      <trkpt lat="54.763533" lon="24.648694">
        <ele>98.41886</ele>
      </trkpt>
      <trkpt lat="54.763619" lon="24.648762">
        <ele>98.411725</ele>
      </trkpt>
      <trkpt lat="54.763705" lon="24.648829">
        <ele>98.404607</ele>
      </trkpt>
      <trkpt lat="54.763826" lon="24.648923">
        <ele>98.394597</ele>
      </trkpt>
      <trkpt lat="54.763915" lon="24.648976">
        <ele>98.387494</ele>
      </trkpt>
      <trkpt lat="54.764045" lon="24.649002">
        <ele>98.377615</ele>
      </trkpt>
      <trkpt lat="54.76417" lon="24.648974">
        <ele>98.368101</ele>
      </trkpt>
      <trkpt lat="54.764278" lon="24.648954">
        <ele>98.359902</ele>
      </trkpt>
      <trkpt lat="54.764386" lon="24.648986">
        <ele>98.351631</ele>
      </trkpt>
      <trkpt lat="54.764499" lon="24.649002">
        <ele>98.343088</ele>
      </trkpt>
      <trkpt lat="54.7646" lon="24.649017">
        <ele>98.377298</ele>
      </trkpt>
      <trkpt lat="54.764697" lon="24.648997">
        <ele>98.410263</ele>
      </trkpt>
      <trkpt lat="54.764817" lon="24.649005">
        <ele>98.45079</ele>
      </trkpt>
      <trkpt lat="54.764924" lon="24.648998">
        <ele>98.486925</ele>
      </trkpt>
      <trkpt lat="54.765016" lon="24.648969">
        <ele>98.518481</ele>
      </trkpt>
      <trkpt lat="54.765114" lon="24.64894">
        <ele>98.552032</ele>
      </trkpt>
      <trkpt lat="54.76538" lon="24.649017">
        <ele>98.643042</ele>
      </trkpt>
      <trkpt lat="54.765479" lon="24.649026">
        <ele>98.676498</ele>
      </trkpt>
      <trkpt lat="54.765581" lon="24.649018">
        <ele>98.710955</ele>
      </trkpt>
      <trkpt lat="54.765685" lon="24.64902">
        <ele>98.746054</ele>
      </trkpt>
      <trkpt lat="54.765781" lon="24.649016">
        <ele>98.778461</ele>
      </trkpt>
      <trkpt lat="54.765877" lon="24.649031">
        <ele>98.810989</ele>
      </trkpt>
      <trkpt lat="54.765984" lon="24.649031">
        <ele>98.847099</ele>
      </trkpt>
      <trkpt lat="54.766098" lon="24.649035">
        <ele>98.885578</ele>
      </trkpt>
      <trkpt lat="54.766218" lon="24.649032">
        <ele>98.926079</ele>
      </trkpt>
      <trkpt lat="54.766342" lon="24.649027">
        <ele>98.96972</ele>
      </trkpt>
      <trkpt lat="54.766468" lon="24.649033">
        <ele>99.016503</ele>
      </trkpt>
      <trkpt lat="54.766588" lon="24.649019">
        <ele>99.061141</ele>
      </trkpt>
      <trkpt lat="54.766696" lon="24.649008">
        <ele>99.101295</ele>
      </trkpt>
      <trkpt lat="54.766804" lon="24.648997">
        <ele>99.141448</ele>
      </trkpt>
      <trkpt lat="54.766926" lon="24.648995">
        <ele>99.18673</ele>
      </trkpt>
      <trkpt lat="54.767045" lon="24.649013">
        <ele>99.231065</ele>
      </trkpt>
      <trkpt lat="54.767149" lon="24.649039">
        <ele>99.270064</ele>
      </trkpt>
      <trkpt lat="54.767267" lon="24.649053">
        <ele>99.313962</ele>
      </trkpt>
      <trkpt lat="54.767381" lon="24.64905">
        <ele>99.356278</ele>
      </trkpt>
      <trkpt lat="54.767493" lon="24.649036">
        <ele>99.397955</ele>
      </trkpt>
      <trkpt lat="54.767598" lon="24.649028">
        <ele>99.436963</ele>
      </trkpt>
      <trkpt lat="54.767702" lon="24.649011">
        <ele>99.475734</ele>
      </trkpt>
      <trkpt lat="54.767804" lon="24.649001">
        <ele>99.513652</ele>
      </trkpt>
      <trkpt lat="54.767901" lon="24.649001">
        <ele>99.549653</ele>
      </trkpt>
      <trkpt lat="54.768003" lon="24.649009">
        <ele>99.587549</ele>
      </trkpt>
      <trkpt lat="54.768097" lon="24.649079">
        <ele>99.619702</ele>
      </trkpt>
      <trkpt lat="54.768117" lon="24.649237">
        <ele>99.628798</ele>
      </trkpt>
      <trkpt lat="54.768107" lon="24.649416">
        <ele>99.638911</ele>
      </trkpt>
      <trkpt lat="54.768105" lon="24.649589">
        <ele>99.648641</ele>
      </trkpt>
      <trkpt lat="54.768094" lon="24.649762">
        <ele>99.658428</ele>
      </trkpt>
      <trkpt lat="54.768088" lon="24.64998">
        <ele>99.6707</ele>
      </trkpt>
      <trkpt lat="54.768116" lon="24.650139">
        <ele>99.680048</ele>
      </trkpt>
      <trkpt lat="54.768164" lon="24.650293">
        <ele>99.68989</ele>
      </trkpt>
      <trkpt lat="54.768221" lon="24.650436">
        <ele>99.699664</ele>
      </trkpt>
      <trkpt lat="54.768283" lon="24.650567">
        <ele>99.709192</ele>
      </trkpt>
      <trkpt lat="54.768347" lon="24.650692">
        <ele>99.71859</ele>
      </trkpt>
      <trkpt lat="54.768409" lon="24.650809">
        <ele>99.727523</ele>
      </trkpt>
      <trkpt lat="54.768528" lon="24.650886">
        <ele>99.739905</ele>
      </trkpt>
      <trkpt lat="54.768652" lon="24.650891">
        <ele>99.751994</ele>
      </trkpt>
      <trkpt lat="54.768777" lon="24.650896">
        <ele>99.764182</ele>
      </trkpt>
      <trkpt lat="54.768868" lon="24.6509">
        <ele>99.773055</ele>
      </trkpt>
      <trkpt lat="54.768961" lon="24.650906">
        <ele>99.782126</ele>
      </trkpt>
      <trkpt lat="54.769054" lon="24.650906">
        <ele>99.791191</ele>
      </trkpt>
      <trkpt lat="54.769145" lon="24.650914">
        <ele>99.751531</ele>
      </trkpt>
      <trkpt lat="54.769244" lon="24.650915">
        <ele>99.695418</ele>
      </trkpt>
      <trkpt lat="54.769347" lon="24.650911">
        <ele>99.637024</ele>
      </trkpt>
      <trkpt lat="54.769453" lon="24.650926">
        <ele>99.576745</ele>
      </trkpt>
      <trkpt lat="54.769557" lon="24.650924">
        <ele>99.517795</ele>
      </trkpt>
      <trkpt lat="54.769665" lon="24.650927">
        <ele>99.456574</ele>
      </trkpt>
      <trkpt lat="54.769772" lon="24.650926">
        <ele>99.395927</ele>
      </trkpt>
      <trkpt lat="54.769882" lon="24.650922">
        <ele>99.333566</ele>
      </trkpt>
      <trkpt lat="54.769988" lon="24.650916">
        <ele>99.273455</ele>
      </trkpt>
      <trkpt lat="54.770086" lon="24.650911">
        <ele>99.217886</ele>
      </trkpt>
      <trkpt lat="54.770192" lon="24.650921">
        <ele>99.157717</ele>
      </trkpt>
      <trkpt lat="54.7703" lon="24.650921">
        <ele>99.096504</ele>
      </trkpt>
      <trkpt lat="54.770409" lon="24.650915">
        <ele>99.034693</ele>
      </trkpt>
      <trkpt lat="54.770521" lon="24.650919">
        <ele>98.971199</ele>
      </trkpt>
      <trkpt lat="54.770642" lon="24.650921">
        <ele>98.902615</ele>
      </trkpt>
      <trkpt lat="54.770755" lon="24.650928">
        <ele>98.838527</ele>
      </trkpt>
      <trkpt lat="54.770872" lon="24.650932">
        <ele>98.774577</ele>
      </trkpt>
      <trkpt lat="54.770986" lon="24.650942">
        <ele>98.828166</ele>
      </trkpt>
      <trkpt lat="54.771101" lon="24.650953">
        <ele>98.882239</ele>
      </trkpt>
      <trkpt lat="54.771212" lon="24.650955">
        <ele>98.934355</ele>
      </trkpt>
      <trkpt lat="54.771322" lon="24.650949">
        <ele>98.986024</ele>
      </trkpt>
      <trkpt lat="54.771436" lon="24.650947">
        <ele>99.039548</ele>
      </trkpt>
      <trkpt lat="54.771546" lon="24.650942">
        <ele>99.091209</ele>
      </trkpt>
      <trkpt lat="54.771654" lon="24.65095">
        <ele>99.14196</ele>
      </trkpt>
      <trkpt lat="54.771751" lon="24.650944">
        <ele>99.187529</ele>
      </trkpt>
      <trkpt lat="54.771843" lon="24.650944">
        <ele>99.230721</ele>
      </trkpt>
      <trkpt lat="54.771978" lon="24.650959">
        <ele>99.294232</ele>
      </trkpt>
      <trkpt lat="54.772064" lon="24.65101">
        <ele>99.336905</ele>
      </trkpt>
      <trkpt lat="54.772183" lon="24.651097">
        <ele>99.397538</ele>
      </trkpt>
      <trkpt lat="54.772264" lon="24.651172">
        <ele>99.44065</ele>
      </trkpt>
      <trkpt lat="54.772364" lon="24.651336">
        <ele>99.505278</ele>
      </trkpt>
      <trkpt lat="54.772445" lon="24.651521">
        <ele>99.568176</ele>
      </trkpt>
      <trkpt lat="54.772485" lon="24.651679">
        <ele>99.614904</ele>
      </trkpt>
      <trkpt lat="54.772508" lon="24.651837">
        <ele>99.633291</ele>
      </trkpt>
      <trkpt lat="54.772517" lon="24.652011">
        <ele>99.650968</ele>
      </trkpt>
      <trkpt lat="54.772521" lon="24.65218">
        <ele>99.668082</ele>
      </trkpt>
      <trkpt lat="54.77254" lon="24.652399">
        <ele>99.690491</ele>
      </trkpt>
      <trkpt lat="54.772547" lon="24.652601">
        <ele>99.710967</ele>
      </trkpt>
      <trkpt lat="54.77262" lon="24.652716">
        <ele>99.728269</ele>
      </trkpt>
      <trkpt lat="54.772716" lon="24.652697">
        <ele>99.745218</ele>
      </trkpt>
      <trkpt lat="54.772815" lon="24.652683">
        <ele>99.762642</ele>
      </trkpt>
      <trkpt lat="54.772918" lon="24.652681">
        <ele>99.780711</ele>
      </trkpt>
      <trkpt lat="54.773008" lon="24.652669">
        <ele>99.796545</ele>
      </trkpt>
      <trkpt lat="54.773099" lon="24.652664">
        <ele>99.812516</ele>
      </trkpt>
      <trkpt lat="54.773199" lon="24.652691">
        <ele>99.830269</ele>
      </trkpt>
      <trkpt lat="54.773292" lon="24.65274">
        <ele>99.847319</ele>
      </trkpt>
      <trkpt lat="54.773391" lon="24.652846">
        <ele>99.86773</ele>
      </trkpt>
      <trkpt lat="54.773503" lon="24.652941">
        <ele>99.889602</ele>
      </trkpt>
      <trkpt lat="54.773592" lon="24.652993">
        <ele>99.906077</ele>
      </trkpt>
      <trkpt lat="54.773685" lon="24.653012">
        <ele>99.922503</ele>
      </trkpt>
      <trkpt lat="54.773792" lon="24.653032">
        <ele>99.9661</ele>
      </trkpt>
      <trkpt lat="54.773906" lon="24.65303">
        <ele>100.048385</ele>
      </trkpt>
      <trkpt lat="54.774021" lon="24.653013">
        <ele>100.131689</ele>
      </trkpt>
      <trkpt lat="54.774129" lon="24.652986">
        <ele>100.210445</ele>
      </trkpt>
      <trkpt lat="54.774221" lon="24.65293">
        <ele>100.280821</ele>
      </trkpt>
      <trkpt lat="54.774302" lon="24.652863">
        <ele>100.345597</ele>
      </trkpt>
      <trkpt lat="54.774409" lon="24.652759">
        <ele>100.434134</ele>
      </trkpt>
      <trkpt lat="54.774485" lon="24.652672">
        <ele>100.499867</ele>
      </trkpt>
      <trkpt lat="54.77457" lon="24.652562">
        <ele>100.576423</ele>
      </trkpt>
      <trkpt lat="54.774656" lon="24.652453">
        <ele>100.653313</ele>
      </trkpt>
      <trkpt lat="54.77474" lon="24.652347">
        <ele>100.7283</ele>
      </trkpt>
      <trkpt lat="54.774827" lon="24.652243">
        <ele>100.804573</ele>
      </trkpt>
      <trkpt lat="54.774919" lon="24.652128">
        <ele>100.886435</ele>
      </trkpt>
      <trkpt lat="54.774999" lon="24.652036">
        <ele>100.955723</ele>
      </trkpt>
      <trkpt lat="54.775085" lon="24.651943">
        <ele>101.028879</ele>
      </trkpt>
      <trkpt lat="54.775171" lon="24.651846">
        <ele>101.10293</ele>
      </trkpt>
      <trkpt lat="54.77526" lon="24.651736">
        <ele>101.181819</ele>
      </trkpt>
      <trkpt lat="54.77535" lon="24.651604">
        <ele>101.27783</ele>
      </trkpt>
      <trkpt lat="54.775424" lon="24.651468">
        <ele>101.379782</ele>
      </trkpt>
      <trkpt lat="54.77549" lon="24.651324">
        <ele>101.480076</ele>
      </trkpt>
      <trkpt lat="54.775549" lon="24.651168">
        <ele>101.581799</ele>
      </trkpt>
      <trkpt lat="54.77559" lon="24.651009">
        <ele>101.67677</ele>
      </trkpt>
      <trkpt lat="54.775617" lon="24.650853">
        <ele>101.765583</ele>
      </trkpt>
      <trkpt lat="54.775635" lon="24.650699">
        <ele>101.851265</ele>
      </trkpt>
      <trkpt lat="54.775642" lon="24.650497">
        <ele>101.961612</ele>
      </trkpt>
      <trkpt lat="54.775712" lon="24.650368">
        <ele>102.058191</ele>
      </trkpt>
      <trkpt lat="54.775804" lon="24.650458">
        <ele>102.158059</ele>
      </trkpt>
      <trkpt lat="54.775901" lon="24.650553">
        <ele>102.263383</ele>
      </trkpt>
      <trkpt lat="54.775997" lon="24.650673">
        <ele>102.37527</ele>
      </trkpt>
      <trkpt lat="54.776097" lon="24.650767">
        <ele>102.482812</ele>
      </trkpt>
      <trkpt lat="54.776205" lon="24.650869">
        <ele>102.599081</ele>
      </trkpt>
      <trkpt lat="54.776313" lon="24.650984">
        <ele>102.718904</ele>
      </trkpt>
      <trkpt lat="54.776418" lon="24.651091">
        <ele>102.834048</ele>
      </trkpt>
      <trkpt lat="54.776529" lon="24.651179">
        <ele>102.925828</ele>
      </trkpt>
      <trkpt lat="54.776637" lon="24.65128">
        <ele>102.884008</ele>
      </trkpt>
      <trkpt lat="54.776743" lon="24.65138">
        <ele>102.84288</ele>
      </trkpt>
      <trkpt lat="54.776847" lon="24.65148">
        <ele>102.802349</ele>
      </trkpt>
      <trkpt lat="54.776945" lon="24.651587">
        <ele>102.762879</ele>
      </trkpt>
      <trkpt lat="54.777046" lon="24.651707">
        <ele>102.72115</ele>
      </trkpt>
      <trkpt lat="54.777139" lon="24.651814">
        <ele>102.683111</ele>
      </trkpt>
      <trkpt lat="54.777233" lon="24.651915">
        <ele>102.645422</ele>
      </trkpt>
      <trkpt lat="54.777327" lon="24.652042">
        <ele>102.604807</ele>
      </trkpt>
      <trkpt lat="54.777416" lon="24.652188">
        <ele>102.56305</ele>
      </trkpt>
      <trkpt lat="54.777502" lon="24.652338">
        <ele>102.521476</ele>
      </trkpt>
      <trkpt lat="54.777593" lon="24.652477">
        <ele>102.480143</ele>
      </trkpt>
      <trkpt lat="54.777695" lon="24.65262">
        <ele>102.435438</ele>
      </trkpt>
      <trkpt lat="54.777788" lon="24.652761">
        <ele>102.393334</ele>
      </trkpt>
      <trkpt lat="54.777881" lon="24.652914">
        <ele>102.349641</ele>
      </trkpt>
      <trkpt lat="54.777976" lon="24.653067">
        <ele>102.300513</ele>
      </trkpt>
      <trkpt lat="54.778059" lon="24.653231">
        <ele>102.242089</ele>
      </trkpt>
      <trkpt lat="54.77814" lon="24.653385">
        <ele>102.18628</ele>
      </trkpt>
      <trkpt lat="54.778227" lon="24.653532">
        <ele>102.129881</ele>
      </trkpt>
      <trkpt lat="54.778292" lon="24.653668">
        <ele>102.082586</ele>
      </trkpt>
      <trkpt lat="54.778365" lon="24.653785">
        <ele>102.036432</ele>
      </trkpt>
      <trkpt lat="54.778436" lon="24.653919">
        <ele>101.987709</ele>
      </trkpt>
      <trkpt lat="54.778497" lon="24.654048">
        <ele>101.943041</ele>
      </trkpt>
      <trkpt lat="54.778559" lon="24.65417">
        <ele>101.899501</ele>
      </trkpt>
      <trkpt lat="54.778627" lon="24.654294">
        <ele>101.853685</ele>
      </trkpt>
      <trkpt lat="54.778696" lon="24.654421">
        <ele>101.806966</ele>
      </trkpt>
      <trkpt lat="54.77876" lon="24.654546">
        <ele>101.762209</ele>
      </trkpt>
      <trkpt lat="54.778822" lon="24.654661">
        <ele>101.720058</ele>
      </trkpt>
      <trkpt lat="54.778892" lon="24.654771">
        <ele>101.676197</ele>
      </trkpt>
      <trkpt lat="54.77897" lon="24.654912">
        <ele>101.623883</ele>
      </trkpt>
      <trkpt lat="54.779043" lon="24.655073">
        <ele>101.569046</ele>
      </trkpt>
      <trkpt lat="54.779119" lon="24.655213">
        <ele>101.517565</ele>
      </trkpt>
      <trkpt lat="54.779192" lon="24.655349">
        <ele>101.473679</ele>
      </trkpt>
      <trkpt lat="54.779261" lon="24.655517">
        <ele>101.43843</ele>
      </trkpt>
      <trkpt lat="54.779337" lon="24.655669">
        <ele>101.404049</ele>
      </trkpt>
      <trkpt lat="54.779422" lon="24.655827">
        <ele>101.367121</ele>
      </trkpt>
      <trkpt lat="54.779501" lon="24.655978">
        <ele>101.332278</ele>
      </trkpt>
      <trkpt lat="54.779571" lon="24.656125">
        <ele>101.299698</ele>
      </trkpt>
      <trkpt lat="54.779642" lon="24.656257">
        <ele>101.268849</ele>
      </trkpt>
      <trkpt lat="54.779724" lon="24.656407">
        <ele>101.233527</ele>
      </trkpt>
      <trkpt lat="54.779804" lon="24.656563">
        <ele>101.19785</ele>
      </trkpt>
      <trkpt lat="54.779877" lon="24.656731">
        <ele>101.161901</ele>
      </trkpt>
      <trkpt lat="54.779946" lon="24.656883">
        <ele>101.128842</ele>
      </trkpt>
      <trkpt lat="54.780015" lon="24.657033">
        <ele>101.09605</ele>
      </trkpt>
      <trkpt lat="54.780097" lon="24.657187">
        <ele>101.060229</ele>
      </trkpt>
      <trkpt lat="54.780175" lon="24.65733">
        <ele>101.02659</ele>
      </trkpt>
      <trkpt lat="54.780247" lon="24.65748">
        <ele>100.993238</ele>
      </trkpt>
      <trkpt lat="54.780314" lon="24.657636">
        <ele>100.959996</ele>
      </trkpt>
      <trkpt lat="54.78038" lon="24.65778">
        <ele>101.168892</ele>
      </trkpt>
      <trkpt lat="54.780441" lon="24.657903">
        <ele>101.437924</ele>
      </trkpt>
      <trkpt lat="54.780519" lon="24.658032">
        <ele>101.747886</ele>
      </trkpt>
      <trkpt lat="54.780609" lon="24.658042">
        <ele>102.007222</ele>
      </trkpt>
      <trkpt lat="54.780733" lon="24.658082">
        <ele>102.369915</ele>
      </trkpt>
      <trkpt lat="54.780831" lon="24.658242">
        <ele>102.756984</ele>
      </trkpt>
      <trkpt lat="54.780897" lon="24.658367">
        <ele>103.03804</ele>
      </trkpt>
      <trkpt lat="54.780965" lon="24.658489">
        <ele>103.319412</ele>
      </trkpt>
      <trkpt lat="54.781032" lon="24.658604">
        <ele>103.590505</ele>
      </trkpt>
      <trkpt lat="54.781103" lon="24.658712">
        <ele>103.862099</ele>
      </trkpt>
      <trkpt lat="54.781196" lon="24.658873">
        <ele>104.239997</ele>
      </trkpt>
      <trkpt lat="54.781284" lon="24.658964">
        <ele>104.534632</ele>
      </trkpt>
      <trkpt lat="54.781371" lon="24.659031">
        <ele>104.808374</ele>
      </trkpt>
      <trkpt lat="54.781463" lon="24.659093">
        <ele>105.092207</ele>
      </trkpt>
      <trkpt lat="54.781555" lon="24.659123">
        <ele>105.3614</ele>
      </trkpt>
      <trkpt lat="54.781654" lon="24.659101">
        <ele>105.648414</ele>
      </trkpt>
      <trkpt lat="54.781751" lon="24.659109">
        <ele>105.927663</ele>
      </trkpt>
      <trkpt lat="54.781853" lon="24.659145">
        <ele>106.083234</ele>
      </trkpt>
      <trkpt lat="54.781965" lon="24.659174">
        <ele>105.957816</ele>
      </trkpt>
      <trkpt lat="54.782083" lon="24.659192">
        <ele>105.826622</ele>
      </trkpt>
      <trkpt lat="54.782204" lon="24.659202">
        <ele>105.692459</ele>
      </trkpt>
      <trkpt lat="54.782342" lon="24.659217">
        <ele>105.53932</ele>
      </trkpt>
      <trkpt lat="54.782462" lon="24.659228">
        <ele>105.406231</ele>
      </trkpt>
      <trkpt lat="54.782584" lon="24.659241">
        <ele>105.270857</ele>
      </trkpt>
      <trkpt lat="54.782688" lon="24.659305">
        <ele>105.148636</ele>
      </trkpt>
      <trkpt lat="54.782788" lon="24.659345">
        <ele>105.034975</ele>
      </trkpt>
      <trkpt lat="54.782881" lon="24.659361">
        <ele>104.931469</ele>
      </trkpt>
      <trkpt lat="54.782982" lon="24.659371">
        <ele>104.819426</ele>
      </trkpt>
      <trkpt lat="54.783118" lon="24.6594">
        <ele>104.667667</ele>
      </trkpt>
      <trkpt lat="54.783229" lon="24.659405">
        <ele>104.54469</ele>
      </trkpt>
      <trkpt lat="54.783331" lon="24.659413">
        <ele>104.431607</ele>
      </trkpt>
      <trkpt lat="54.783448" lon="24.659401">
        <ele>104.301799</ele>
      </trkpt>
      <trkpt lat="54.783543" lon="24.659413">
        <ele>104.196305</ele>
      </trkpt>
      <trkpt lat="54.783601" lon="24.659577">
        <ele>104.216963</ele>
      </trkpt>
      <trkpt lat="54.783607" lon="24.659775">
        <ele>104.405215</ele>
      </trkpt>
      <trkpt lat="54.783601" lon="24.659998">
        <ele>104.617174</ele>
      </trkpt>
      <trkpt lat="54.783598" lon="24.660241">
        <ele>104.847945</ele>
      </trkpt>
      <trkpt lat="54.783588" lon="24.660413">
        <ele>105.01208</ele>
      </trkpt>
      <trkpt lat="54.783581" lon="24.660588">
        <ele>105.178634</ele>
      </trkpt>
      <trkpt lat="54.783617" lon="24.660758">
        <ele>105.350581</ele>
      </trkpt>
      <trkpt lat="54.78368" lon="24.660913">
        <ele>105.530629</ele>
      </trkpt>
      <trkpt lat="54.783736" lon="24.661102">
        <ele>105.732377</ele>
      </trkpt>
      <trkpt lat="54.783805" lon="24.661288">
        <ele>105.942361</ele>
      </trkpt>
      <trkpt lat="54.783867" lon="24.66148">
        <ele>106.151291</ele>
      </trkpt>
      <trkpt lat="54.783933" lon="24.661665">
        <ele>106.357836</ele>
      </trkpt>
      <trkpt lat="54.783994" lon="24.661844">
        <ele>106.555245</ele>
      </trkpt>
      <trkpt lat="54.784055" lon="24.662025">
        <ele>106.754291</ele>
      </trkpt>
      <trkpt lat="54.784111" lon="24.662232">
        <ele>106.971379</ele>
      </trkpt>
      <trkpt lat="54.784174" lon="24.662418">
        <ele>107.136836</ele>
      </trkpt>
      <trkpt lat="54.784235" lon="24.662598">
        <ele>107.241801</ele>
      </trkpt>
      <trkpt lat="54.784298" lon="24.66278">
        <ele>107.348521</ele>
      </trkpt>
      <trkpt lat="54.78436" lon="24.662971">
        <ele>107.458715</ele>
      </trkpt>
      <trkpt lat="54.78443" lon="24.663164">
        <ele>107.573342</ele>
      </trkpt>
      <trkpt lat="54.784484" lon="24.663345">
        <ele>107.675796</ele>
      </trkpt>
      <trkpt lat="54.784532" lon="24.663505">
        <ele>107.76647</ele>
      </trkpt>
      <trkpt lat="54.784592" lon="24.663681">
        <ele>107.86926</ele>
      </trkpt>
      <trkpt lat="54.784651" lon="24.663852">
        <ele>107.969443</ele>
      </trkpt>
      <trkpt lat="54.784709" lon="24.664022">
        <ele>108.068748</ele>
      </trkpt>
      <trkpt lat="54.784778" lon="24.664178">
        <ele>108.16759</ele>
      </trkpt>
      <trkpt lat="54.784829" lon="24.664353">
        <ele>108.266167</ele>
      </trkpt>
      <trkpt lat="54.784883" lon="24.664506">
        <ele>108.356351</ele>
      </trkpt>
      <trkpt lat="54.784933" lon="24.664688">
        <ele>108.457703</ele>
      </trkpt>
      <trkpt lat="54.784994" lon="24.664839">
        <ele>108.550392</ele>
      </trkpt>
      <trkpt lat="54.784911" lon="24.665182">
        <ele>108.317674</ele>
      </trkpt>
      <trkpt lat="54.784812" lon="24.665262">
        <ele>107.892023</ele>
      </trkpt>
      <trkpt lat="54.784711" lon="24.665305">
        <ele>107.48672</ele>
      </trkpt>
      <trkpt lat="54.784678" lon="24.665471">
        <ele>107.092122</ele>
      </trkpt>
      <trkpt lat="54.784675" lon="24.665651">
        <ele>106.687439</ele>
      </trkpt>
      <trkpt lat="54.784667" lon="24.665853">
        <ele>106.232414</ele>
      </trkpt>
      <trkpt lat="54.784648" lon="24.666006">
        <ele>105.880693</ele>
      </trkpt>
      <trkpt lat="54.784645" lon="24.666169">
        <ele>105.514196</ele>
      </trkpt>
      <trkpt lat="54.784625" lon="24.666353">
        <ele>105.09341</ele>
      </trkpt>
      <trkpt lat="54.784609" lon="24.666546">
        <ele>104.65522</ele>
      </trkpt>
      <trkpt lat="54.784592" lon="24.666736">
        <ele>104.223122</ele>
      </trkpt>
      <trkpt lat="54.784577" lon="24.666916">
        <ele>103.814405</ele>
      </trkpt>
      <trkpt lat="54.78457" lon="24.667077">
        <ele>103.451561</ele>
      </trkpt>
      <trkpt lat="54.784587" lon="24.667289">
        <ele>102.970547</ele>
      </trkpt>
      <trkpt lat="54.784605" lon="24.667532">
        <ele>102.419964</ele>
      </trkpt>
      <trkpt lat="54.784615" lon="24.667711">
        <ele>102.015812</ele>
      </trkpt>
      <trkpt lat="54.784637" lon="24.667904">
        <ele>101.63294</ele>
      </trkpt>
      <trkpt lat="54.784675" lon="24.668088">
        <ele>101.530088</ele>
      </trkpt>
      <trkpt lat="54.784715" lon="24.668266">
        <ele>101.429555</ele>
      </trkpt>
      <trkpt lat="54.784756" lon="24.668441">
        <ele>101.330152</ele>
      </trkpt>
      <trkpt lat="54.784815" lon="24.668617">
        <ele>101.22302</ele>
      </trkpt>
      <trkpt lat="54.784874" lon="24.66879">
        <ele>101.117249</ele>
      </trkpt>
      <trkpt lat="54.784938" lon="24.668938">
        <ele>101.019899</ele>
      </trkpt>
      <trkpt lat="54.784989" lon="24.669077">
        <ele>100.9332</ele>
      </trkpt>
      <trkpt lat="54.785035" lon="24.669216">
        <ele>100.848862</ele>
      </trkpt>
      <trkpt lat="54.78509" lon="24.669342">
        <ele>100.765701</ele>
      </trkpt>
      <trkpt lat="54.785145" lon="24.669468">
        <ele>100.68254</ele>
      </trkpt>
      <trkpt lat="54.785214" lon="24.6696">
        <ele>100.588784</ele>
      </trkpt>
      <trkpt lat="54.785274" lon="24.669727">
        <ele>100.502385</ele>
      </trkpt>
      <trkpt lat="54.785368" lon="24.669667">
        <ele>100.410976</ele>
      </trkpt>
      <trkpt lat="54.785447" lon="24.66959">
        <ele>100.328274</ele>
      </trkpt>
      <trkpt lat="54.785512" lon="24.669728">
        <ele>100.234507</ele>
      </trkpt>
      <trkpt lat="54.785573" lon="24.66989">
        <ele>100.132691</ele>
      </trkpt>
      <trkpt lat="54.785623" lon="24.670022">
        <ele>100.049582</ele>
      </trkpt>
      <trkpt lat="54.785668" lon="24.670173">
        <ele>99.965045</ele>
      </trkpt>
      <trkpt lat="54.785714" lon="24.670394">
        <ele>99.853666</ele>
      </trkpt>
      <trkpt lat="54.785754" lon="24.670593">
        <ele>99.753764</ele>
      </trkpt>
      <trkpt lat="54.785831" lon="24.670759">
        <ele>99.652773</ele>
      </trkpt>
      <trkpt lat="54.785885" lon="24.670926">
        <ele>99.562011</ele>
      </trkpt>
      <trkpt lat="54.785872" lon="24.671137">
        <ele>99.46142</ele>
      </trkpt>
      <trkpt lat="54.785804" lon="24.671287">
        <ele>99.370971</ele>
      </trkpt>
      <trkpt lat="54.785801" lon="24.671445">
        <ele>99.296032</ele>
      </trkpt>
      <trkpt lat="54.78579" lon="24.671617">
        <ele>99.213997</ele>
      </trkpt>
      <trkpt lat="54.78578" lon="24.671791">
        <ele>99.131105</ele>
      </trkpt>
      <trkpt lat="54.785775" lon="24.671983">
        <ele>99.039996</ele>
      </trkpt>
      <trkpt lat="54.785768" lon="24.672191">
        <ele>98.941228</ele>
      </trkpt>
      <trkpt lat="54.78576" lon="24.672409">
        <ele>98.837678</ele>
      </trkpt>
      <trkpt lat="54.785748" lon="24.672627">
        <ele>98.733867</ele>
      </trkpt>
      <trkpt lat="54.785737" lon="24.672837">
        <ele>98.633908</ele>
      </trkpt>
      <trkpt lat="54.785723" lon="24.673046">
        <ele>98.534167</ele>
      </trkpt>
      <trkpt lat="54.785715" lon="24.67328">
        <ele>98.477564</ele>
      </trkpt>
      <trkpt lat="54.785705" lon="24.673503">
        <ele>98.425078</ele>
      </trkpt>
      <trkpt lat="54.785697" lon="24.673707">
        <ele>98.377098</ele>
      </trkpt>
      <trkpt lat="54.785686" lon="24.673927">
        <ele>98.32528</ele>
      </trkpt>
      <trkpt lat="54.785674" lon="24.674147">
        <ele>98.273426</ele>
      </trkpt>
      <trkpt lat="54.785666" lon="24.674365">
        <ele>98.222167</ele>
      </trkpt>
      <trkpt lat="54.785658" lon="24.674554">
        <ele>98.177698</ele>
      </trkpt>
      <trkpt lat="54.785652" lon="24.674736">
        <ele>98.134921</ele>
      </trkpt>
      <trkpt lat="54.785663" lon="24.674963">
        <ele>98.081467</ele>
      </trkpt>
      <trkpt lat="54.785667" lon="24.675162">
        <ele>98.034742</ele>
      </trkpt>
      <trkpt lat="54.785593" lon="24.675322">
        <ele>97.986612</ele>
      </trkpt>
      <trkpt lat="54.785506" lon="24.675377">
        <ele>97.94893</ele>
      </trkpt>
      <trkpt lat="54.785437" lon="24.675525">
        <ele>97.90427</ele>
      </trkpt>
      <trkpt lat="54.785351" lon="24.675694">
        <ele>97.851379</ele>
      </trkpt>
      <trkpt lat="54.785246" lon="24.675871">
        <ele>97.850118</ele>
      </trkpt>
      <trkpt lat="54.785134" lon="24.676022">
        <ele>98.255058</ele>
      </trkpt>
      <trkpt lat="54.785016" lon="24.676172">
        <ele>98.672675</ele>
      </trkpt>
      <trkpt lat="54.784895" lon="24.676321">
        <ele>99.096275</ele>
      </trkpt>
      <trkpt lat="54.784768" lon="24.67647">
        <ele>99.533952</ele>
      </trkpt>
      <trkpt lat="54.784652" lon="24.676628">
        <ele>99.954984</ele>
      </trkpt>
      <trkpt lat="54.784536" lon="24.676771">
        <ele>100.361231</ele>
      </trkpt>
      <trkpt lat="54.784414" lon="24.676921">
        <ele>100.788113</ele>
      </trkpt>
      <trkpt lat="54.784293" lon="24.677065">
        <ele>101.207003</ele>
      </trkpt>
      <trkpt lat="54.78418" lon="24.677208">
        <ele>101.606303</ele>
      </trkpt>
      <trkpt lat="54.784058" lon="24.677348">
        <ele>102.023881</ele>
      </trkpt>
      <trkpt lat="54.783939" lon="24.677496">
        <ele>102.441882</ele>
      </trkpt>
      <trkpt lat="54.78382" lon="24.677642">
        <ele>102.857972</ele>
      </trkpt>
      <trkpt lat="54.78372" lon="24.677802">
        <ele>103.245228</ele>
      </trkpt>
      <trkpt lat="54.783641" lon="24.677968">
        <ele>103.598233</ele>
      </trkpt>
      <trkpt lat="54.783561" lon="24.678149">
        <ele>103.972267</ele>
      </trkpt>
      <trkpt lat="54.7835" lon="24.678354">
        <ele>104.350619</ele>
      </trkpt>
      <trkpt lat="54.783454" lon="24.678578">
        <ele>104.740612</ele>
      </trkpt>
      <trkpt lat="54.783414" lon="24.678792">
        <ele>105.109582</ele>
      </trkpt>
      <trkpt lat="54.783392" lon="24.679022">
        <ele>105.49197</ele>
      </trkpt>
      <trkpt lat="54.783375" lon="24.679254">
        <ele>105.875545</ele>
      </trkpt>
      <trkpt lat="54.783362" lon="24.679441">
        <ele>106.184474</ele>
      </trkpt>
      <trkpt lat="54.783355" lon="24.679661">
        <ele>106.545856</ele>
      </trkpt>
      <trkpt lat="54.78336" lon="24.679875">
        <ele>106.897136</ele>
      </trkpt>
      <trkpt lat="54.783418" lon="24.680042">
        <ele>107.216881</ele>
      </trkpt>
      <trkpt lat="54.783462" lon="24.68021">
        <ele>107.519512</ele>
      </trkpt>
      <trkpt lat="54.783474" lon="24.680383">
        <ele>107.805303</ele>
      </trkpt>
      <trkpt lat="54.783394" lon="24.680458">
        <ele>108.060371</ele>
      </trkpt>
      <trkpt lat="54.783287" lon="24.680501">
        <ele>108.298937</ele>
      </trkpt>
      <trkpt lat="54.783194" lon="24.680587">
        <ele>108.527862</ele>
      </trkpt>
      <trkpt lat="54.783108" lon="24.680759">
        <ele>108.813003</ele>
      </trkpt>
      <trkpt lat="54.783054" lon="24.680887">
        <ele>109.011652</ele>
      </trkpt>
      <trkpt lat="54.782997" lon="24.681035">
        <ele>109.23457</ele>
      </trkpt>
      <trkpt lat="54.782932" lon="24.681179">
        <ele>109.463622</ele>
      </trkpt>
      <trkpt lat="54.782878" lon="24.681326">
        <ele>109.681931</ele>
      </trkpt>
      <trkpt lat="54.782822" lon="24.681475">
        <ele>109.9047</ele>
      </trkpt>
      <trkpt lat="54.782769" lon="24.681631">
        <ele>110.131487</ele>
      </trkpt>
      <trkpt lat="54.782708" lon="24.681779">
        <ele>110.359347</ele>
      </trkpt>
      <trkpt lat="54.782642" lon="24.681911">
        <ele>110.578177</ele>
      </trkpt>
      <trkpt lat="54.782566" lon="24.682034">
        <ele>110.803977</ele>
      </trkpt>
      <trkpt lat="54.782502" lon="24.682159">
        <ele>111.013352</ele>
      </trkpt>
      <trkpt lat="54.782425" lon="24.682276">
        <ele>111.235722</ele>
      </trkpt>
      <trkpt lat="54.78231" lon="24.682404">
        <ele>111.532533</ele>
      </trkpt>
      <trkpt lat="54.782214" lon="24.682486">
        <ele>111.764972</ele>
      </trkpt>
      <trkpt lat="54.782116" lon="24.682578">
        <ele>111.940737</ele>
      </trkpt>
      <trkpt lat="54.782033" lon="24.682641">
        <ele>111.884501</ele>
      </trkpt>
      <trkpt lat="54.781919" lon="24.682733">
        <ele>111.806456</ele>
      </trkpt>
      <trkpt lat="54.781801" lon="24.682774">
        <ele>111.731759</ele>
      </trkpt>
      <trkpt lat="54.781705" lon="24.682812">
        <ele>111.670641</ele>
      </trkpt>
      <trkpt lat="54.781589" lon="24.68287">
        <ele>111.595708</ele>
      </trkpt>
      <trkpt lat="54.781468" lon="24.682939">
        <ele>111.516649</ele>
      </trkpt>
      <trkpt lat="54.781344" lon="24.683029">
        <ele>111.433214</ele>
      </trkpt>
      <trkpt lat="54.781221" lon="24.683134">
        <ele>111.34812</ele>
      </trkpt>
      <trkpt lat="54.781105" lon="24.683244">
        <ele>111.266058</ele>
      </trkpt>
      <trkpt lat="54.780991" lon="24.68337">
        <ele>111.182148</ele>
      </trkpt>
      <trkpt lat="54.780888" lon="24.683497">
        <ele>111.103703</ele>
      </trkpt>
      <trkpt lat="54.780777" lon="24.683615">
        <ele>111.02289</ele>
      </trkpt>
      <trkpt lat="54.780665" lon="24.683725">
        <ele>110.942997</ele>
      </trkpt>
      <trkpt lat="54.780572" lon="24.683834">
        <ele>110.873324</ele>
      </trkpt>
      <trkpt lat="54.780483" lon="24.683959">
        <ele>110.867187</ele>
      </trkpt>
      <trkpt lat="54.780383" lon="24.684079">
        <ele>110.924759</ele>
      </trkpt>
      <trkpt lat="54.780279" lon="24.684206">
        <ele>110.984979</ele>
      </trkpt>
      <trkpt lat="54.780189" lon="24.684313">
        <ele>111.036639</ele>
      </trkpt>
      <trkpt lat="54.780098" lon="24.684416">
        <ele>111.088086</ele>
      </trkpt>
      <trkpt lat="54.780007" lon="24.684511">
        <ele>111.138372</ele>
      </trkpt>
      <trkpt lat="54.779924" lon="24.684605">
        <ele>111.185305</ele>
      </trkpt>
      <trkpt lat="54.779838" lon="24.684701">
        <ele>111.233726</ele>
      </trkpt>
      <trkpt lat="54.779758" lon="24.684792">
        <ele>111.279021</ele>
      </trkpt>
      <trkpt lat="54.779666" lon="24.684907">
        <ele>111.332713</ele>
      </trkpt>
      <trkpt lat="54.77961" lon="24.685075">
        <ele>111.385692</ele>
      </trkpt>
      <trkpt lat="54.779597" lon="24.685253">
        <ele>111.434679</ele>
      </trkpt>
      <trkpt lat="54.779562" lon="24.685456">
        <ele>111.492528</ele>
      </trkpt>
      <trkpt lat="54.779532" lon="24.685636">
        <ele>111.543685</ele>
      </trkpt>
      <trkpt lat="54.779499" lon="24.685823">
        <ele>111.597078</ele>
      </trkpt>
      <trkpt lat="54.779461" lon="24.686015">
        <ele>111.6525</ele>
      </trkpt>
      <trkpt lat="54.779429" lon="24.686214">
        <ele>111.838331</ele>
      </trkpt>
      <trkpt lat="54.779418" lon="24.686414">
        <ele>112.280713</ele>
      </trkpt>
      <trkpt lat="54.77941" lon="24.686615">
        <ele>112.724351</ele>
      </trkpt>
      <trkpt lat="54.779406" lon="24.686816">
        <ele>113.1672</ele>
      </trkpt>
      <trkpt lat="54.779404" lon="24.687026">
        <ele>113.629667</ele>
      </trkpt>
      <trkpt lat="54.779403" lon="24.687246">
        <ele>114.114104</ele>
      </trkpt>
      <trkpt lat="54.779411" lon="24.687483">
        <ele>114.636852</ele>
      </trkpt>
      <trkpt lat="54.779414" lon="24.687721">
        <ele>115.161034</ele>
      </trkpt>
      <trkpt lat="54.779411" lon="24.687944">
        <ele>115.652196</ele>
      </trkpt>
      <trkpt lat="54.779418" lon="24.688155">
        <ele>116.117569</ele>
      </trkpt>
      <trkpt lat="54.77943" lon="24.688372">
        <ele>116.597577</ele>
      </trkpt>
      <trkpt lat="54.77943" lon="24.688593">
        <ele>117.084201</ele>
      </trkpt>
      <trkpt lat="54.779434" lon="24.688834">
        <ele>117.615083</ele>
      </trkpt>
      <trkpt lat="54.779445" lon="24.689078">
        <ele>118.15399</ele>
      </trkpt>
      <trkpt lat="54.779447" lon="24.689319">
        <ele>118.625249</ele>
      </trkpt>
      <trkpt lat="54.779455" lon="24.689557">
        <ele>118.904356</ele>
      </trkpt>
      <trkpt lat="54.779462" lon="24.689809">
        <ele>119.199722</ele>
      </trkpt>
      <trkpt lat="54.779459" lon="24.690051">
        <ele>119.483105</ele>
      </trkpt>
      <trkpt lat="54.779462" lon="24.690303">
        <ele>119.778192</ele>
      </trkpt>
      <trkpt lat="54.779476" lon="24.69056">
        <ele>120.08041</ele>
      </trkpt>
      <trkpt lat="54.779479" lon="24.690806">
        <ele>120.368474</ele>
      </trkpt>
      <trkpt lat="54.779489" lon="24.691056">
        <ele>120.66186</ele>
      </trkpt>
      <trkpt lat="54.779496" lon="24.691292">
        <ele>120.938518</ele>
      </trkpt>
      <trkpt lat="54.779496" lon="24.691497">
        <ele>121.178517</ele>
      </trkpt>
      <trkpt lat="54.779498" lon="24.691675">
        <ele>121.386947</ele>
      </trkpt>
      <trkpt lat="54.779506" lon="24.691836">
        <ele>121.576133</ele>
      </trkpt>
      <trkpt lat="54.779539" lon="24.691986">
        <ele>121.764086</ele>
      </trkpt>
      <trkpt lat="54.779548" lon="24.692177">
        <ele>121.98844</ele>
      </trkpt>
      <trkpt lat="54.779511" lon="24.692348">
        <ele>122.202261</ele>
      </trkpt>
      <trkpt lat="54.779506" lon="24.692596">
        <ele>122.439892</ele>
      </trkpt>
      <trkpt lat="54.779509" lon="24.692778">
        <ele>122.613336</ele>
      </trkpt>
      <trkpt lat="54.779509" lon="24.692953">
        <ele>122.780041</ele>
      </trkpt>
      <trkpt lat="54.779515" lon="24.693179">
        <ele>122.995557</ele>
      </trkpt>
      <trkpt lat="54.779526" lon="24.693362">
        <ele>123.170827</ele>
      </trkpt>
      <trkpt lat="54.779543" lon="24.693568">
        <ele>123.369062</ele>
      </trkpt>
      <trkpt lat="54.779549" lon="24.693796">
        <ele>123.586481</ele>
      </trkpt>
      <trkpt lat="54.779549" lon="24.694015">
        <ele>123.7951</ele>
      </trkpt>
      <trkpt lat="54.779544" lon="24.694253">
        <ele>124.021969</ele>
      </trkpt>
      <trkpt lat="54.779547" lon="24.694487">
        <ele>124.244933</ele>
      </trkpt>
      <trkpt lat="54.779552" lon="24.694695">
        <ele>124.443245</ele>
      </trkpt>
      <trkpt lat="54.779561" lon="24.69491">
        <ele>124.648593</ele>
      </trkpt>
      <trkpt lat="54.779568" lon="24.69513">
        <ele>124.858484</ele>
      </trkpt>
      <trkpt lat="54.779566" lon="24.695357">
        <ele>125.074749</ele>
      </trkpt>
      <trkpt lat="54.779566" lon="24.695587">
        <ele>125.395163</ele>
      </trkpt>
      <trkpt lat="54.779579" lon="24.695808">
        <ele>125.794813</ele>
      </trkpt>
      <trkpt lat="54.779592" lon="24.696025">
        <ele>126.187304</ele>
      </trkpt>
      <trkpt lat="54.779599" lon="24.696215">
        <ele>126.529818</ele>
      </trkpt>
      <trkpt lat="54.779601" lon="24.696395">
        <ele>126.853705</ele>
      </trkpt>
      <trkpt lat="54.779605" lon="24.696602">
        <ele>127.226314</ele>
      </trkpt>
      <trkpt lat="54.779649" lon="24.69674">
        <ele>127.509995</ele>
      </trkpt>
      <trkpt lat="54.779604" lon="24.696943">
        <ele>127.901248</ele>
      </trkpt>
      <trkpt lat="54.779613" lon="24.697178">
        <ele>128.324953</ele>
      </trkpt>
      <trkpt lat="54.779617" lon="24.697364">
        <ele>128.659806</ele>
      </trkpt>
      <trkpt lat="54.779622" lon="24.697575">
        <ele>129.039722</ele>
      </trkpt>
      <trkpt lat="54.779627" lon="24.697789">
        <ele>129.425032</ele>
      </trkpt>
      <trkpt lat="54.77963" lon="24.698">
        <ele>129.804743</ele>
      </trkpt>
      <trkpt lat="54.779639" lon="24.698223">
        <ele>130.206909</ele>
      </trkpt>
      <trkpt lat="54.77964" lon="24.698429">
        <ele>130.577523</ele>
      </trkpt>
      <trkpt lat="54.779647" lon="24.698644">
        <ele>130.888814</ele>
      </trkpt>
      <trkpt lat="54.779661" lon="24.698857">
        <ele>131.106162</ele>
      </trkpt>
      <trkpt lat="54.779658" lon="24.699066">
        <ele>131.318123</ele>
      </trkpt>
      <trkpt lat="54.779664" lon="24.699279">
        <ele>131.534331</ele>
      </trkpt>
      <trkpt lat="54.779664" lon="24.699492">
        <ele>131.750281</ele>
      </trkpt>
      <trkpt lat="54.779669" lon="24.699691">
        <ele>131.952229</ele>
      </trkpt>
      <trkpt lat="54.77967" lon="24.699863">
        <ele>132.126621</ele>
      </trkpt>
      <trkpt lat="54.779685" lon="24.700049">
        <ele>132.317032</ele>
      </trkpt>
      <trkpt lat="54.779729" lon="24.70022">
        <ele>132.506873</ele>
      </trkpt>
      <trkpt lat="54.779682" lon="24.700369">
        <ele>132.679056</ele>
      </trkpt>
      <trkpt lat="54.779686" lon="24.700612">
        <ele>132.925522</ele>
      </trkpt>
      <trkpt lat="54.779694" lon="24.70079">
        <ele>133.106535</ele>
      </trkpt>
      <trkpt lat="54.779699" lon="24.700973">
        <ele>133.292277</ele>
      </trkpt>
      <trkpt lat="54.779698" lon="24.701149">
        <ele>133.470724</ele>
      </trkpt>
      <trkpt lat="54.779706" lon="24.70132">
        <ele>133.644662</ele>
      </trkpt>
      <trkpt lat="54.779724" lon="24.701495">
        <ele>133.824885</ele>
      </trkpt>
      <trkpt lat="54.779745" lon="24.701661">
        <ele>133.940357</ele>
      </trkpt>
      <trkpt lat="54.779776" lon="24.701837">
        <ele>133.88986</ele>
      </trkpt>
      <trkpt lat="54.779813" lon="24.702004">
        <ele>133.840769</ele>
      </trkpt>
      <trkpt lat="54.779848" lon="24.702165">
        <ele>133.793555</ele>
      </trkpt>
      <trkpt lat="54.779892" lon="24.70232">
        <ele>133.746149</ele>
      </trkpt>
      <trkpt lat="54.779947" lon="24.702512">
        <ele>133.687323</ele>
      </trkpt>
      <trkpt lat="54.780033" lon="24.70268">
        <ele>133.625682</ele>
      </trkpt>
      <trkpt lat="54.780136" lon="24.702802">
        <ele>133.566332</ele>
      </trkpt>
      <trkpt lat="54.780216" lon="24.702907">
        <ele>133.518592</ele>
      </trkpt>
      <trkpt lat="54.780192" lon="24.703086">
        <ele>133.468165</ele>
      </trkpt>
      <trkpt lat="54.780237" lon="24.703288">
        <ele>133.408744</ele>
      </trkpt>
      <trkpt lat="54.780256" lon="24.703481">
        <ele>133.355018</ele>
      </trkpt>
      <trkpt lat="54.780242" lon="24.703678">
        <ele>133.300552</ele>
      </trkpt>
      <trkpt lat="54.780224" lon="24.703875">
        <ele>133.245821</ele>
      </trkpt>
      <trkpt lat="54.780201" lon="24.704041">
        <ele>133.198974</ele>
      </trkpt>
      <trkpt lat="54.780193" lon="24.70428">
        <ele>133.133281</ele>
      </trkpt>
      <trkpt lat="54.780188" lon="24.704448">
        <ele>133.149227</ele>
      </trkpt>
      <trkpt lat="54.780184" lon="24.70463">
        <ele>133.424511</ele>
      </trkpt>
      <trkpt lat="54.780183" lon="24.704805">
        <ele>133.689027</ele>
      </trkpt>
      <trkpt lat="54.78018" lon="24.704983">
        <ele>133.95818</ele>
      </trkpt>
      <trkpt lat="54.780187" lon="24.705171">
        <ele>134.242924</ele>
      </trkpt>
      <trkpt lat="54.780191" lon="24.705364">
        <ele>134.534821</ele>
      </trkpt>
      <trkpt lat="54.780202" lon="24.705567">
        <ele>134.842997</ele>
      </trkpt>
      <trkpt lat="54.780215" lon="24.705785">
        <ele>135.174249</ele>
      </trkpt>
      <trkpt lat="54.78022" lon="24.705989">
        <ele>135.482862</ele>
      </trkpt>
      <trkpt lat="54.780222" lon="24.706208">
        <ele>135.813911</ele>
      </trkpt>
      <trkpt lat="54.780229" lon="24.706434">
        <ele>136.15599</ele>
      </trkpt>
      <trkpt lat="54.780236" lon="24.706642">
        <ele>136.470906</ele>
      </trkpt>
      <trkpt lat="54.780244" lon="24.706853">
        <ele>136.790509</ele>
      </trkpt>
      <trkpt lat="54.780262" lon="24.707066">
        <ele>137.115885</ele>
      </trkpt>
      <trkpt lat="54.780273" lon="24.707304">
        <ele>137.476762</ele>
      </trkpt>
      <trkpt lat="54.780284" lon="24.707536">
        <ele>137.795149</ele>
      </trkpt>
      <trkpt lat="54.780292" lon="24.707777">
        <ele>137.484678</ele>
      </trkpt>
      <trkpt lat="54.7803" lon="24.707979">
        <ele>137.224267</ele>
      </trkpt>
      <trkpt lat="54.780313" lon="24.708181">
        <ele>136.962855</ele>
      </trkpt>
      <trkpt lat="54.780321" lon="24.708381">
        <ele>136.70501</ele>
      </trkpt>
      <trkpt lat="54.780331" lon="24.708605">
        <ele>136.416055</ele>
      </trkpt>
      <trkpt lat="54.780335" lon="24.708829">
        <ele>136.127823</ele>
      </trkpt>
      <trkpt lat="54.780349" lon="24.709056">
        <ele>135.834206</ele>
      </trkpt>
      <trkpt lat="54.780363" lon="24.709296">
        <ele>135.523959</ele>
      </trkpt>
      <trkpt lat="54.780375" lon="24.709521">
        <ele>135.233345</ele>
      </trkpt>
      <trkpt lat="54.780386" lon="24.709737">
        <ele>134.954459</ele>
      </trkpt>
      <trkpt lat="54.780393" lon="24.709952">
        <ele>134.677501</ele>
      </trkpt>
      <trkpt lat="54.78041" lon="24.710175">
        <ele>134.388198</ele>
      </trkpt>
      <trkpt lat="54.780427" lon="24.710406">
        <ele>134.088693</ele>
      </trkpt>
      <trkpt lat="54.78044" lon="24.710632">
        <ele>133.801092</ele>
      </trkpt>
      <trkpt lat="54.780455" lon="24.710854">
        <ele>133.981501</ele>
      </trkpt>
      <trkpt lat="54.780477" lon="24.711086">
        <ele>134.17127</ele>
      </trkpt>
      <trkpt lat="54.780494" lon="24.711317">
        <ele>134.35923</ele>
      </trkpt>
      <trkpt lat="54.780512" lon="24.71155">
        <ele>134.548971</ele>
      </trkpt>
      <trkpt lat="54.780529" lon="24.711792">
        <ele>134.74574</ele>
      </trkpt>
      <trkpt lat="54.780545" lon="24.712013">
        <ele>134.925516</ele>
      </trkpt>
      <trkpt lat="54.780551" lon="24.71222">
        <ele>135.092803</ele>
      </trkpt>
      <trkpt lat="54.780563" lon="24.712442">
        <ele>135.272771</ele>
      </trkpt>
      <trkpt lat="54.780569" lon="24.712674">
        <ele>135.460214</ele>
      </trkpt>
      <trkpt lat="54.78057" lon="24.712911">
        <ele>135.651509</ele>
      </trkpt>
      <trkpt lat="54.780577" lon="24.71314">
        <ele>135.836601</ele>
      </trkpt>
      <trkpt lat="54.780576" lon="24.71337">
        <ele>136.022246</ele>
      </trkpt>
      <trkpt lat="54.780574" lon="24.713588">
        <ele>136.198222</ele>
      </trkpt>
      <trkpt lat="54.780566" lon="24.713793">
        <ele>136.375514</ele>
      </trkpt>
      <trkpt lat="54.780566" lon="24.713986">
        <ele>136.568903</ele>
      </trkpt>
      <trkpt lat="54.780572" lon="24.714203">
        <ele>136.78659</ele>
      </trkpt>
      <trkpt lat="54.780572" lon="24.714422">
        <ele>137.006031</ele>
      </trkpt>
      <trkpt lat="54.780577" lon="24.714655">
        <ele>137.239662</ele>
      </trkpt>
      <trkpt lat="54.780582" lon="24.714876">
        <ele>137.461278</ele>
      </trkpt>
      <trkpt lat="54.780585" lon="24.715083">
        <ele>137.66876</ele>
      </trkpt>
      <trkpt lat="54.780594" lon="24.71528">
        <ele>137.866775</ele>
      </trkpt>
      <trkpt lat="54.780599" lon="24.715479">
        <ele>138.066365</ele>
      </trkpt>
      <trkpt lat="54.780605" lon="24.715655">
        <ele>138.243028</ele>
      </trkpt>
      <trkpt lat="54.780596" lon="24.715813">
        <ele>138.402116</ele>
      </trkpt>
      <trkpt lat="54.780579" lon="24.715968">
        <ele>138.560212</ele>
      </trkpt>
      <trkpt lat="54.780571" lon="24.716174">
        <ele>138.767095</ele>
      </trkpt>
      <trkpt lat="54.780575" lon="24.716347">
        <ele>138.940582</ele>
      </trkpt>
      <trkpt lat="54.780669" lon="24.716422">
        <ele>139.120365</ele>
      </trkpt>
      <trkpt lat="54.780738" lon="24.716547">
        <ele>139.293744</ele>
      </trkpt>
      <trkpt lat="54.780698" lon="24.716687">
        <ele>139.440508</ele>
      </trkpt>
      <trkpt lat="54.780562" lon="24.717057">
        <ele>139.378321</ele>
      </trkpt>
      <trkpt lat="54.780519" lon="24.717205">
        <ele>139.354833</ele>
      </trkpt>
      <trkpt lat="54.780475" lon="24.717357">
        <ele>139.330728</ele>
      </trkpt>
      <trkpt lat="54.780431" lon="24.717494">
        <ele>139.308503</ele>
      </trkpt>
      <trkpt lat="54.780378" lon="24.717692">
        <ele>139.277564</ele>
      </trkpt>
      <trkpt lat="54.780325" lon="24.717895">
        <ele>139.245981</ele>
      </trkpt>
      <trkpt lat="54.780284" lon="24.718034">
        <ele>139.223853</ele>
      </trkpt>
      <trkpt lat="54.780223" lon="24.718227">
        <ele>139.19266</ele>
      </trkpt>
      <trkpt lat="54.780176" lon="24.718394">
        <ele>139.166322</ele>
      </trkpt>
      <trkpt lat="54.780132" lon="24.718542">
        <ele>139.142722</ele>
      </trkpt>
      <trkpt lat="54.78019" lon="24.718372">
        <ele>139.114727</ele>
      </trkpt>
      <trkpt lat="54.780234" lon="24.718221">
        <ele>139.090749</ele>
      </trkpt>
      <trkpt lat="54.780286" lon="24.718037">
        <ele>139.061707</ele>
      </trkpt>
      <trkpt lat="54.78034" lon="24.717846">
        <ele>139.031558</ele>
      </trkpt>
      <trkpt lat="54.780387" lon="24.717669">
        <ele>139.00394</ele>
      </trkpt>
      <trkpt lat="54.780434" lon="24.717494">
        <ele>138.91218</ele>
      </trkpt>
      <trkpt lat="54.780488" lon="24.717312">
        <ele>138.802323</ele>
      </trkpt>
      <trkpt lat="54.780541" lon="24.717146">
        <ele>138.700481</ele>
      </trkpt>
      <trkpt lat="54.780588" lon="24.716999">
        <ele>138.610266</ele>
      </trkpt>
      <trkpt lat="54.780644" lon="24.716811">
        <ele>138.496693</ele>
      </trkpt>
      <trkpt lat="54.780711" lon="24.71668">
        <ele>138.402713</ele>
      </trkpt>
      <trkpt lat="54.780681" lon="24.716469">
        <ele>138.28607</ele>
      </trkpt>
      <trkpt lat="54.780586" lon="24.716464">
        <ele>138.197613</ele>
      </trkpt>
      <trkpt lat="54.780511" lon="24.716562">
        <ele>138.110211</ele>
      </trkpt>
      <trkpt lat="54.780409" lon="24.716583">
        <ele>138.014613</ele>
      </trkpt>
      <trkpt lat="54.780313" lon="24.716611">
        <ele>137.924011</ele>
      </trkpt>
      <trkpt lat="54.780183" lon="24.716672">
        <ele>137.798668</ele>
      </trkpt>
      <trkpt lat="54.780065" lon="24.716661">
        <ele>137.688687</ele>
      </trkpt>
      <trkpt lat="54.779957" lon="24.716686">
        <ele>137.58728</ele>
      </trkpt>
      <trkpt lat="54.779841" lon="24.716685">
        <ele>137.479318</ele>
      </trkpt>
      <trkpt lat="54.779712" lon="24.716677">
        <ele>137.359181</ele>
      </trkpt>
      <trkpt lat="54.779591" lon="24.71668">
        <ele>137.251612</ele>
      </trkpt>
      <trkpt lat="54.779459" lon="24.716692">
        <ele>137.136453</ele>
      </trkpt>
      <trkpt lat="54.779335" lon="24.716695">
        <ele>137.028411</ele>
      </trkpt>
      <trkpt lat="54.779224" lon="24.716718">
        <ele>136.931017</ele>
      </trkpt>
      <trkpt lat="54.779128" lon="24.71676">
        <ele>136.844758</ele>
      </trkpt>
      <trkpt lat="54.779035" lon="24.716914">
        <ele>136.73272</ele>
      </trkpt>
      <trkpt lat="54.778975" lon="24.717055">
        <ele>136.644676</ele>
      </trkpt>
      <trkpt lat="54.77891" lon="24.717211">
        <ele>136.547975</ele>
      </trkpt>
      <trkpt lat="54.778856" lon="24.717369">
        <ele>136.455693</ele>
      </trkpt>
      <trkpt lat="54.778777" lon="24.717527">
        <ele>136.350623</ele>
      </trkpt>
      <trkpt lat="54.778707" lon="24.717723">
        <ele>136.234786</ele>
      </trkpt>
      <trkpt lat="54.778634" lon="24.71793">
        <ele>136.112872</ele>
      </trkpt>
      <trkpt lat="54.778573" lon="24.718076">
        <ele>136.022284</ele>
      </trkpt>
      <trkpt lat="54.77851" lon="24.718219">
        <ele>135.931866</ele>
      </trkpt>
      <trkpt lat="54.778446" lon="24.718374">
        <ele>135.836081</ele>
      </trkpt>
      <trkpt lat="54.778377" lon="24.718523">
        <ele>135.838872</ele>
      </trkpt>
      <trkpt lat="54.7783" lon="24.718652">
        <ele>136.24096</ele>
      </trkpt>
      <trkpt lat="54.778223" lon="24.71878">
        <ele>136.641546</ele>
      </trkpt>
      <trkpt lat="54.778165" lon="24.718918">
        <ele>137.011376</ele>
      </trkpt>
      <trkpt lat="54.778097" lon="24.719051">
        <ele>137.396328</ele>
      </trkpt>
      <trkpt lat="54.778029" lon="24.719196">
        <ele>137.801096</ele>
      </trkpt>
      <trkpt lat="54.777953" lon="24.719341">
        <ele>138.225458</ele>
      </trkpt>
      <trkpt lat="54.777882" lon="24.719473">
        <ele>138.616388</ele>
      </trkpt>
      <trkpt lat="54.777804" lon="24.719621">
        <ele>139.050612</ele>
      </trkpt>
      <trkpt lat="54.777749" lon="24.719752">
        <ele>139.401558</ele>
      </trkpt>
      <trkpt lat="54.777699" lon="24.719901">
        <ele>139.774923</ele>
      </trkpt>
      <trkpt lat="54.777662" lon="24.720045">
        <ele>140.116361</ele>
      </trkpt>
      <trkpt lat="54.777621" lon="24.720189">
        <ele>140.464182</ele>
      </trkpt>
      <trkpt lat="54.77757" lon="24.720378">
        <ele>140.916123</ele>
      </trkpt>
      <trkpt lat="54.777509" lon="24.720593">
        <ele>141.435083</ele>
      </trkpt>
      <trkpt lat="54.777461" lon="24.720759">
        <ele>141.837277</ele>
      </trkpt>
      <trkpt lat="54.777417" lon="24.720932">
        <ele>142.246792</ele>
      </trkpt>
      <trkpt lat="54.777365" lon="24.721109">
        <ele>142.721235</ele>
      </trkpt>
      <trkpt lat="54.777313" lon="24.721306">
        <ele>143.317073</ele>
      </trkpt>
      <trkpt lat="54.777259" lon="24.721505">
        <ele>143.921916</ele>
      </trkpt>
      <trkpt lat="54.777209" lon="24.721671">
        <ele>144.436961</ele>
      </trkpt>
      <trkpt lat="54.777161" lon="24.72184">
        <ele>144.95505</ele>
      </trkpt>
      <trkpt lat="54.777112" lon="24.722015">
        <ele>145.490059</ele>
      </trkpt>
      <trkpt lat="54.777065" lon="24.722178">
        <ele>145.991248</ele>
      </trkpt>
      <trkpt lat="54.777014" lon="24.722348">
        <ele>146.518255</ele>
      </trkpt>
      <trkpt lat="54.776966" lon="24.722529">
        <ele>147.066148</ele>
      </trkpt>
      <trkpt lat="54.776911" lon="24.722721">
        <ele>147.655737</ele>
      </trkpt>
      <trkpt lat="54.776853" lon="24.722907">
        <ele>148.237261</ele>
      </trkpt>
      <trkpt lat="54.776786" lon="24.723073">
        <ele>148.794488</ele>
      </trkpt>
      <trkpt lat="54.776719" lon="24.723212">
        <ele>149.292698</ele>
      </trkpt>
      <trkpt lat="54.776637" lon="24.723334">
        <ele>149.807937</ele>
      </trkpt>
      <trkpt lat="54.77655" lon="24.72343">
        <ele>150.299682</ele>
      </trkpt>
      <trkpt lat="54.776461" lon="24.723547">
        <ele>150.832271</ele>
      </trkpt>
      <trkpt lat="54.776421" lon="24.723741">
        <ele>151.225096</ele>
      </trkpt>
      <trkpt lat="54.776371" lon="24.723917">
        <ele>151.461228</ele>
      </trkpt>
      <trkpt lat="54.776325" lon="24.724069">
        <ele>151.667825</ele>
      </trkpt>
      <trkpt lat="54.776393" lon="24.723912">
        <ele>151.904134</ele>
      </trkpt>
      <trkpt lat="54.776427" lon="24.72373">
        <ele>152.134388</ele>
      </trkpt>
      <trkpt lat="54.776484" lon="24.723567">
        <ele>152.363812</ele>
      </trkpt>
      <trkpt lat="54.776571" lon="24.723467">
        <ele>152.581631</ele>
      </trkpt>
      <trkpt lat="54.776465" lon="24.723591">
        <ele>152.848467</ele>
      </trkpt>
      <trkpt lat="54.776532" lon="24.7237">
        <ele>153.040191</ele>
      </trkpt>
      <trkpt lat="54.776618" lon="24.723773">
        <ele>153.240005</ele>
      </trkpt>
      <trkpt lat="54.776713" lon="24.723809">
        <ele>153.442926</ele>
      </trkpt>
      <trkpt lat="54.776803" lon="24.723889">
        <ele>153.653977</ele>
      </trkpt>
      <trkpt lat="54.776886" lon="24.723956">
        <ele>153.84503</ele>
      </trkpt>
      <trkpt lat="54.776973" lon="24.724028">
        <ele>154.046198</ele>
      </trkpt>
      <trkpt lat="54.777062" lon="24.724093">
        <ele>154.247723</ele>
      </trkpt>
      <trkpt lat="54.777155" lon="24.724159">
        <ele>154.457419</ele>
      </trkpt>
      <trkpt lat="54.777238" lon="24.724241">
        <ele>154.656764</ele>
      </trkpt>
      <trkpt lat="54.777329" lon="24.724311">
        <ele>154.839928</ele>
      </trkpt>
      <trkpt lat="54.777414" lon="24.724372">
        <ele>154.810649</ele>
      </trkpt>
      <trkpt lat="54.77751" lon="24.724425">
        <ele>154.778583</ele>
      </trkpt>
      <trkpt lat="54.777603" lon="24.724505">
        <ele>154.74554</ele>
      </trkpt>
      <trkpt lat="54.777686" lon="24.724576">
        <ele>154.716084</ele>
      </trkpt>
      <trkpt lat="54.777781" lon="24.724618">
        <ele>154.68488</ele>
      </trkpt>
      <trkpt lat="54.777875" lon="24.724638">
        <ele>154.654738</ele>
      </trkpt>
      <trkpt lat="54.777967" lon="24.724623">
        <ele>154.625327</ele>
      </trkpt>
      <trkpt lat="54.777871" lon="24.724611">
        <ele>154.594694</ele>
      </trkpt>
      <trkpt lat="54.777784" lon="24.724561">
        <ele>154.565522</ele>
      </trkpt>
      <trkpt lat="54.777685" lon="24.724524">
        <ele>154.533289</ele>
      </trkpt>
      <trkpt lat="54.777596" lon="24.724487">
        <ele>154.50416</ele>
      </trkpt>
      <trkpt lat="54.777509" lon="24.724429">
        <ele>154.474494</ele>
      </trkpt>
      <trkpt lat="54.777421" lon="24.724361">
        <ele>154.44383</ele>
      </trkpt>
      <trkpt lat="54.777337" lon="24.724298">
        <ele>154.414701</ele>
      </trkpt>
      <trkpt lat="54.777236" lon="24.724274">
        <ele>154.382255</ele>
      </trkpt>
      <trkpt lat="54.777153" lon="24.724184">
        <ele>154.351097</ele>
      </trkpt>
      <trkpt lat="54.777061" lon="24.724116">
        <ele>154.319266</ele>
      </trkpt>
      <trkpt lat="54.776972" lon="24.72404">
        <ele>154.287691</ele>
      </trkpt>
      <trkpt lat="54.776873" lon="24.723965">
        <ele>154.018852</ele>
      </trkpt>
      <trkpt lat="54.776777" lon="24.723895">
        <ele>153.539423</ele>
      </trkpt>
      <trkpt lat="54.776682" lon="24.723827">
        <ele>153.066285</ele>
      </trkpt>
      <trkpt lat="54.776598" lon="24.723765">
        <ele>152.646007</ele>
      </trkpt>
      <trkpt lat="54.776519" lon="24.723662">
        <ele>152.190976</ele>
      </trkpt>
      <trkpt lat="54.776673" lon="24.723355">
        <ele>151.11068</ele>
      </trkpt>
      <trkpt lat="54.776736" lon="24.723237">
        <ele>150.683745</ele>
      </trkpt>
      <trkpt lat="54.776794" lon="24.723115">
        <ele>150.263959</ele>
      </trkpt>
      <trkpt lat="54.776852" lon="24.722976">
        <ele>149.808437</ele>
      </trkpt>
      <trkpt lat="54.77691" lon="24.722819">
        <ele>149.313402</ele>
      </trkpt>
      <trkpt lat="54.776961" lon="24.722657">
        <ele>148.823367</ele>
      </trkpt>
      <trkpt lat="54.777009" lon="24.722482">
        <ele>148.308853</ele>
      </trkpt>
      <trkpt lat="54.777056" lon="24.72232">
        <ele>147.82737</ele>
      </trkpt>
      <trkpt lat="54.777103" lon="24.72215">
        <ele>147.326821</ele>
      </trkpt>
      <trkpt lat="54.77715" lon="24.721971">
        <ele>146.804622</ele>
      </trkpt>
      <trkpt lat="54.777204" lon="24.721783">
        <ele>146.246984</ele>
      </trkpt>
      <trkpt lat="54.777259" lon="24.721595">
        <ele>145.693058</ele>
      </trkpt>
      <trkpt lat="54.77731" lon="24.721409">
        <ele>145.156654</ele>
      </trkpt>
      <trkpt lat="54.777364" lon="24.721234">
        <ele>144.639727</ele>
      </trkpt>
      <trkpt lat="54.777415" lon="24.721047">
        <ele>144.100971</ele>
      </trkpt>
      <trkpt lat="54.77747" lon="24.720853">
        <ele>143.537948</ele>
      </trkpt>
      <trkpt lat="54.777513" lon="24.720682">
        <ele>143.052083</ele>
      </trkpt>
      <trkpt lat="54.777557" lon="24.720531">
        <ele>142.611456</ele>
      </trkpt>
      <trkpt lat="54.777599" lon="24.720378">
        <ele>142.170129</ele>
      </trkpt>
      <trkpt lat="54.777646" lon="24.720226">
        <ele>141.720936</ele>
      </trkpt>
      <trkpt lat="54.777694" lon="24.720083">
        <ele>141.290006</ele>
      </trkpt>
      <trkpt lat="54.77774" lon="24.719932">
        <ele>140.845234</ele>
      </trkpt>
      <trkpt lat="54.777803" lon="24.719755">
        <ele>140.303516</ele>
      </trkpt>
      <trkpt lat="54.777877" lon="24.719561">
        <ele>139.697733</ele>
      </trkpt>
      <trkpt lat="54.777951" lon="24.719419">
        <ele>139.199283</ele>
      </trkpt>
      <trkpt lat="54.778031" lon="24.719255">
        <ele>138.639854</ele>
      </trkpt>
      <trkpt lat="54.77811" lon="24.719112">
        <ele>138.124117</ele>
      </trkpt>
      <trkpt lat="54.778182" lon="24.718963">
        <ele>137.723538</ele>
      </trkpt>
      <trkpt lat="54.778251" lon="24.718814">
        <ele>137.435935</ele>
      </trkpt>
      <trkpt lat="54.778326" lon="24.718685">
        <ele>137.160246</ele>
      </trkpt>
      <trkpt lat="54.778391" lon="24.718554">
        <ele>136.900154</ele>
      </trkpt>
      <trkpt lat="54.778453" lon="24.718423">
        <ele>136.6451</ele>
      </trkpt>
      <trkpt lat="54.778514" lon="24.718278">
        <ele>136.374974</ele>
      </trkpt>
      <trkpt lat="54.778572" lon="24.718157">
        <ele>136.138171</ele>
      </trkpt>
      <trkpt lat="54.778632" lon="24.718036">
        <ele>135.898</ele>
      </trkpt>
      <trkpt lat="54.778684" lon="24.717904">
        <ele>135.657407</ele>
      </trkpt>
      <trkpt lat="54.778755" lon="24.717697">
        <ele>135.294925</ele>
      </trkpt>
      <trkpt lat="54.778806" lon="24.71755">
        <ele>135.036733</ele>
      </trkpt>
      <trkpt lat="54.778857" lon="24.717407">
        <ele>134.783681</ele>
      </trkpt>
      <trkpt lat="54.778932" lon="24.717239">
        <ele>134.46393</ele>
      </trkpt>
      <trkpt lat="54.778993" lon="24.717101">
        <ele>134.202244</ele>
      </trkpt>
      <trkpt lat="54.779048" lon="24.716969">
        <ele>133.957152</ele>
      </trkpt>
      <trkpt lat="54.778997" lon="24.716817">
        <ele>133.692484</ele>
      </trkpt>
      <trkpt lat="54.778885" lon="24.716842">
        <ele>133.397793</ele>
      </trkpt>
      <trkpt lat="54.778761" lon="24.716868">
        <ele>133.113186</ele>
      </trkpt>
      <trkpt lat="54.778632" lon="24.716884">
        <ele>132.911709</ele>
      </trkpt>
      <trkpt lat="54.778496" lon="24.716924">
        <ele>132.696814</ele>
      </trkpt>
      <trkpt lat="54.778357" lon="24.71698">
        <ele>132.474504</ele>
      </trkpt>
      <trkpt lat="54.778222" lon="24.717042">
        <ele>132.256941</ele>
      </trkpt>
      <trkpt lat="54.778089" lon="24.717136">
        <ele>132.033194</ele>
      </trkpt>
      <trkpt lat="54.77795" lon="24.717231">
        <ele>131.800436</ele>
      </trkpt>
      <trkpt lat="54.777807" lon="24.717323">
        <ele>131.562822</ele>
      </trkpt>
      <trkpt lat="54.777674" lon="24.717412">
        <ele>131.340731</ele>
      </trkpt>
      <trkpt lat="54.777532" lon="24.71751">
        <ele>131.102636</ele>
      </trkpt>
      <trkpt lat="54.777388" lon="24.717602">
        <ele>130.86356</ele>
      </trkpt>
      <trkpt lat="54.777252" lon="24.717688">
        <ele>130.63804</ele>
      </trkpt>
      <trkpt lat="54.777118" lon="24.717776">
        <ele>130.414815</ele>
      </trkpt>
      <trkpt lat="54.776993" lon="24.71785">
        <ele>130.291596</ele>
      </trkpt>
      <trkpt lat="54.776875" lon="24.717931">
        <ele>130.193798</ele>
      </trkpt>
      <trkpt lat="54.776758" lon="24.718011">
        <ele>130.09688</ele>
      </trkpt>
      <trkpt lat="54.776642" lon="24.718099">
        <ele>129.999309</ele>
      </trkpt>
      <trkpt lat="54.776531" lon="24.718181">
        <ele>129.906332</ele>
      </trkpt>
      <trkpt lat="54.776409" lon="24.718247">
        <ele>129.807848</ele>
      </trkpt>
      <trkpt lat="54.776285" lon="24.718316">
        <ele>129.707494</ele>
      </trkpt>
      <trkpt lat="54.776159" lon="24.718372">
        <ele>129.607259</ele>
      </trkpt>
      <trkpt lat="54.776028" lon="24.718431">
        <ele>129.50296</ele>
      </trkpt>
      <trkpt lat="54.77589" lon="24.718479">
        <ele>129.394499</ele>
      </trkpt>
      <trkpt lat="54.775754" lon="24.71852">
        <ele>129.288125</ele>
      </trkpt>
      <trkpt lat="54.775637" lon="24.718534">
        <ele>129.19775</ele>
      </trkpt>
      <trkpt lat="54.775543" lon="24.71851">
        <ele>129.124533</ele>
      </trkpt>
      <trkpt lat="54.775441" lon="24.718438">
        <ele>129.039667</ele>
      </trkpt>
      <trkpt lat="54.77533" lon="24.71836">
        <ele>129.03629</ele>
      </trkpt>
      <trkpt lat="54.775208" lon="24.71825">
        <ele>129.171939</ele>
      </trkpt>
      <trkpt lat="54.775085" lon="24.718138">
        <ele>129.30899</ele>
      </trkpt>
      <trkpt lat="54.774959" lon="24.718032">
        <ele>129.447144</ele>
      </trkpt>
      <trkpt lat="54.774836" lon="24.717918">
        <ele>129.584728</ele>
      </trkpt>
      <trkpt lat="54.774719" lon="24.717795">
        <ele>129.719705</ele>
      </trkpt>
      <trkpt lat="54.774601" lon="24.7177">
        <ele>129.848045</ele>
      </trkpt>
      <trkpt lat="54.774493" lon="24.71761">
        <ele>129.966251</ele>
      </trkpt>
      <trkpt lat="54.774384" lon="24.717512">
        <ele>130.087374</ele>
      </trkpt>
      <trkpt lat="54.774284" lon="24.717409">
        <ele>130.202116</ele>
      </trkpt>
      <trkpt lat="54.774184" lon="24.717324">
        <ele>130.31198</ele>
      </trkpt>
      <trkpt lat="54.774098" lon="24.717262">
        <ele>130.403858</ele>
      </trkpt>
      <trkpt lat="54.774016" lon="24.717171">
        <ele>130.4999</ele>
      </trkpt>
      <trkpt lat="54.773906" lon="24.717072">
        <ele>130.622161</ele>
      </trkpt>
      <trkpt lat="54.773793" lon="24.716974">
        <ele>130.7468</ele>
      </trkpt>
      <trkpt lat="54.773691" lon="24.716881">
        <ele>130.643534</ele>
      </trkpt>
      <trkpt lat="54.773583" lon="24.71678">
        <ele>130.50151</ele>
      </trkpt>
      <trkpt lat="54.773473" lon="24.716675">
        <ele>130.356176</ele>
      </trkpt>
      <trkpt lat="54.773362" lon="24.716592">
        <ele>130.216267</ele>
      </trkpt>
      <trkpt lat="54.773237" lon="24.716502">
        <ele>130.059613</ele>
      </trkpt>
      <trkpt lat="54.7731" lon="24.716415">
        <ele>129.890749</ele>
      </trkpt>
      <trkpt lat="54.77297" lon="24.716349">
        <ele>129.73397</ele>
      </trkpt>
      <trkpt lat="54.772833" lon="24.716285">
        <ele>129.569753</ele>
      </trkpt>
      <trkpt lat="54.772697" lon="24.716231">
        <ele>129.408273</ele>
      </trkpt>
      <trkpt lat="54.772569" lon="24.716166">
        <ele>129.253903</ele>
      </trkpt>
      <trkpt lat="54.772439" lon="24.7161">
        <ele>129.097124</ele>
      </trkpt>
      <trkpt lat="54.772306" lon="24.716028">
        <ele>128.935862</ele>
      </trkpt>
      <trkpt lat="54.772176" lon="24.715962">
        <ele>128.779083</ele>
      </trkpt>
      <trkpt lat="54.772043" lon="24.715912">
        <ele>128.633475</ele>
      </trkpt>
      <trkpt lat="54.771913" lon="24.715876">
        <ele>128.51272</ele>
      </trkpt>
      <trkpt lat="54.771783" lon="24.715839">
        <ele>128.391881</ele>
      </trkpt>
      <trkpt lat="54.771667" lon="24.715809">
        <ele>128.284301</ele>
      </trkpt>
      <trkpt lat="54.771553" lon="24.715781">
        <ele>128.17869</ele>
      </trkpt>
      <trkpt lat="54.771447" lon="24.715754">
        <ele>128.080417</ele>
      </trkpt>
      <trkpt lat="54.771345" lon="24.715738">
        <ele>127.986475</ele>
      </trkpt>
      <trkpt lat="54.771221" lon="24.715847">
        <ele>127.858949</ele>
      </trkpt>
      <trkpt lat="54.771117" lon="24.715954">
        <ele>127.748019</ele>
      </trkpt>
      <trkpt lat="54.771001" lon="24.716028">
        <ele>127.634642</ele>
      </trkpt>
      <trkpt lat="54.770874" lon="24.716094">
        <ele>127.513029</ele>
      </trkpt>
      <trkpt lat="54.770742" lon="24.716167">
        <ele>127.38594</ele>
      </trkpt>
      <trkpt lat="54.770613" lon="24.716232">
        <ele>127.262717</ele>
      </trkpt>
      <trkpt lat="54.770485" lon="24.716303">
        <ele>127.139444</ele>
      </trkpt>
      <trkpt lat="54.770355" lon="24.716376">
        <ele>127.017891</ele>
      </trkpt>
      <trkpt lat="54.77022" lon="24.716466">
        <ele>126.91869</ele>
      </trkpt>
      <trkpt lat="54.770079" lon="24.716555">
        <ele>126.815774</ele>
      </trkpt>
      <trkpt lat="54.769943" lon="24.716647">
        <ele>126.715648</ele>
      </trkpt>
      <trkpt lat="54.769819" lon="24.71674">
        <ele>126.622984</ele>
      </trkpt>
      <trkpt lat="54.769689" lon="24.716841">
        <ele>126.525278</ele>
      </trkpt>
      <trkpt lat="54.769569" lon="24.716942">
        <ele>126.433788</ele>
      </trkpt>
      <trkpt lat="54.769434" lon="24.717053">
        <ele>126.331311</ele>
      </trkpt>
      <trkpt lat="54.769306" lon="24.717156">
        <ele>126.234525</ele>
      </trkpt>
      <trkpt lat="54.769176" lon="24.71726">
        <ele>126.136327</ele>
      </trkpt>
      <trkpt lat="54.769042" lon="24.71737">
        <ele>126.034639</ele>
      </trkpt>
      <trkpt lat="54.768918" lon="24.717471">
        <ele>125.940673</ele>
      </trkpt>
      <trkpt lat="54.768787" lon="24.717589">
        <ele>125.839421</ele>
      </trkpt>
      <trkpt lat="54.768647" lon="24.71771">
        <ele>125.890428</ele>
      </trkpt>
      <trkpt lat="54.768518" lon="24.717819">
        <ele>126.037784</ele>
      </trkpt>
      <trkpt lat="54.768384" lon="24.717919">
        <ele>126.187584</ele>
      </trkpt>
      <trkpt lat="54.768262" lon="24.718019">
        <ele>126.326153</ele>
      </trkpt>
      <trkpt lat="54.768141" lon="24.718134">
        <ele>126.467845</ele>
      </trkpt>
      <trkpt lat="54.768027" lon="24.718249">
        <ele>126.603279</ele>
      </trkpt>
      <trkpt lat="54.767919" lon="24.718373">
        <ele>126.736293</ele>
      </trkpt>
      <trkpt lat="54.76782" lon="24.718518">
        <ele>126.869374</ele>
      </trkpt>
      <trkpt lat="54.767725" lon="24.718677">
        <ele>127.004969</ele>
      </trkpt>
      <trkpt lat="54.767636" lon="24.71884">
        <ele>127.137912</ele>
      </trkpt>
      <trkpt lat="54.767545" lon="24.718987">
        <ele>127.265635</ele>
      </trkpt>
      <trkpt lat="54.767463" lon="24.719144">
        <ele>127.391088</ele>
      </trkpt>
      <trkpt lat="54.767372" lon="24.719301">
        <ele>127.52292</ele>
      </trkpt>
      <trkpt lat="54.767287" lon="24.719442">
        <ele>127.64166</ele>
      </trkpt>
      <trkpt lat="54.767186" lon="24.719573">
        <ele>127.573468</ele>
      </trkpt>
      <trkpt lat="54.767087" lon="24.719695">
        <ele>127.507804</ele>
      </trkpt>
      <trkpt lat="54.766985" lon="24.719781">
        <ele>127.446487</ele>
      </trkpt>
      <trkpt lat="54.766879" lon="24.719855">
        <ele>127.384713</ele>
      </trkpt>
      <trkpt lat="54.766766" lon="24.719902">
        <ele>127.321892</ele>
      </trkpt>
      <trkpt lat="54.766648" lon="24.71992">
        <ele>127.257857</ele>
      </trkpt>
      <trkpt lat="54.766524" lon="24.719905">
        <ele>127.190661</ele>
      </trkpt>
      <trkpt lat="54.766405" lon="24.719845">
        <ele>127.123666</ele>
      </trkpt>
      <trkpt lat="54.76628" lon="24.719749">
        <ele>127.049757</ele>
      </trkpt>
      <trkpt lat="54.766147" lon="24.71968">
        <ele>126.974708</ele>
      </trkpt>
      <trkpt lat="54.766022" lon="24.719586">
        <ele>126.901049</ele>
      </trkpt>
      <trkpt lat="54.765896" lon="24.719504">
        <ele>126.828293</ele>
      </trkpt>
      <trkpt lat="54.765765" lon="24.719423">
        <ele>126.753106</ele>
      </trkpt>
      <trkpt lat="54.765633" lon="24.719343">
        <ele>126.677512</ele>
      </trkpt>
      <trkpt lat="54.765499" lon="24.719257">
        <ele>126.759946</ele>
      </trkpt>
      <trkpt lat="54.765366" lon="24.719172">
        <ele>126.858657</ele>
      </trkpt>
      <trkpt lat="54.765226" lon="24.719078">
        <ele>126.963206</ele>
      </trkpt>
      <trkpt lat="54.765085" lon="24.718985">
        <ele>127.068262</ele>
      </trkpt>
      <trkpt lat="54.76494" lon="24.71889">
        <ele>127.176206</ele>
      </trkpt>
      <trkpt lat="54.764799" lon="24.718799">
        <ele>127.280979</ele>
      </trkpt>
      <trkpt lat="54.764663" lon="24.718708">
        <ele>127.382496</ele>
      </trkpt>
      <trkpt lat="54.764528" lon="24.718624">
        <ele>127.482378</ele>
      </trkpt>
      <trkpt lat="54.7644" lon="24.718544">
        <ele>127.57713</ele>
      </trkpt>
      <trkpt lat="54.764276" lon="24.718468">
        <ele>127.668719</ele>
      </trkpt>
      <trkpt lat="54.764147" lon="24.718398">
        <ele>127.762849</ele>
      </trkpt>
      <trkpt lat="54.764026" lon="24.718332">
        <ele>127.851182</ele>
      </trkpt>
      <trkpt lat="54.763891" lon="24.718283">
        <ele>127.943669</ele>
      </trkpt>
      <trkpt lat="54.763755" lon="24.718247">
        <ele>128.025647</ele>
      </trkpt>
      <trkpt lat="54.763616" lon="24.718232">
        <ele>128.108632</ele>
      </trkpt>
      <trkpt lat="54.763487" lon="24.718221">
        <ele>128.185592</ele>
      </trkpt>
      <trkpt lat="54.763368" lon="24.718204">
        <ele>128.25674</ele>
      </trkpt>
      <trkpt lat="54.763247" lon="24.718198">
        <ele>128.32887</ele>
      </trkpt>
      <trkpt lat="54.763126" lon="24.718189">
        <ele>128.401036</ele>
      </trkpt>
      <trkpt lat="54.763003" lon="24.718174">
        <ele>128.474508</ele>
      </trkpt>
      <trkpt lat="54.762881" lon="24.718154">
        <ele>128.547528</ele>
      </trkpt>
      <trkpt lat="54.762759" lon="24.718124">
        <ele>128.620952</ele>
      </trkpt>
      <trkpt lat="54.762647" lon="24.718093">
        <ele>128.688535</ele>
      </trkpt>
      <trkpt lat="54.762527" lon="24.718063">
        <ele>128.760778</ele>
      </trkpt>
      <trkpt lat="54.762409" lon="24.718019">
        <ele>128.832699</ele>
      </trkpt>
      <trkpt lat="54.762304" lon="24.717965">
        <ele>128.897961</ele>
      </trkpt>
      <trkpt lat="54.762172" lon="24.717918">
        <ele>128.978258</ele>
      </trkpt>
      <trkpt lat="54.762049" lon="24.717847">
        <ele>128.951434</ele>
      </trkpt>
      <trkpt lat="54.76195" lon="24.717827">
        <ele>128.909831</ele>
      </trkpt>
      <trkpt lat="54.761874" lon="24.717932">
        <ele>128.869262</ele>
      </trkpt>
      <trkpt lat="54.761823" lon="24.718071">
        <ele>128.82959</ele>
      </trkpt>
      <trkpt lat="54.761767" lon="24.718217">
        <ele>128.787367</ele>
      </trkpt>
      <trkpt lat="54.761693" lon="24.718353">
        <ele>128.742346</ele>
      </trkpt>
      <trkpt lat="54.761625" lon="24.718481">
        <ele>128.700441</ele>
      </trkpt>
      <trkpt lat="54.761555" lon="24.718611">
        <ele>128.657616</ele>
      </trkpt>
      <trkpt lat="54.761492" lon="24.718739">
        <ele>128.617096</ele>
      </trkpt>
      <trkpt lat="54.761427" lon="24.718865">
        <ele>128.57639</ele>
      </trkpt>
      <trkpt lat="54.761375" lon="24.719009">
        <ele>128.535477</ele>
      </trkpt>
      <trkpt lat="54.761326" lon="24.719153">
        <ele>128.495214</ele>
      </trkpt>
      <trkpt lat="54.761284" lon="24.71931">
        <ele>128.453536</ele>
      </trkpt>
      <trkpt lat="54.761247" lon="24.719462">
        <ele>128.413803</ele>
      </trkpt>
      <trkpt lat="54.761222" lon="24.719623">
        <ele>128.373648</ele>
      </trkpt>
      <trkpt lat="54.761204" lon="24.719796">
        <ele>128.331311</ele>
      </trkpt>
      <trkpt lat="54.761185" lon="24.719979">
        <ele>128.286529</ele>
      </trkpt>
      <trkpt lat="54.76117" lon="24.720167">
        <ele>128.265648</ele>
      </trkpt>
      <trkpt lat="54.761153" lon="24.720348">
        <ele>128.626011</ele>
      </trkpt>
      <trkpt lat="54.761133" lon="24.720525">
        <ele>128.980439</ele>
      </trkpt>
      <trkpt lat="54.761122" lon="24.720683">
        <ele>129.293176</ele>
      </trkpt>
      <trkpt lat="54.761095" lon="24.720922">
        <ele>129.771751</ele>
      </trkpt>
      <trkpt lat="54.761074" lon="24.721079">
        <ele>130.088453</ele>
      </trkpt>
      <trkpt lat="54.761051" lon="24.721242">
        <ele>130.418202</ele>
      </trkpt>
      <trkpt lat="54.761017" lon="24.721397">
        <ele>130.744061</ele>
      </trkpt>
      <trkpt lat="54.760982" lon="24.721551">
        <ele>131.069317</ele>
      </trkpt>
      <trkpt lat="54.760943" lon="24.721756">
        <ele>131.493495</ele>
      </trkpt>
      <trkpt lat="54.760929" lon="24.721959">
        <ele>131.895251</ele>
      </trkpt>
      <trkpt lat="54.760936" lon="24.722128">
        <ele>132.228207</ele>
      </trkpt>
      <trkpt lat="54.760949" lon="24.722336">
        <ele>132.63934</ele>
      </trkpt>
      <trkpt lat="54.760955" lon="24.722533">
        <ele>133.027003</ele>
      </trkpt>
      <trkpt lat="54.760948" lon="24.722746">
        <ele>133.446248</ele>
      </trkpt>
      <trkpt lat="54.760936" lon="24.722905">
        <ele>133.761361</ele>
      </trkpt>
      <trkpt lat="54.760931" lon="24.723069">
        <ele>134.084088</ele>
      </trkpt>
      <trkpt lat="54.760919" lon="24.723286">
        <ele>134.627517</ele>
      </trkpt>
      <trkpt lat="54.760897" lon="24.723479">
        <ele>135.324828</ele>
      </trkpt>
      <trkpt lat="54.760847" lon="24.723685">
        <ele>136.11697</ele>
      </trkpt>
      <trkpt lat="54.760798" lon="24.723818">
        <ele>136.676295</ele>
      </trkpt>
      <trkpt lat="54.760708" lon="24.724">
        <ele>137.525901</ele>
      </trkpt>
      <trkpt lat="54.760621" lon="24.724184">
        <ele>138.369104</ele>
      </trkpt>
      <trkpt lat="54.760567" lon="24.724326">
        <ele>138.971911</ele>
      </trkpt>
      <trkpt lat="54.760514" lon="24.724458">
        <ele>139.541924</ele>
      </trkpt>
      <trkpt lat="54.76047" lon="24.724615">
        <ele>140.160587</ele>
      </trkpt>
      <trkpt lat="54.76042" lon="24.724772">
        <ele>140.796219</ele>
      </trkpt>
      <trkpt lat="54.76037" lon="24.724931">
        <ele>141.438068</ele>
      </trkpt>
      <trkpt lat="54.760316" lon="24.725082">
        <ele>142.067759</ele>
      </trkpt>
      <trkpt lat="54.76026" lon="24.725229">
        <ele>142.692129</ele>
      </trkpt>
      <trkpt lat="54.760192" lon="24.72541">
        <ele>143.457704</ele>
      </trkpt>
      <trkpt lat="54.760111" lon="24.725583">
        <ele>144.247402</ele>
      </trkpt>
      <trkpt lat="54.760031" lon="24.725738">
        <ele>144.984539</ele>
      </trkpt>
      <trkpt lat="54.759949" lon="24.725876">
        <ele>145.61195</ele>
      </trkpt>
      <trkpt lat="54.759862" lon="24.725963">
        <ele>146.056993</ele>
      </trkpt>
      <trkpt lat="54.759733" lon="24.726011">
        <ele>146.641585</ele>
      </trkpt>
      <trkpt lat="54.759641" lon="24.726018">
        <ele>147.049608</ele>
      </trkpt>
      <trkpt lat="54.7595" lon="24.726007">
        <ele>147.674977</ele>
      </trkpt>
      <trkpt lat="54.759404" lon="24.726001">
        <ele>148.100606</ele>
      </trkpt>
      <trkpt lat="54.759308" lon="24.72601">
        <ele>148.52658</ele>
      </trkpt>
      <trkpt lat="54.759206" lon="24.726027">
        <ele>148.980602</ele>
      </trkpt>
      <trkpt lat="54.75911" lon="24.726042">
        <ele>149.40768</ele>
      </trkpt>
      <trkpt lat="54.75901" lon="24.726056">
        <ele>149.852199</ele>
      </trkpt>
      <trkpt lat="54.758918" lon="24.726067">
        <ele>150.260797</ele>
      </trkpt>
      <trkpt lat="54.758793" lon="24.726045">
        <ele>150.817491</ele>
      </trkpt>
      <trkpt lat="54.758706" lon="24.725989">
        <ele>151.228696</ele>
      </trkpt>
      <trkpt lat="54.758635" lon="24.725847">
        <ele>151.709074</ele>
      </trkpt>
      <trkpt lat="54.758587" lon="24.7257">
        <ele>152.140904</ele>
      </trkpt>
      <trkpt lat="54.758512" lon="24.725514">
        <ele>152.721044</ele>
      </trkpt>
      <trkpt lat="54.758442" lon="24.725402">
        <ele>153.143168</ele>
      </trkpt>
      <trkpt lat="54.758371" lon="24.72527">
        <ele>153.390604</ele>
      </trkpt>
      <trkpt lat="54.758306" lon="24.72515">
        <ele>153.395849</ele>
      </trkpt>
      <trkpt lat="54.75819" lon="24.725015">
        <ele>153.403565</ele>
      </trkpt>
      <trkpt lat="54.758091" lon="24.724977">
        <ele>153.409165</ele>
      </trkpt>
      <trkpt lat="54.75797" lon="24.724996">
        <ele>153.415874</ele>
      </trkpt>
      <trkpt lat="54.757861" lon="24.725047">
        <ele>153.422109</ele>
      </trkpt>
      <trkpt lat="54.75774" lon="24.725127">
        <ele>153.42926</ele>
      </trkpt>
      <trkpt lat="54.757658" lon="24.725209">
        <ele>153.434488</ele>
      </trkpt>
      <trkpt lat="54.75757" lon="24.725284">
        <ele>153.439904</ele>
      </trkpt>
      <trkpt lat="54.757486" lon="24.72537">
        <ele>153.445291</ele>
      </trkpt>
      <trkpt lat="54.757394" lon="24.72545">
        <ele>153.450976</ele>
      </trkpt>
      <trkpt lat="54.75731" lon="24.725524">
        <ele>153.456179</ele>
      </trkpt>
      <trkpt lat="54.757222" lon="24.725576">
        <ele>153.461313</ele>
      </trkpt>
      <trkpt lat="54.757094" lon="24.725601">
        <ele>153.468427</ele>
      </trkpt>
      <trkpt lat="54.756976" lon="24.725543">
        <ele>153.4752</ele>
      </trkpt>
      <trkpt lat="54.756893" lon="24.725477">
        <ele>153.480243</ele>
      </trkpt>
      <trkpt lat="54.756804" lon="24.725398">
        <ele>153.485765</ele>
      </trkpt>
      <trkpt lat="54.756717" lon="24.725334">
        <ele>153.461249</ele>
      </trkpt>
      <trkpt lat="54.756623" lon="24.725283">
        <ele>153.423609</ele>
      </trkpt>
      <trkpt lat="54.756525" lon="24.72526">
        <ele>153.385818</ele>
      </trkpt>
      <trkpt lat="54.756418" lon="24.725277">
        <ele>153.344758</ele>
      </trkpt>
      <trkpt lat="54.756312" lon="24.725288">
        <ele>153.304179</ele>
      </trkpt>
      <trkpt lat="54.756218" lon="24.72529">
        <ele>153.268256</ele>
      </trkpt>
      <trkpt lat="54.756125" lon="24.725311">
        <ele>153.232417</ele>
      </trkpt>
      <trkpt lat="54.756027" lon="24.725324">
        <ele>153.194858</ele>
      </trkpt>
      <trkpt lat="54.755925" lon="24.725341">
        <ele>153.155701</ele>
      </trkpt>
      <trkpt lat="54.755816" lon="24.725344">
        <ele>153.114043</ele>
      </trkpt>
      <trkpt lat="54.755718" lon="24.725356">
        <ele>153.076501</ele>
      </trkpt>
      <trkpt lat="54.755616" lon="24.725358">
        <ele>153.03752</ele>
      </trkpt>
      <trkpt lat="54.755523" lon="24.725352">
        <ele>153.001957</ele>
      </trkpt>
      <trkpt lat="54.755406" lon="24.725358">
        <ele>152.957228</ele>
      </trkpt>
      <trkpt lat="54.755277" lon="24.725395">
        <ele>152.907262</ele>
      </trkpt>
      <trkpt lat="54.755185" lon="24.725418">
        <ele>152.871742</ele>
      </trkpt>
      <trkpt lat="54.755082" lon="24.725441">
        <ele>152.832057</ele>
      </trkpt>
      <trkpt lat="54.754982" lon="24.725465">
        <ele>152.883329</ele>
      </trkpt>
      <trkpt lat="54.754886" lon="24.725491">
        <ele>153.365163</ele>
      </trkpt>
      <trkpt lat="54.754761" lon="24.725598">
        <ele>154.05653</ele>
      </trkpt>
      <trkpt lat="54.754686" lon="24.725708">
        <ele>154.54378</ele>
      </trkpt>
      <trkpt lat="54.754599" lon="24.725785">
        <ele>155.028219</ele>
      </trkpt>
      <trkpt lat="54.75449" lon="24.725838">
        <ele>155.589616</ele>
      </trkpt>
      <trkpt lat="54.75436" lon="24.7258">
        <ele>156.243381</ele>
      </trkpt>
      <trkpt lat="54.754254" lon="24.725808">
        <ele>156.769523</ele>
      </trkpt>
      <trkpt lat="54.75414" lon="24.725846">
        <ele>157.345203</ele>
      </trkpt>
      <trkpt lat="54.754034" lon="24.725864">
        <ele>157.873365</ele>
      </trkpt>
      <trkpt lat="54.753923" lon="24.725826">
        <ele>158.434443</ele>
      </trkpt>
      <trkpt lat="54.753823" lon="24.725792">
        <ele>158.939789</ele>
      </trkpt>
      <trkpt lat="54.753709" lon="24.725832">
        <ele>159.516577</ele>
      </trkpt>
      <trkpt lat="54.753616" lon="24.725871">
        <ele>159.991068</ele>
      </trkpt>
      <trkpt lat="54.753525" lon="24.725961">
        <ele>160.510657</ele>
      </trkpt>
      <trkpt lat="54.753415" lon="24.726074">
        <ele>161.144788</ele>
      </trkpt>
      <trkpt lat="54.753331" lon="24.726138">
        <ele>161.599824</ele>
      </trkpt>
      <trkpt lat="54.753243" lon="24.726196">
        <ele>161.73572</ele>
      </trkpt>
      <trkpt lat="54.753145" lon="24.726243">
        <ele>161.759677</ele>
      </trkpt>
      <trkpt lat="54.753054" lon="24.726274">
        <ele>161.781527</ele>
      </trkpt>
      <trkpt lat="54.752919" lon="24.726297">
        <ele>161.813487</ele>
      </trkpt>
      <trkpt lat="54.75279" lon="24.726304">
        <ele>161.843894</ele>
      </trkpt>
      <trkpt lat="54.752663" lon="24.7263">
        <ele>161.87382</ele>
      </trkpt>
      <trkpt lat="54.752539" lon="24.726311">
        <ele>161.903073</ele>
      </trkpt>
      <trkpt lat="54.752419" lon="24.726351">
        <ele>161.931863</ele>
      </trkpt>
      <trkpt lat="54.752297" lon="24.726416">
        <ele>161.961935</ele>
      </trkpt>
      <trkpt lat="54.75217" lon="24.726466">
        <ele>161.992618</ele>
      </trkpt>
      <trkpt lat="54.752063" lon="24.726531">
        <ele>162.019332</ele>
      </trkpt>
      <trkpt lat="54.751954" lon="24.726632">
        <ele>162.048454</ele>
      </trkpt>
      <trkpt lat="54.751878" lon="24.726719">
        <ele>162.069914</ele>
      </trkpt>
      <trkpt lat="54.751796" lon="24.726832">
        <ele>162.094598</ele>
      </trkpt>
      <trkpt lat="54.751708" lon="24.726937">
        <ele>162.119771</ele>
      </trkpt>
      <trkpt lat="54.751625" lon="24.72702">
        <ele>162.142349</ele>
      </trkpt>
      <trkpt lat="54.751542" lon="24.727094">
        <ele>162.35625</ele>
      </trkpt>
      <trkpt lat="54.751433" lon="24.7272">
        <ele>162.65017</ele>
      </trkpt>
      <trkpt lat="54.751329" lon="24.727279">
        <ele>162.917193</ele>
      </trkpt>
      <trkpt lat="54.751086" lon="24.727559">
        <ele>163.603415</ele>
      </trkpt>
      <trkpt lat="54.751014" lon="24.727686">
        <ele>163.845015</ele>
      </trkpt>
      <trkpt lat="54.750958" lon="24.727872">
        <ele>164.129722</ele>
      </trkpt>
      <trkpt lat="54.750898" lon="24.728008">
        <ele>164.362039</ele>
      </trkpt>
      <trkpt lat="54.750823" lon="24.728132">
        <ele>164.605806</ele>
      </trkpt>
      <trkpt lat="54.750738" lon="24.728226">
        <ele>164.842922</ele>
      </trkpt>
      <trkpt lat="54.750634" lon="24.728303">
        <ele>165.108867</ele>
      </trkpt>
      <trkpt lat="54.750533" lon="24.728386">
        <ele>165.371725</ele>
      </trkpt>
      <trkpt lat="54.750424" lon="24.728469">
        <ele>165.651696</ele>
      </trkpt>
      <trkpt lat="54.750316" lon="24.72857">
        <ele>165.940286</ele>
      </trkpt>
      <trkpt lat="54.750203" lon="24.72869">
        <ele>166.251939</ele>
      </trkpt>
      <trkpt lat="54.750099" lon="24.728829">
        <ele>166.341272</ele>
      </trkpt>
      <trkpt lat="54.75001" lon="24.72898">
        <ele>166.292789</ele>
      </trkpt>
      <trkpt lat="54.749923" lon="24.729132">
        <ele>166.244699</ele>
      </trkpt>
      <trkpt lat="54.749833" lon="24.729289">
        <ele>166.19499</ele>
      </trkpt>
      <trkpt lat="54.749748" lon="24.729447">
        <ele>166.146468</ele>
      </trkpt>
      <trkpt lat="54.749678" lon="24.729627">
        <ele>166.097709</ele>
      </trkpt>
      <trkpt lat="54.749632" lon="24.729843">
        <ele>166.045988</ele>
      </trkpt>
      <trkpt lat="54.749584" lon="24.730038">
        <ele>165.998365</ele>
      </trkpt>
      <trkpt lat="54.749541" lon="24.730189">
        <ele>165.96054</ele>
      </trkpt>
      <trkpt lat="54.749492" lon="24.730341">
        <ele>165.921428</ele>
      </trkpt>
      <trkpt lat="54.74945" lon="24.730484">
        <ele>165.885384</ele>
      </trkpt>
      <trkpt lat="54.749384" lon="24.73068">
        <ele>165.834407</ele>
      </trkpt>
      <trkpt lat="54.749314" lon="24.730857">
        <ele>165.786206</ele>
      </trkpt>
      <trkpt lat="54.749216" lon="24.731002">
        <ele>165.736046</ele>
      </trkpt>
      <trkpt lat="54.749107" lon="24.731093">
        <ele>165.688952</ele>
      </trkpt>
      <trkpt lat="54.749004" lon="24.731196">
        <ele>165.714209</ele>
      </trkpt>
      <trkpt lat="54.748936" lon="24.731345">
        <ele>165.774325</ele>
      </trkpt>
      <trkpt lat="54.748879" lon="24.731487">
        <ele>165.829066</ele>
      </trkpt>
      <trkpt lat="54.74882" lon="24.73168">
        <ele>165.898185</ele>
      </trkpt>
      <trkpt lat="54.748796" lon="24.731832">
        <ele>165.948058</ele>
      </trkpt>
      <trkpt lat="54.748783" lon="24.731997">
        <ele>166.000761</ele>
      </trkpt>
      <trkpt lat="54.748762" lon="24.732182">
        <ele>166.060432</ele>
      </trkpt>
      <trkpt lat="54.748745" lon="24.732368">
        <ele>166.120031</ele>
      </trkpt>
      <trkpt lat="54.748721" lon="24.732556">
        <ele>166.180967</ele>
      </trkpt>
      <trkpt lat="54.74868" lon="24.732721">
        <ele>166.237821</ele>
      </trkpt>
      <trkpt lat="54.74863" lon="24.73288">
        <ele>166.295126</ele>
      </trkpt>
      <trkpt lat="54.748568" lon="24.733029">
        <ele>166.353259</ele>
      </trkpt>
      <trkpt lat="54.748508" lon="24.733165">
        <ele>166.407435</ele>
      </trkpt>
      <trkpt lat="54.748449" lon="24.733302">
        <ele>166.461533</ele>
      </trkpt>
      <trkpt lat="54.748388" lon="24.733452">
        <ele>166.519605</ele>
      </trkpt>
      <trkpt lat="54.748328" lon="24.733597">
        <ele>166.576071</ele>
      </trkpt>
      <trkpt lat="54.748258" lon="24.73374">
        <ele>166.635413</ele>
      </trkpt>
      <trkpt lat="54.748186" lon="24.7339">
        <ele>166.70832</ele>
      </trkpt>
      <trkpt lat="54.748117" lon="24.734066">
        <ele>166.7868</ele>
      </trkpt>
      <trkpt lat="54.748064" lon="24.73421">
        <ele>166.85232</ele>
      </trkpt>
      <trkpt lat="54.748015" lon="24.734365">
        <ele>166.920119</ele>
      </trkpt>
      <trkpt lat="54.747969" lon="24.734531">
        <ele>166.990762</ele>
      </trkpt>
      <trkpt lat="54.747917" lon="24.734687">
        <ele>167.059873</ele>
      </trkpt>
      <trkpt lat="54.747859" lon="24.734863">
        <ele>167.137624</ele>
      </trkpt>
      <trkpt lat="54.747795" lon="24.735062">
        <ele>167.22502</ele>
      </trkpt>
      <trkpt lat="54.74773" lon="24.735257">
        <ele>167.311409</ele>
      </trkpt>
      <trkpt lat="54.747666" lon="24.735436">
        <ele>167.392189</ele>
      </trkpt>
      <trkpt lat="54.747601" lon="24.735605">
        <ele>167.470101</ele>
      </trkpt>
      <trkpt lat="54.747531" lon="24.73578">
        <ele>167.551785</ele>
      </trkpt>
      <trkpt lat="54.747467" lon="24.73596">
        <ele>167.632891</ele>
      </trkpt>
      <trkpt lat="54.747398" lon="24.736129">
        <ele>167.712308</ele>
      </trkpt>
      <trkpt lat="54.747331" lon="24.736295">
        <ele>167.790019</ele>
      </trkpt>
      <trkpt lat="54.747263" lon="24.736458">
        <ele>167.903424</ele>
      </trkpt>
      <trkpt lat="54.747206" lon="24.736611">
        <ele>168.167775</ele>
      </trkpt>
      <trkpt lat="54.747139" lon="24.736755">
        <ele>168.436275</ele>
      </trkpt>
      <trkpt lat="54.747081" lon="24.736901">
        <ele>168.693565</ele>
      </trkpt>
      <trkpt lat="54.747036" lon="24.737052">
        <ele>168.94026</ele>
      </trkpt>
      <trkpt lat="54.747002" lon="24.73722">
        <ele>169.198696</ele>
      </trkpt>
      <trkpt lat="54.746982" lon="24.737384">
        <ele>169.442024</ele>
      </trkpt>
      <trkpt lat="54.746979" lon="24.737546">
        <ele>169.677315</ele>
      </trkpt>
      <trkpt lat="54.746977" lon="24.73771">
        <ele>169.91544</ele>
      </trkpt>
      <trkpt lat="54.746984" lon="24.737868">
        <ele>170.145478</ele>
      </trkpt>
      <trkpt lat="54.746988" lon="24.738036">
        <ele>170.389564</ele>
      </trkpt>
      <trkpt lat="54.746997" lon="24.738212">
        <ele>170.646058</ele>
      </trkpt>
      <trkpt lat="54.747" lon="24.738383">
        <ele>170.894407</ele>
      </trkpt>
      <trkpt lat="54.747009" lon="24.738544">
        <ele>171.129218</ele>
      </trkpt>
      <trkpt lat="54.747023" lon="24.738699">
        <ele>171.356963</ele>
      </trkpt>
      <trkpt lat="54.747044" lon="24.738867">
        <ele>171.606496</ele>
      </trkpt>
      <trkpt lat="54.74705" lon="24.739074">
        <ele>171.907368</ele>
      </trkpt>
      <trkpt lat="54.747048" lon="24.739239">
        <ele>172.146945</ele>
      </trkpt>
      <trkpt lat="54.747051" lon="24.739444">
        <ele>172.304726</ele>
      </trkpt>
      <trkpt lat="54.746977" lon="24.739578">
        <ele>172.009927</ele>
      </trkpt>
      <trkpt lat="54.746878" lon="24.739686">
        <ele>171.687729</ele>
      </trkpt>
      <trkpt lat="54.746773" lon="24.739816">
        <ele>171.332305</ele>
      </trkpt>
      <trkpt lat="54.746704" lon="24.739917">
        <ele>171.083532</ele>
      </trkpt>
      <trkpt lat="54.746629" lon="24.740026">
        <ele>170.813928</ele>
      </trkpt>
      <trkpt lat="54.746554" lon="24.740149">
        <ele>170.52951</ele>
      </trkpt>
      <trkpt lat="54.746472" lon="24.740272">
        <ele>170.230797</ele>
      </trkpt>
      <trkpt lat="54.746391" lon="24.740391">
        <ele>169.938312</ele>
      </trkpt>
      <trkpt lat="54.746319" lon="24.740512">
        <ele>169.662058</ele>
      </trkpt>
      <trkpt lat="54.74625" lon="24.740628">
        <ele>169.397268</ele>
      </trkpt>
      <trkpt lat="54.746154" lon="24.740789">
        <ele>169.029298</ele>
      </trkpt>
      <trkpt lat="54.746088" lon="24.740912">
        <ele>168.762334</ele>
      </trkpt>
      <trkpt lat="54.746012" lon="24.741072">
        <ele>168.432941</ele>
      </trkpt>
      <trkpt lat="54.745947" lon="24.741232">
        <ele>168.121917</ele>
      </trkpt>
      <trkpt lat="54.745878" lon="24.741398">
        <ele>167.796733</ele>
      </trkpt>
      <trkpt lat="54.745808" lon="24.741561">
        <ele>167.47377</ele>
      </trkpt>
      <trkpt lat="54.745738" lon="24.74172">
        <ele>166.753493</ele>
      </trkpt>
      <trkpt lat="54.745673" lon="24.741863">
        <ele>166.030376</ele>
      </trkpt>
      <trkpt lat="54.745615" lon="24.742007">
        <ele>165.332779</ele>
      </trkpt>
      <trkpt lat="54.745561" lon="24.742136">
        <ele>164.699701</ele>
      </trkpt>
      <trkpt lat="54.745504" lon="24.74229">
        <ele>163.972907</ele>
      </trkpt>
      <trkpt lat="54.745449" lon="24.74243">
        <ele>163.300111</ele>
      </trkpt>
      <trkpt lat="54.745382" lon="24.742577">
        <ele>162.555988</ele>
      </trkpt>
      <trkpt lat="54.745315" lon="24.74271">
        <ele>161.854669</ele>
      </trkpt>
      <trkpt lat="54.745234" lon="24.742835">
        <ele>161.108057</ele>
      </trkpt>
      <trkpt lat="54.745158" lon="24.742953">
        <ele>160.405636</ele>
      </trkpt>
      <trkpt lat="54.745062" lon="24.743052">
        <ele>159.636687</ele>
      </trkpt>
      <trkpt lat="54.744963" lon="24.743125">
        <ele>158.896138</ele>
      </trkpt>
      <trkpt lat="54.744851" lon="24.743157">
        <ele>158.114852</ele>
      </trkpt>
      <trkpt lat="54.744732" lon="24.743151">
        <ele>157.295453</ele>
      </trkpt>
      <trkpt lat="54.74461" lon="24.743113">
        <ele>156.442288</ele>
      </trkpt>
      <trkpt lat="54.744499" lon="24.743081">
        <ele>155.667793</ele>
      </trkpt>
      <trkpt lat="54.744384" lon="24.743042">
        <ele>154.920709</ele>
      </trkpt>
      <trkpt lat="54.744251" lon="24.743001">
        <ele>154.292437</ele>
      </trkpt>
      <trkpt lat="54.744159" lon="24.742975">
        <ele>153.858909</ele>
      </trkpt>
      <trkpt lat="54.744047" lon="24.742947">
        <ele>153.332625</ele>
      </trkpt>
      <trkpt lat="54.743944" lon="24.742927">
        <ele>152.850594</ele>
      </trkpt>
      <trkpt lat="54.743821" lon="24.742886">
        <ele>152.268054</ele>
      </trkpt>
      <trkpt lat="54.7437" lon="24.742847">
        <ele>151.695652</ele>
      </trkpt>
      <trkpt lat="54.7436" lon="24.742818">
        <ele>151.224101</ele>
      </trkpt>
      <trkpt lat="54.743499" lon="24.742788">
        <ele>150.747517</ele>
      </trkpt>
      <trkpt lat="54.743398" lon="24.742756">
        <ele>150.269996</ele>
      </trkpt>
      <trkpt lat="54.743286" lon="24.742722">
        <ele>149.741171</ele>
      </trkpt>
      <trkpt lat="54.743187" lon="24.742688">
        <ele>149.271782</ele>
      </trkpt>
      <trkpt lat="54.743083" lon="24.742655">
        <ele>148.780053</ele>
      </trkpt>
      <trkpt lat="54.742962" lon="24.742623">
        <ele>148.210788</ele>
      </trkpt>
      <trkpt lat="54.742839" lon="24.742594">
        <ele>147.633467</ele>
      </trkpt>
      <trkpt lat="54.742721" lon="24.742563">
        <ele>147.0784</ele>
      </trkpt>
      <trkpt lat="54.742599" lon="24.742533">
        <ele>146.62272</ele>
      </trkpt>
      <trkpt lat="54.742493" lon="24.742503">
        <ele>146.459899</ele>
      </trkpt>
      <trkpt lat="54.742377" lon="24.742469">
        <ele>146.281549</ele>
      </trkpt>
      <trkpt lat="54.742269" lon="24.742435">
        <ele>146.115145</ele>
      </trkpt>
      <trkpt lat="54.742163" lon="24.742403">
        <ele>145.952032</ele>
      </trkpt>
      <trkpt lat="54.742069" lon="24.742374">
        <ele>145.80729</ele>
      </trkpt>
      <trkpt lat="54.741975" lon="24.742336">
        <ele>145.660962</ele>
      </trkpt>
      <trkpt lat="54.741867" lon="24.742303">
        <ele>145.494712</ele>
      </trkpt>
      <trkpt lat="54.741776" lon="24.742261">
        <ele>145.351948</ele>
      </trkpt>
      <trkpt lat="54.741681" lon="24.742236">
        <ele>145.20628</ele>
      </trkpt>
      <trkpt lat="54.741589" lon="24.742236">
        <ele>145.066812</ele>
      </trkpt>
      <trkpt lat="54.741495" lon="24.74226">
        <ele>144.922773</ele>
      </trkpt>
      <trkpt lat="54.741391" lon="24.74233">
        <ele>144.753632</ele>
      </trkpt>
      <trkpt lat="54.741303" lon="24.742395">
        <ele>144.608607</ele>
      </trkpt>
      <trkpt lat="54.7412" lon="24.742477">
        <ele>144.436764</ele>
      </trkpt>
      <trkpt lat="54.741091" lon="24.742567">
        <ele>144.253715</ele>
      </trkpt>
      <trkpt lat="54.741008" lon="24.742629">
        <ele>144.116691</ele>
      </trkpt>
      <trkpt lat="54.740923" lon="24.7427">
        <ele>143.973637</ele>
      </trkpt>
      <trkpt lat="54.740815" lon="24.742786">
        <ele>144.106018</ele>
      </trkpt>
      <trkpt lat="54.74071" lon="24.742911">
        <ele>144.291631</ele>
      </trkpt>
      <trkpt lat="54.740627" lon="24.743071">
        <ele>144.472543</ele>
      </trkpt>
      <trkpt lat="54.740578" lon="24.743209">
        <ele>144.608802</ele>
      </trkpt>
      <trkpt lat="54.740543" lon="24.743354">
        <ele>144.740981</ele>
      </trkpt>
      <trkpt lat="54.740489" lon="24.743565">
        <ele>144.935095</ele>
      </trkpt>
      <trkpt lat="54.740445" lon="24.743721">
        <ele>145.081117</ele>
      </trkpt>
      <trkpt lat="54.740412" lon="24.743872">
        <ele>145.216908</ele>
      </trkpt>
      <trkpt lat="54.740382" lon="24.744024">
        <ele>145.35201</ele>
      </trkpt>
      <trkpt lat="54.740349" lon="24.744193">
        <ele>145.502054</ele>
      </trkpt>
      <trkpt lat="54.740314" lon="24.744343">
        <ele>145.638124</ele>
      </trkpt>
      <trkpt lat="54.740272" lon="24.7445">
        <ele>145.783654</ele>
      </trkpt>
      <trkpt lat="54.74024" lon="24.74466">
        <ele>145.926066</ele>
      </trkpt>
      <trkpt lat="54.740209" lon="24.74481">
        <ele>146.060062</ele>
      </trkpt>
      <trkpt lat="54.740179" lon="24.744958">
        <ele>146.191985</ele>
      </trkpt>
      <trkpt lat="54.740132" lon="24.745175">
        <ele>146.386911</ele>
      </trkpt>
      <trkpt lat="54.740095" lon="24.745335">
        <ele>146.531872</ele>
      </trkpt>
      <trkpt lat="54.740053" lon="24.74554">
        <ele>146.50168</ele>
      </trkpt>
      <trkpt lat="54.740008" lon="24.745688">
        <ele>146.430578</ele>
      </trkpt>
      <trkpt lat="54.739931" lon="24.745868">
        <ele>146.335349</ele>
      </trkpt>
      <trkpt lat="54.739875" lon="24.746016">
        <ele>146.260131</ele>
      </trkpt>
      <trkpt lat="54.739813" lon="24.746169">
        <ele>146.180673</ele>
      </trkpt>
      <trkpt lat="54.739746" lon="24.74632">
        <ele>146.099719</ele>
      </trkpt>
      <trkpt lat="54.739679" lon="24.74648">
        <ele>146.0157</ele>
      </trkpt>
      <trkpt lat="54.739623" lon="24.746633">
        <ele>145.938695</ele>
      </trkpt>
      <trkpt lat="54.739563" lon="24.746774">
        <ele>145.864237</ele>
      </trkpt>
      <trkpt lat="54.739505" lon="24.746923">
        <ele>145.787849</ele>
      </trkpt>
      <trkpt lat="54.739436" lon="24.747056">
        <ele>145.71184</ele>
      </trkpt>
      <trkpt lat="54.739379" lon="24.747179">
        <ele>145.644795</ele>
      </trkpt>
      <trkpt lat="54.739293" lon="24.747348">
        <ele>145.549033</ele>
      </trkpt>
      <trkpt lat="54.739239" lon="24.747476">
        <ele>145.481644</ele>
      </trkpt>
      <trkpt lat="54.739174" lon="24.74759">
        <ele>145.413535</ele>
      </trkpt>
      <trkpt lat="54.739109" lon="24.747718">
        <ele>145.341071</ele>
      </trkpt>
      <trkpt lat="54.73904" lon="24.747829">
        <ele>145.271735</ele>
      </trkpt>
      <trkpt lat="54.738957" lon="24.747951">
        <ele>145.306672</ele>
      </trkpt>
      <trkpt lat="54.73887" lon="24.748076">
        <ele>145.390641</ele>
      </trkpt>
      <trkpt lat="54.738785" lon="24.748204">
        <ele>145.474311</ele>
      </trkpt>
      <trkpt lat="54.738712" lon="24.748306">
        <ele>145.543985</ele>
      </trkpt>
      <trkpt lat="54.73864" lon="24.748408">
        <ele>145.613082</ele>
      </trkpt>
      <trkpt lat="54.738551" lon="24.748546">
        <ele>145.701818</ele>
      </trkpt>
      <trkpt lat="54.73846" lon="24.748689">
        <ele>145.793093</ele>
      </trkpt>
      <trkpt lat="54.738365" lon="24.748844">
        <ele>145.890044</ele>
      </trkpt>
      <trkpt lat="54.7383" lon="24.748953">
        <ele>145.957252</ele>
      </trkpt>
      <trkpt lat="54.738221" lon="24.7491">
        <ele>146.043384</ele>
      </trkpt>
      <trkpt lat="54.738137" lon="24.749227">
        <ele>146.126213</ele>
      </trkpt>
      <trkpt lat="54.738034" lon="24.74939">
        <ele>146.229854</ele>
      </trkpt>
      <trkpt lat="54.73796" lon="24.749513">
        <ele>146.306043</ele>
      </trkpt>
      <trkpt lat="54.737887" lon="24.749645">
        <ele>146.384438</ele>
      </trkpt>
      <trkpt lat="54.737817" lon="24.749784">
        <ele>146.463545</ele>
      </trkpt>
      <trkpt lat="54.737743" lon="24.749958">
        <ele>146.556232</ele>
      </trkpt>
      <trkpt lat="54.737657" lon="24.750129">
        <ele>146.517148</ele>
      </trkpt>
      <trkpt lat="54.737594" lon="24.750267">
        <ele>146.442315</ele>
      </trkpt>
      <trkpt lat="54.737535" lon="24.750413">
        <ele>146.366511</ele>
      </trkpt>
      <trkpt lat="54.737475" lon="24.750564">
        <ele>146.28854</ele>
      </trkpt>
      <trkpt lat="54.737414" lon="24.750732">
        <ele>146.204122</ele>
      </trkpt>
      <trkpt lat="54.737364" lon="24.75089">
        <ele>146.127481</ele>
      </trkpt>
      <trkpt lat="54.737323" lon="24.751047">
        <ele>146.054186</ele>
      </trkpt>
      <trkpt lat="54.737278" lon="24.75121">
        <ele>145.977333</ele>
      </trkpt>
      <trkpt lat="54.737231" lon="24.75138">
        <ele>145.897158</ele>
      </trkpt>
      <trkpt lat="54.737193" lon="24.751555">
        <ele>145.81763</ele>
      </trkpt>
      <trkpt lat="54.737169" lon="24.751725">
        <ele>145.743188</ele>
      </trkpt>
      <trkpt lat="54.737143" lon="24.75188">
        <ele>145.674531</ele>
      </trkpt>
      <trkpt lat="54.737094" lon="24.752093">
        <ele>145.577001</ele>
      </trkpt>
      <trkpt lat="54.73705" lon="24.752273">
        <ele>145.493856</ele>
      </trkpt>
      <trkpt lat="54.736998" lon="24.752472">
        <ele>145.400943</ele>
      </trkpt>
      <trkpt lat="54.736962" lon="24.752622">
        <ele>145.331845</ele>
      </trkpt>
      <trkpt lat="54.736915" lon="24.752801">
        <ele>145.235488</ele>
      </trkpt>
      <trkpt lat="54.736859" lon="24.753009">
        <ele>145.031328</ele>
      </trkpt>
      <trkpt lat="54.736803" lon="24.7532">
        <ele>144.840766</ele>
      </trkpt>
      <trkpt lat="54.73675" lon="24.753425">
        <ele>144.624595</ele>
      </trkpt>
      <trkpt lat="54.736712" lon="24.753588">
        <ele>144.46822</ele>
      </trkpt>
      <trkpt lat="54.736675" lon="24.753762">
        <ele>144.30327</ele>
      </trkpt>
      <trkpt lat="54.736634" lon="24.753938">
        <ele>144.134441</ele>
      </trkpt>
      <trkpt lat="54.736583" lon="24.754133">
        <ele>143.944005</ele>
      </trkpt>
      <trkpt lat="54.736535" lon="24.754328">
        <ele>143.75543</ele>
      </trkpt>
      <trkpt lat="54.736499" lon="24.754501">
        <ele>143.591843</ele>
      </trkpt>
      <trkpt lat="54.736456" lon="24.754667">
        <ele>143.429991</ele>
      </trkpt>
      <trkpt lat="54.736414" lon="24.754847">
        <ele>143.257285</ele>
      </trkpt>
      <trkpt lat="54.736377" lon="24.755031">
        <ele>143.083958</ele>
      </trkpt>
      <trkpt lat="54.736347" lon="24.755198">
        <ele>142.928374</ele>
      </trkpt>
      <trkpt lat="54.736324" lon="24.755429">
        <ele>142.719848</ele>
      </trkpt>
      <trkpt lat="54.736319" lon="24.755609">
        <ele>142.559539</ele>
      </trkpt>
      <trkpt lat="54.736334" lon="24.755814">
        <ele>142.446009</ele>
      </trkpt>
      <trkpt lat="54.736366" lon="24.756002">
        <ele>142.380354</ele>
      </trkpt>
      <trkpt lat="54.736398" lon="24.756194">
        <ele>142.313413</ele>
      </trkpt>
      <trkpt lat="54.736426" lon="24.756365">
        <ele>142.253873</ele>
      </trkpt>
      <trkpt lat="54.736453" lon="24.756539">
        <ele>142.193519</ele>
      </trkpt>
      <trkpt lat="54.736491" lon="24.756726">
        <ele>142.127112</ele>
      </trkpt>
      <trkpt lat="54.736525" lon="24.756916">
        <ele>142.06048</ele>
      </trkpt>
      <trkpt lat="54.736558" lon="24.757105">
        <ele>141.994338</ele>
      </trkpt>
      <trkpt lat="54.736594" lon="24.757277">
        <ele>141.933053</ele>
      </trkpt>
      <trkpt lat="54.736631" lon="24.757475">
        <ele>141.863341</ele>
      </trkpt>
      <trkpt lat="54.736663" lon="24.757662">
        <ele>141.798007</ele>
      </trkpt>
      <trkpt lat="54.736701" lon="24.757837">
        <ele>141.735378</ele>
      </trkpt>
      <trkpt lat="54.736743" lon="24.758008">
        <ele>141.67313</ele>
      </trkpt>
      <trkpt lat="54.736772" lon="24.75816">
        <ele>141.619506</ele>
      </trkpt>
      <trkpt lat="54.73681" lon="24.758331">
        <ele>141.558129</ele>
      </trkpt>
      <trkpt lat="54.736846" lon="24.758521">
        <ele>141.491145</ele>
      </trkpt>
      <trkpt lat="54.736878" lon="24.758712">
        <ele>141.481073</ele>
      </trkpt>
      <trkpt lat="54.736907" lon="24.758874">
        <ele>141.582059</ele>
      </trkpt>
      <trkpt lat="54.736935" lon="24.759027">
        <ele>141.677623</ele>
      </trkpt>
      <trkpt lat="54.736973" lon="24.75919">
        <ele>141.782288</ele>
      </trkpt>
      <trkpt lat="54.736998" lon="24.759368">
        <ele>141.891361</ele>
      </trkpt>
      <trkpt lat="54.737005" lon="24.759537">
        <ele>141.992243</ele>
      </trkpt>
      <trkpt lat="54.736997" lon="24.759708">
        <ele>142.094391</ele>
      </trkpt>
      <trkpt lat="54.736981" lon="24.759889">
        <ele>142.203415</ele>
      </trkpt>
      <trkpt lat="54.736964" lon="24.760069">
        <ele>142.312012</ele>
      </trkpt>
      <trkpt lat="54.736937" lon="24.76024">
        <ele>142.417565</ele>
      </trkpt>
      <trkpt lat="54.73691" lon="24.760407">
        <ele>142.520823</ele>
      </trkpt>
      <trkpt lat="54.736886" lon="24.760592">
        <ele>142.633719</ele>
      </trkpt>
      <trkpt lat="54.736853" lon="24.760787">
        <ele>142.754709</ele>
      </trkpt>
      <trkpt lat="54.736819" lon="24.760999">
        <ele>142.885715</ele>
      </trkpt>
      <trkpt lat="54.736788" lon="24.761207">
        <ele>143.013619</ele>
      </trkpt>
      <trkpt lat="54.736755" lon="24.761413">
        <ele>143.140907</ele>
      </trkpt>
      <trkpt lat="54.736719" lon="24.761614">
        <ele>143.26621</ele>
      </trkpt>
      <trkpt lat="54.736678" lon="24.761806">
        <ele>143.315044</ele>
      </trkpt>
      <trkpt lat="54.736645" lon="24.761996">
        <ele>143.335402</ele>
      </trkpt>
      <trkpt lat="54.736608" lon="24.762201">
        <ele>143.35744</ele>
      </trkpt>
      <trkpt lat="54.736579" lon="24.762394">
        <ele>143.377902</ele>
      </trkpt>
      <trkpt lat="54.73655" lon="24.762568">
        <ele>143.396484</ele>
      </trkpt>
      <trkpt lat="54.736516" lon="24.76274">
        <ele>143.415138</ele>
      </trkpt>
      <trkpt lat="54.736482" lon="24.762914">
        <ele>143.433986</ele>
      </trkpt>
      <trkpt lat="54.736444" lon="24.763089">
        <ele>143.45317</ele>
      </trkpt>
      <trkpt lat="54.736415" lon="24.763241">
        <ele>143.469595</ele>
      </trkpt>
      <trkpt lat="54.736348" lon="24.763434">
        <ele>143.492702</ele>
      </trkpt>
      <trkpt lat="54.736268" lon="24.763627">
        <ele>143.51708</ele>
      </trkpt>
      <trkpt lat="54.736205" lon="24.763774">
        <ele>143.535865</ele>
      </trkpt>
      <trkpt lat="54.736145" lon="24.763914">
        <ele>143.553755</ele>
      </trkpt>
      <trkpt lat="54.736081" lon="24.764057">
        <ele>143.572319</ele>
      </trkpt>
      <trkpt lat="54.73601" lon="24.764208">
        <ele>143.592301</ele>
      </trkpt>
      <trkpt lat="54.735944" lon="24.764369">
        <ele>143.612561</ele>
      </trkpt>
      <trkpt lat="54.73588" lon="24.764521">
        <ele>143.681104</ele>
      </trkpt>
      <trkpt lat="54.735817" lon="24.764648">
        <ele>143.766643</ele>
      </trkpt>
      <trkpt lat="54.735756" lon="24.764784">
        <ele>143.854623</ele>
      </trkpt>
      <trkpt lat="54.735695" lon="24.76493">
        <ele>143.946691</ele>
      </trkpt>
      <trkpt lat="54.735624" lon="24.765078">
        <ele>144.044993</ele>
      </trkpt>
      <trkpt lat="54.735554" lon="24.765224">
        <ele>144.141945</ele>
      </trkpt>
      <trkpt lat="54.735485" lon="24.765381">
        <ele>144.242745</ele>
      </trkpt>
      <trkpt lat="54.735416" lon="24.765544">
        <ele>144.346001</ele>
      </trkpt>
      <trkpt lat="54.735348" lon="24.7657">
        <ele>144.445859</ele>
      </trkpt>
      <trkpt lat="54.735276" lon="24.765862">
        <ele>144.550302</ele>
      </trkpt>
      <trkpt lat="54.735205" lon="24.766015">
        <ele>144.650583</ele>
      </trkpt>
      <trkpt lat="54.735142" lon="24.766173">
        <ele>144.748679</ele>
      </trkpt>
      <trkpt lat="54.735075" lon="24.766333">
        <ele>144.849655</ele>
      </trkpt>
      <trkpt lat="54.735007" lon="24.766482">
        <ele>144.946684</ele>
      </trkpt>
      <trkpt lat="54.734941" lon="24.76664">
        <ele>145.046313</ele>
      </trkpt>
      <trkpt lat="54.734887" lon="24.766802">
        <ele>145.141877</ele>
      </trkpt>
      <trkpt lat="54.734854" lon="24.766963">
        <ele>145.282558</ele>
      </trkpt>
      <trkpt lat="54.734839" lon="24.76712">
        <ele>145.603087</ele>
      </trkpt>
      <trkpt lat="54.734846" lon="24.767275">
        <ele>145.916242</ele>
      </trkpt>
      <trkpt lat="54.734865" lon="24.767444">
        <ele>146.263035</ele>
      </trkpt>
      <trkpt lat="54.734909" lon="24.767583">
        <ele>146.582326</ele>
      </trkpt>
      <trkpt lat="54.735004" lon="24.767762">
        <ele>147.072049</ele>
      </trkpt>
      <trkpt lat="54.735083" lon="24.767864">
        <ele>147.4158</ele>
      </trkpt>
      <trkpt lat="54.735186" lon="24.768007">
        <ele>147.876319</ele>
      </trkpt>
      <trkpt lat="54.735282" lon="24.768143">
        <ele>148.308986</ele>
      </trkpt>
      <trkpt lat="54.735376" lon="24.768277">
        <ele>148.733703</ele>
      </trkpt>
      <trkpt lat="54.735464" lon="24.768416">
        <ele>149.149192</ele>
      </trkpt>
      <trkpt lat="54.735552" lon="24.76855">
        <ele>149.557963</ele>
      </trkpt>
      <trkpt lat="54.73564" lon="24.768693">
        <ele>149.978923</ele>
      </trkpt>
      <trkpt lat="54.735716" lon="24.768814">
        <ele>150.339052</ele>
      </trkpt>
      <trkpt lat="54.7358" lon="24.768931">
        <ele>150.715096</ele>
      </trkpt>
      <trkpt lat="54.735882" lon="24.76905">
        <ele>151.088302</ele>
      </trkpt>
      <trkpt lat="54.735969" lon="24.769183">
        <ele>151.488447</ele>
      </trkpt>
      <trkpt lat="54.736072" lon="24.769334">
        <ele>151.658322</ele>
      </trkpt>
      <trkpt lat="54.73614" lon="24.769441">
        <ele>151.773976</ele>
      </trkpt>
      <trkpt lat="54.736211" lon="24.769544">
        <ele>151.890564</ele>
      </trkpt>
      <trkpt lat="54.736274" lon="24.769667">
        <ele>152.01007</ele>
      </trkpt>
      <trkpt lat="54.736353" lon="24.769787">
        <ele>152.142347</ele>
      </trkpt>
      <trkpt lat="54.736433" lon="24.769895">
        <ele>152.270034</ele>
      </trkpt>
      <trkpt lat="54.736514" lon="24.770019">
        <ele>152.406121</ele>
      </trkpt>
      <trkpt lat="54.736585" lon="24.770129">
        <ele>152.526039</ele>
      </trkpt>
      <trkpt lat="54.73668" lon="24.770265">
        <ele>152.681193</ele>
      </trkpt>
      <trkpt lat="54.736754" lon="24.770361">
        <ele>152.797582</ele>
      </trkpt>
      <trkpt lat="54.736823" lon="24.770468">
        <ele>152.91417</ele>
      </trkpt>
      <trkpt lat="54.736924" lon="24.770612">
        <ele>153.078849</ele>
      </trkpt>
      <trkpt lat="54.737005" lon="24.770722">
        <ele>153.208422</ele>
      </trkpt>
      <trkpt lat="54.737077" lon="24.770838">
        <ele>153.332209</ele>
      </trkpt>
      <trkpt lat="54.73715" lon="24.770949">
        <ele>153.454493</ele>
      </trkpt>
      <trkpt lat="54.737244" lon="24.771097">
        <ele>153.614409</ele>
      </trkpt>
      <trkpt lat="54.737332" lon="24.771244">
        <ele>153.757354</ele>
      </trkpt>
      <trkpt lat="54.737397" lon="24.771387">
        <ele>153.81014</ele>
      </trkpt>
      <trkpt lat="54.73741" lon="24.771556">
        <ele>153.859588</ele>
      </trkpt>
      <trkpt lat="54.737373" lon="24.771743">
        <ele>153.916921</ele>
      </trkpt>
      <trkpt lat="54.737294" lon="24.771912">
        <ele>153.979989</ele>
      </trkpt>
      <trkpt lat="54.737235" lon="24.772053">
        <ele>154.030495</ele>
      </trkpt>
      <trkpt lat="54.737173" lon="24.772196">
        <ele>154.082363</ele>
      </trkpt>
      <trkpt lat="54.737114" lon="24.772338">
        <ele>154.133104</ele>
      </trkpt>
      <trkpt lat="54.737046" lon="24.772487">
        <ele>154.18819</ele>
      </trkpt>
      <trkpt lat="54.736983" lon="24.772631">
        <ele>154.240592</ele>
      </trkpt>
      <trkpt lat="54.736924" lon="24.77278">
        <ele>154.292995</ele>
      </trkpt>
      <trkpt lat="54.736868" lon="24.77292">
        <ele>154.342393</ele>
      </trkpt>
      <trkpt lat="54.736795" lon="24.773115">
        <ele>154.409799</ele>
      </trkpt>
      <trkpt lat="54.736757" lon="24.773274">
        <ele>154.45971</ele>
      </trkpt>
      <trkpt lat="54.736719" lon="24.773433">
        <ele>154.50962</ele>
      </trkpt>
      <trkpt lat="54.73669" lon="24.773589">
        <ele>154.557153</ele>
      </trkpt>
      <trkpt lat="54.73666" lon="24.773744">
        <ele>154.604568</ele>
      </trkpt>
      <trkpt lat="54.736635" lon="24.773906">
        <ele>154.653203</ele>
      </trkpt>
      <trkpt lat="54.736609" lon="24.774065">
        <ele>154.797978</ele>
      </trkpt>
      <trkpt lat="54.736577" lon="24.774251">
        <ele>154.969101</ele>
      </trkpt>
      <trkpt lat="54.736549" lon="24.774426">
        <ele>155.129213</ele>
      </trkpt>
      <trkpt lat="54.736527" lon="24.774596">
        <ele>155.282821</ele>
      </trkpt>
      <trkpt lat="54.736501" lon="24.77475">
        <ele>155.42429</ele>
      </trkpt>
      <trkpt lat="54.736471" lon="24.774975">
        <ele>155.627894</ele>
      </trkpt>
      <trkpt lat="54.736452" lon="24.775134">
        <ele>155.771056</ele>
      </trkpt>
      <trkpt lat="54.736434" lon="24.775293">
        <ele>155.913916</ele>
      </trkpt>
      <trkpt lat="54.736398" lon="24.775511">
        <ele>156.113835</ele>
      </trkpt>
      <trkpt lat="54.736373" lon="24.775668">
        <ele>156.25743</ele>
      </trkpt>
      <trkpt lat="54.736338" lon="24.775824">
        <ele>156.404997</ele>
      </trkpt>
      <trkpt lat="54.736309" lon="24.775985">
        <ele>156.553699</ele>
      </trkpt>
      <trkpt lat="54.736281" lon="24.776143">
        <ele>156.699424</ele>
      </trkpt>
      <trkpt lat="54.736245" lon="24.776309">
        <ele>156.855772</ele>
      </trkpt>
      <trkpt lat="54.736207" lon="24.776468">
        <ele>157.0075</ele>
      </trkpt>
      <trkpt lat="54.736165" lon="24.776631">
        <ele>157.164881</ele>
      </trkpt>
      <trkpt lat="54.736116" lon="24.776795">
        <ele>157.327697</ele>
      </trkpt>
      <trkpt lat="54.736069" lon="24.776953">
        <ele>157.545599</ele>
      </trkpt>
      <trkpt lat="54.73602" lon="24.77711">
        <ele>157.817725</ele>
      </trkpt>
      <trkpt lat="54.735978" lon="24.777267">
        <ele>158.081561</ele>
      </trkpt>
      <trkpt lat="54.735924" lon="24.777407">
        <ele>158.338283</ele>
      </trkpt>
      <trkpt lat="54.73587" lon="24.777543">
        <ele>158.589957</ele>
      </trkpt>
      <trkpt lat="54.735829" lon="24.777683">
        <ele>158.829316</ele>
      </trkpt>
      <trkpt lat="54.73578" lon="24.777827">
        <ele>159.08418</ele>
      </trkpt>
      <trkpt lat="54.735727" lon="24.77798">
        <ele>159.356239</ele>
      </trkpt>
      <trkpt lat="54.73567" lon="24.778139">
        <ele>159.641611</ele>
      </trkpt>
      <trkpt lat="54.735615" lon="24.778312">
        <ele>159.942744</ele>
      </trkpt>
      <trkpt lat="54.735565" lon="24.77847">
        <ele>160.217474</ele>
      </trkpt>
      <trkpt lat="54.735519" lon="24.778627">
        <ele>160.485925</ele>
      </trkpt>
      <trkpt lat="54.735478" lon="24.778773">
        <ele>160.733479</ele>
      </trkpt>
      <trkpt lat="54.735435" lon="24.778937">
        <ele>161.008121</ele>
      </trkpt>
      <trkpt lat="54.735388" lon="24.779081">
        <ele>161.260346</ele>
      </trkpt>
      <trkpt lat="54.735341" lon="24.779257">
        <ele>161.556023</ele>
      </trkpt>
      <trkpt lat="54.735295" lon="24.779439">
        <ele>161.85896</ele>
      </trkpt>
      <trkpt lat="54.735261" lon="24.779613">
        <ele>162.139055</ele>
      </trkpt>
      <trkpt lat="54.735231" lon="24.779779">
        <ele>162.413281</ele>
      </trkpt>
      <trkpt lat="54.735208" lon="24.779933">
        <ele>162.664437</ele>
      </trkpt>
      <trkpt lat="54.735207" lon="24.780103">
        <ele>162.932866</ele>
      </trkpt>
      <trkpt lat="54.735221" lon="24.780271">
        <ele>163.200871</ele>
      </trkpt>
      <trkpt lat="54.735256" lon="24.78042">
        <ele>163.454855</ele>
      </trkpt>
      <trkpt lat="54.735305" lon="24.780556">
        <ele>163.707967</ele>
      </trkpt>
      <trkpt lat="54.735361" lon="24.780697">
        <ele>163.978181</ele>
      </trkpt>
      <trkpt lat="54.735416" lon="24.780827">
        <ele>164.232649</ele>
      </trkpt>
      <trkpt lat="54.735472" lon="24.780982">
        <ele>164.521346</ele>
      </trkpt>
      <trkpt lat="54.735535" lon="24.781137">
        <ele>164.820637</ele>
      </trkpt>
      <trkpt lat="54.735597" lon="24.781275">
        <ele>165.096723</ele>
      </trkpt>
      <trkpt lat="54.73565" lon="24.781419">
        <ele>165.366354</ele>
      </trkpt>
      <trkpt lat="54.735706" lon="24.781564">
        <ele>165.641792</ele>
      </trkpt>
      <trkpt lat="54.735764" lon="24.781705">
        <ele>165.915141</ele>
      </trkpt>
      <trkpt lat="54.735813" lon="24.781839">
        <ele>166.165578</ele>
      </trkpt>
      <trkpt lat="54.735866" lon="24.781979">
        <ele>166.429904</ele>
      </trkpt>
      <trkpt lat="54.735925" lon="24.782135">
        <ele>166.724353</ele>
      </trkpt>
      <trkpt lat="54.735984" lon="24.782292">
        <ele>167.020123</ele>
      </trkpt>
      <trkpt lat="54.736036" lon="24.782429">
        <ele>167.010731</ele>
      </trkpt>
      <trkpt lat="54.736099" lon="24.782574">
        <ele>166.930367</ele>
      </trkpt>
      <trkpt lat="54.73616" lon="24.782725">
        <ele>166.848754</ele>
      </trkpt>
      <trkpt lat="54.736211" lon="24.782865">
        <ele>166.775446</ele>
      </trkpt>
      <trkpt lat="54.73626" lon="24.783011">
        <ele>166.700661</ele>
      </trkpt>
      <trkpt lat="54.736309" lon="24.783158">
        <ele>166.625492</ele>
      </trkpt>
      <trkpt lat="54.736361" lon="24.783296">
        <ele>166.552515</ele>
      </trkpt>
      <trkpt lat="54.736417" lon="24.78343">
        <ele>166.47926</ele>
      </trkpt>
      <trkpt lat="54.736482" lon="24.783562">
        <ele>166.402431</ele>
      </trkpt>
      <trkpt lat="54.736558" lon="24.783686">
        <ele>166.322346</ele>
      </trkpt>
      <trkpt lat="54.736628" lon="24.783822">
        <ele>166.241661</ele>
      </trkpt>
      <trkpt lat="54.736688" lon="24.783945">
        <ele>166.170352</ele>
      </trkpt>
      <trkpt lat="54.736787" lon="24.784114">
        <ele>166.063734</ele>
      </trkpt>
      <trkpt lat="54.736856" lon="24.784233">
        <ele>165.989048</ele>
      </trkpt>
      <trkpt lat="54.736916" lon="24.784378">
        <ele>165.910047</ele>
      </trkpt>
      <trkpt lat="54.736961" lon="24.78455">
        <ele>165.826423</ele>
      </trkpt>
      <trkpt lat="54.736997" lon="24.78472">
        <ele>165.746237</ele>
      </trkpt>
      <trkpt lat="54.737025" lon="24.78491">
        <ele>165.750037</ele>
      </trkpt>
      <trkpt lat="54.737048" lon="24.785103">
        <ele>165.922405</ele>
      </trkpt>
      <trkpt lat="54.737071" lon="24.7853">
        <ele>166.098201</ele>
      </trkpt>
      <trkpt lat="54.73709" lon="24.785523">
        <ele>166.295362</ele>
      </trkpt>
      <trkpt lat="54.737103" lon="24.785741">
        <ele>166.487052</ele>
      </trkpt>
      <trkpt lat="54.737113" lon="24.785952">
        <ele>166.672225</ele>
      </trkpt>
      <trkpt lat="54.737125" lon="24.786142">
        <ele>166.839401</ele>
      </trkpt>
      <trkpt lat="54.737134" lon="24.786306">
        <ele>166.983491</ele>
      </trkpt>
      <trkpt lat="54.737151" lon="24.786533">
        <ele>167.183702</ele>
      </trkpt>
      <trkpt lat="54.737155" lon="24.786707">
        <ele>167.336013</ele>
      </trkpt>
      <trkpt lat="54.737134" lon="24.78686">
        <ele>167.473565</ele>
      </trkpt>
      <trkpt lat="54.737036" lon="24.786912">
        <ele>167.628846</ele>
      </trkpt>
      <trkpt lat="54.736919" lon="24.786902">
        <ele>167.806317</ele>
      </trkpt>
      <trkpt lat="54.73679" lon="24.786923">
        <ele>168.002614</ele>
      </trkpt>
      <trkpt lat="54.73669" lon="24.786938">
        <ele>168.154682</ele>
      </trkpt>
      <trkpt lat="54.736582" lon="24.786969">
        <ele>168.320534</ele>
      </trkpt>
      <trkpt lat="54.736482" lon="24.786998">
        <ele>168.569218</ele>
      </trkpt>
      <trkpt lat="54.736382" lon="24.787016">
        <ele>168.96565</ele>
      </trkpt>
      <trkpt lat="54.736269" lon="24.787038">
        <ele>169.414024</ele>
      </trkpt>
      <trkpt lat="54.736155" lon="24.78707">
        <ele>169.869399</ele>
      </trkpt>
      <trkpt lat="54.736021" lon="24.787099">
        <ele>170.401881</ele>
      </trkpt>
      <trkpt lat="54.735894" lon="24.787141">
        <ele>170.911698</ele>
      </trkpt>
      <trkpt lat="54.735767" lon="24.787176">
        <ele>171.418768</ele>
      </trkpt>
      <trkpt lat="54.735637" lon="24.787218">
        <ele>171.94021</ele>
      </trkpt>
      <trkpt lat="54.735508" lon="24.787263">
        <ele>172.459081</ele>
      </trkpt>
      <trkpt lat="54.735362" lon="24.787314">
        <ele>173.046362</ele>
      </trkpt>
      <trkpt lat="54.735214" lon="24.787373">
        <ele>173.645195</ele>
      </trkpt>
      <trkpt lat="54.735076" lon="24.787441">
        <ele>174.210933</ele>
      </trkpt>
      <trkpt lat="54.734942" lon="24.787511">
        <ele>174.762814</ele>
      </trkpt>
      <trkpt lat="54.734795" lon="24.787575">
        <ele>175.360479</ele>
      </trkpt>
      <trkpt lat="54.73465" lon="24.787661">
        <ele>175.594783</ele>
      </trkpt>
      <trkpt lat="54.734497" lon="24.787743">
        <ele>175.715854</ele>
      </trkpt>
      <trkpt lat="54.734345" lon="24.78782">
        <ele>175.835573</ele>
      </trkpt>
      <trkpt lat="54.734196" lon="24.787877">
        <ele>175.950924</ele>
      </trkpt>
      <trkpt lat="54.734047" lon="24.78792">
        <ele>176.065113</ele>
      </trkpt>
      <trkpt lat="54.733897" lon="24.787938">
        <ele>176.178778</ele>
      </trkpt>
      <trkpt lat="54.733751" lon="24.787949">
        <ele>176.289251</ele>
      </trkpt>
      <trkpt lat="54.733607" lon="24.787962">
        <ele>176.398255</ele>
      </trkpt>
      <trkpt lat="54.733458" lon="24.787961">
        <ele>176.510893</ele>
      </trkpt>
      <trkpt lat="54.733308" lon="24.787954">
        <ele>176.624326</ele>
      </trkpt>
      <trkpt lat="54.73316" lon="24.787954">
        <ele>176.736207</ele>
      </trkpt>
      <trkpt lat="54.733021" lon="24.787953">
        <ele>176.841285</ele>
      </trkpt>
      <trkpt lat="54.732874" lon="24.787972">
        <ele>176.664018</ele>
      </trkpt>
      <trkpt lat="54.732729" lon="24.788007">
        <ele>176.403249</ele>
      </trkpt>
      <trkpt lat="54.732585" lon="24.788047">
        <ele>176.143479</ele>
      </trkpt>
      <trkpt lat="54.732444" lon="24.788087">
        <ele>175.888984</ele>
      </trkpt>
      <trkpt lat="54.732301" lon="24.788138">
        <ele>175.628929</ele>
      </trkpt>
      <trkpt lat="54.732156" lon="24.788192">
        <ele>175.364752</ele>
      </trkpt>
      <trkpt lat="54.732017" lon="24.788244">
        <ele>175.111456</ele>
      </trkpt>
      <trkpt lat="54.731876" lon="24.788307">
        <ele>174.852084</ele>
      </trkpt>
      <trkpt lat="54.731739" lon="24.788384">
        <ele>174.595533</ele>
      </trkpt>
      <trkpt lat="54.731605" lon="24.788464">
        <ele>174.343069</ele>
      </trkpt>
      <trkpt lat="54.731468" lon="24.788559">
        <ele>174.080212</ele>
      </trkpt>
      <trkpt lat="54.731342" lon="24.788657">
        <ele>173.834188</ele>
      </trkpt>
      <trkpt lat="54.731231" lon="24.788774">
        <ele>173.661039</ele>
      </trkpt>
      <trkpt lat="54.731121" lon="24.788899">
        <ele>173.653533</ele>
      </trkpt>
      <trkpt lat="54.73102" lon="24.789046">
        <ele>173.646006</ele>
      </trkpt>
      <trkpt lat="54.730915" lon="24.78921">
        <ele>173.637939</ele>
      </trkpt>
      <trkpt lat="54.730804" lon="24.789378">
        <ele>173.629528</ele>
      </trkpt>
      <trkpt lat="54.730687" lon="24.78957">
        <ele>173.620332</ele>
      </trkpt>
      <trkpt lat="54.730568" lon="24.789763">
        <ele>173.611031</ele>
      </trkpt>
      <trkpt lat="54.730451" lon="24.789933">
        <ele>173.602317</ele>
      </trkpt>
      <trkpt lat="54.730355" lon="24.790109">
        <ele>173.594341</ele>
      </trkpt>
      <trkpt lat="54.730251" lon="24.790269">
        <ele>173.586405</ele>
      </trkpt>
      <trkpt lat="54.730149" lon="24.790429">
        <ele>173.578553</ele>
      </trkpt>
      <trkpt lat="54.730039" lon="24.790593">
        <ele>173.570272</ele>
      </trkpt>
      <trkpt lat="54.72993" lon="24.79077">
        <ele>173.561747</ele>
      </trkpt>
      <trkpt lat="54.729818" lon="24.790935">
        <ele>173.545287</ele>
      </trkpt>
      <trkpt lat="54.729706" lon="24.791106">
        <ele>173.526936</ele>
      </trkpt>
      <trkpt lat="54.7296" lon="24.791265">
        <ele>173.509701</ele>
      </trkpt>
      <trkpt lat="54.729497" lon="24.791408">
        <ele>173.493476</ele>
      </trkpt>
      <trkpt lat="54.729395" lon="24.791541">
        <ele>173.477784</ele>
      </trkpt>
      <trkpt lat="54.729297" lon="24.791657">
        <ele>173.463195</ele>
      </trkpt>
      <trkpt lat="54.729199" lon="24.791758">
        <ele>173.449179</ele>
      </trkpt>
      <trkpt lat="54.729094" lon="24.791854">
        <ele>173.434586</ele>
      </trkpt>
      <trkpt lat="54.729026" lon="24.791959">
        <ele>173.423389</ele>
      </trkpt>
      <trkpt lat="54.729016" lon="24.792175">
        <ele>173.40801</ele>
      </trkpt>
      <trkpt lat="54.729052" lon="24.792328">
        <ele>173.396285</ele>
      </trkpt>
      <trkpt lat="54.729093" lon="24.792469">
        <ele>173.385081</ele>
      </trkpt>
      <trkpt lat="54.729135" lon="24.792635">
        <ele>173.372219</ele>
      </trkpt>
      <trkpt lat="54.729168" lon="24.792807">
        <ele>173.359356</ele>
      </trkpt>
      <trkpt lat="54.72921" lon="24.792964">
        <ele>173.347076</ele>
      </trkpt>
      <trkpt lat="54.729259" lon="24.79314">
        <ele>173.24234</ele>
      </trkpt>
      <trkpt lat="54.729304" lon="24.793316">
        <ele>173.02458</ele>
      </trkpt>
      <trkpt lat="54.729336" lon="24.793497">
        <ele>172.810426</ele>
      </trkpt>
      <trkpt lat="54.729356" lon="24.793667">
        <ele>172.61415</ele>
      </trkpt>
      <trkpt lat="54.729369" lon="24.793836">
        <ele>172.421266</ele>
      </trkpt>
      <trkpt lat="54.729381" lon="24.794003">
        <ele>172.230878</ele>
      </trkpt>
      <trkpt lat="54.729399" lon="24.794183">
        <ele>172.024208</ele>
      </trkpt>
      <trkpt lat="54.729412" lon="24.794372">
        <ele>171.808875</ele>
      </trkpt>
      <trkpt lat="54.729427" lon="24.794555">
        <ele>171.599767</ele>
      </trkpt>
      <trkpt lat="54.729433" lon="24.794719">
        <ele>171.413858</ele>
      </trkpt>
      <trkpt lat="54.729443" lon="24.794884">
        <ele>171.226164</ele>
      </trkpt>
      <trkpt lat="54.729449" lon="24.795051">
        <ele>171.036867</ele>
      </trkpt>
      <trkpt lat="54.729456" lon="24.795277">
        <ele>170.780821</ele>
      </trkpt>
      <trkpt lat="54.729462" lon="24.795442">
        <ele>170.593782</ele>
      </trkpt>
      <trkpt lat="54.729474" lon="24.795601">
        <ele>170.412372</ele>
      </trkpt>
      <trkpt lat="54.729495" lon="24.795758">
        <ele>170.230051</ele>
      </trkpt>
      <trkpt lat="54.729514" lon="24.795913">
        <ele>170.050788</ele>
      </trkpt>
      <trkpt lat="54.729531" lon="24.796077">
        <ele>169.862285</ele>
      </trkpt>
      <trkpt lat="54.729556" lon="24.796229">
        <ele>169.830366</ele>
      </trkpt>
      <trkpt lat="54.729574" lon="24.796395">
        <ele>169.852102</ele>
      </trkpt>
      <trkpt lat="54.729592" lon="24.796584">
        <ele>169.876753</ele>
      </trkpt>
      <trkpt lat="54.729608" lon="24.796759">
        <ele>169.899555</ele>
      </trkpt>
      <trkpt lat="54.729627" lon="24.796935">
        <ele>169.922597</ele>
      </trkpt>
      <trkpt lat="54.729635" lon="24.797098">
        <ele>169.943649</ele>
      </trkpt>
      <trkpt lat="54.729651" lon="24.797266">
        <ele>169.965561</ele>
      </trkpt>
      <trkpt lat="54.729666" lon="24.797439">
        <ele>169.988074</ele>
      </trkpt>
      <trkpt lat="54.729673" lon="24.797601">
        <ele>170.00898</ele>
      </trkpt>
      <trkpt lat="54.729685" lon="24.797771">
        <ele>170.03102</ele>
      </trkpt>
      <trkpt lat="54.729703" lon="24.797962">
        <ele>170.055925</ele>
      </trkpt>
      <trkpt lat="54.72972" lon="24.798142">
        <ele>170.079397</ele>
      </trkpt>
      <trkpt lat="54.729735" lon="24.79832">
        <ele>170.102547</ele>
      </trkpt>
      <trkpt lat="54.72975" lon="24.79849">
        <ele>170.124678</ele>
      </trkpt>
      <trkpt lat="54.729771" lon="24.798701">
        <ele>170.152232</ele>
      </trkpt>
      <trkpt lat="54.729782" lon="24.79887">
        <ele>170.174118</ele>
      </trkpt>
      <trkpt lat="54.729797" lon="24.799059">
        <ele>170.198669</ele>
      </trkpt>
      <trkpt lat="54.729805" lon="24.799218">
        <ele>170.234747</ele>
      </trkpt>
      <trkpt lat="54.729816" lon="24.79938">
        <ele>170.364878</ele>
      </trkpt>
      <trkpt lat="54.729827" lon="24.799542">
        <ele>170.495009</ele>
      </trkpt>
      <trkpt lat="54.729837" lon="24.799703">
        <ele>170.624192</ele>
      </trkpt>
      <trkpt lat="54.729855" lon="24.799867">
        <ele>170.757371</ele>
      </trkpt>
      <trkpt lat="54.729873" lon="24.800037">
        <ele>170.895255</ele>
      </trkpt>
      <trkpt lat="54.729893" lon="24.800211">
        <ele>171.036792</ele>
      </trkpt>
      <trkpt lat="54.729915" lon="24.800411">
        <ele>171.199217</ele>
      </trkpt>
      <trkpt lat="54.729935" lon="24.800605">
        <ele>171.356433</ele>
      </trkpt>
      <trkpt lat="54.729948" lon="24.800778">
        <ele>171.495612</ele>
      </trkpt>
      <trkpt lat="54.729963" lon="24.800957">
        <ele>171.639911</ele>
      </trkpt>
      <trkpt lat="54.729987" lon="24.801134">
        <ele>171.784958</ele>
      </trkpt>
      <trkpt lat="54.729998" lon="24.801317">
        <ele>171.93174</ele>
      </trkpt>
      <trkpt lat="54.73001" lon="24.801503">
        <ele>172.08105</ele>
      </trkpt>
      <trkpt lat="54.730026" lon="24.801709">
        <ele>172.246872</ele>
      </trkpt>
      <trkpt lat="54.730042" lon="24.801891">
        <ele>172.39374</ele>
      </trkpt>
      <trkpt lat="54.730054" lon="24.80207">
        <ele>172.537501</ele>
      </trkpt>
      <trkpt lat="54.730067" lon="24.802249">
        <ele>172.681428</ele>
      </trkpt>
      <trkpt lat="54.730083" lon="24.802421">
        <ele>172.644542</ele>
      </trkpt>
      <trkpt lat="54.730098" lon="24.802589">
        <ele>172.580051</ele>
      </trkpt>
      <trkpt lat="54.730114" lon="24.802752">
        <ele>172.517326</ele>
      </trkpt>
      <trkpt lat="54.730131" lon="24.802918">
        <ele>172.453368</ele>
      </trkpt>
      <trkpt lat="54.730145" lon="24.803081">
        <ele>172.39085</ele>
      </trkpt>
      <trkpt lat="54.730166" lon="24.80331">
        <ele>172.302885</ele>
      </trkpt>
      <trkpt lat="54.730187" lon="24.803519">
        <ele>172.222405</ele>
      </trkpt>
      <trkpt lat="54.730199" lon="24.803675">
        <ele>172.1627</ele>
      </trkpt>
      <trkpt lat="54.730213" lon="24.803848">
        <ele>172.096428</ele>
      </trkpt>
      <trkpt lat="54.730224" lon="24.804021">
        <ele>172.0304</ele>
      </trkpt>
      <trkpt lat="54.73024" lon="24.804193">
        <ele>171.964307</ele>
      </trkpt>
      <trkpt lat="54.730254" lon="24.804356">
        <ele>171.90179</ele>
      </trkpt>
      <trkpt lat="54.730263" lon="24.804516">
        <ele>171.840803</ele>
      </trkpt>
      <trkpt lat="54.73027" lon="24.804677">
        <ele>171.779552</ele>
      </trkpt>
      <trkpt lat="54.730285" lon="24.804838">
        <ele>171.717683</ele>
      </trkpt>
      <trkpt lat="54.730295" lon="24.804998">
        <ele>171.656629</ele>
      </trkpt>
      <trkpt lat="54.730304" lon="24.805168">
        <ele>171.591866</ele>
      </trkpt>
      <trkpt lat="54.730315" lon="24.805384">
        <ele>171.448756</ele>
      </trkpt>
      <trkpt lat="54.730334" lon="24.805611">
        <ele>170.827323</ele>
      </trkpt>
      <trkpt lat="54.730358" lon="24.805762">
        <ele>170.403008</ele>
      </trkpt>
      <trkpt lat="54.730416" lon="24.805977">
        <ele>169.76008</ele>
      </trkpt>
      <trkpt lat="54.730463" lon="24.806115">
        <ele>169.326011</ele>
      </trkpt>
      <trkpt lat="54.730514" lon="24.80625">
        <ele>168.888937</ele>
      </trkpt>
      <trkpt lat="54.730595" lon="24.806408">
        <ele>168.316507</ele>
      </trkpt>
      <trkpt lat="54.730691" lon="24.806567">
        <ele>167.693248</ele>
      </trkpt>
      <trkpt lat="54.730775" lon="24.806734">
        <ele>167.093213</ele>
      </trkpt>
      <trkpt lat="54.730861" lon="24.806878">
        <ele>166.531943</ele>
      </trkpt>
      <trkpt lat="54.730952" lon="24.807033">
        <ele>165.933072</ele>
      </trkpt>
      <trkpt lat="54.731052" lon="24.807188">
        <ele>165.303398</ele>
      </trkpt>
      <trkpt lat="54.731118" lon="24.807294">
        <ele>164.881063</ele>
      </trkpt>
      <trkpt lat="54.731207" lon="24.80745">
        <ele>164.286923</ele>
      </trkpt>
      <trkpt lat="54.731283" lon="24.807559">
        <ele>163.823931</ele>
      </trkpt>
      <trkpt lat="54.731358" lon="24.807675">
        <ele>163.352129</ele>
      </trkpt>
      <trkpt lat="54.731427" lon="24.807782">
        <ele>162.898049</ele>
      </trkpt>
      <trkpt lat="54.731505" lon="24.807908">
        <ele>162.337565</ele>
      </trkpt>
      <trkpt lat="54.731591" lon="24.808039">
        <ele>161.735735</ele>
      </trkpt>
      <trkpt lat="54.731691" lon="24.808189">
        <ele>161.040575</ele>
      </trkpt>
      <trkpt lat="54.73179" lon="24.808325">
        <ele>160.376577</ele>
      </trkpt>
      <trkpt lat="54.731858" lon="24.808432">
        <ele>159.893801</ele>
      </trkpt>
      <trkpt lat="54.731952" lon="24.808584">
        <ele>159.21803</ele>
      </trkpt>
      <trkpt lat="54.732039" lon="24.808749">
        <ele>158.54008</ele>
      </trkpt>
      <trkpt lat="54.732102" lon="24.808864">
        <ele>158.059107</ele>
      </trkpt>
      <trkpt lat="54.732166" lon="24.80898">
        <ele>157.572313</ele>
      </trkpt>
      <trkpt lat="54.732254" lon="24.80914">
        <ele>156.901875</ele>
      </trkpt>
      <trkpt lat="54.732354" lon="24.809299">
        <ele>156.188544</ele>
      </trkpt>
      <trkpt lat="54.732425" lon="24.809405">
        <ele>155.695975</ele>
      </trkpt>
      <trkpt lat="54.732491" lon="24.809513">
        <ele>155.218849</ele>
      </trkpt>
      <trkpt lat="54.73258" lon="24.809674">
        <ele>154.542591</ele>
      </trkpt>
      <trkpt lat="54.73266" lon="24.809839">
        <ele>153.888885</ele>
      </trkpt>
      <trkpt lat="54.732721" lon="24.810036">
        <ele>153.336788</ele>
      </trkpt>
      <trkpt lat="54.732758" lon="24.810188">
        <ele>152.987215</ele>
      </trkpt>
      <trkpt lat="54.732777" lon="24.81035">
        <ele>152.636894</ele>
      </trkpt>
      <trkpt lat="54.732794" lon="24.810514">
        <ele>152.283791</ele>
      </trkpt>
      <trkpt lat="54.732821" lon="24.810671">
        <ele>151.936633</ele>
      </trkpt>
      <trkpt lat="54.732846" lon="24.810849">
        <ele>151.548418</ele>
      </trkpt>
      <trkpt lat="54.732879" lon="24.811023">
        <ele>151.160296</ele>
      </trkpt>
      <trkpt lat="54.732904" lon="24.811184">
        <ele>150.806984</ele>
      </trkpt>
      <trkpt lat="54.732924" lon="24.811352">
        <ele>150.443473</ele>
      </trkpt>
      <trkpt lat="54.732941" lon="24.811509">
        <ele>150.104961</ele>
      </trkpt>
      <trkpt lat="54.732969" lon="24.811666">
        <ele>149.756739</ele>
      </trkpt>
      <trkpt lat="54.732995" lon="24.811824">
        <ele>149.408575</ele>
      </trkpt>
      <trkpt lat="54.733033" lon="24.811998">
        <ele>149.014342</ele>
      </trkpt>
      <trkpt lat="54.733078" lon="24.812168">
        <ele>148.618027</ele>
      </trkpt>
      <trkpt lat="54.73312" lon="24.812334">
        <ele>148.233951</ele>
      </trkpt>
      <trkpt lat="54.733164" lon="24.812489">
        <ele>147.867926</ele>
      </trkpt>
      <trkpt lat="54.733217" lon="24.81266">
        <ele>147.456638</ele>
      </trkpt>
      <trkpt lat="54.733267" lon="24.812816">
        <ele>147.078528</ele>
      </trkpt>
      <trkpt lat="54.733322" lon="24.812987">
        <ele>147.220532</ele>
      </trkpt>
      <trkpt lat="54.733368" lon="24.813138">
        <ele>147.412633</ele>
      </trkpt>
      <trkpt lat="54.733405" lon="24.813309">
        <ele>147.618105</ele>
      </trkpt>
      <trkpt lat="54.733435" lon="24.813478">
        <ele>147.817044</ele>
      </trkpt>
      <trkpt lat="54.733457" lon="24.813653">
        <ele>148.018564</ele>
      </trkpt>
      <trkpt lat="54.733478" lon="24.81383">
        <ele>148.221881</ele>
      </trkpt>
      <trkpt lat="54.733503" lon="24.813998">
        <ele>148.417088</ele>
      </trkpt>
      <trkpt lat="54.733528" lon="24.814171">
        <ele>148.617748</ele>
      </trkpt>
      <trkpt lat="54.733559" lon="24.81433">
        <ele>148.806575</ele>
      </trkpt>
      <trkpt lat="54.733589" lon="24.814503">
        <ele>149.00982</ele>
      </trkpt>
      <trkpt lat="54.733637" lon="24.814659">
        <ele>149.208715</ele>
      </trkpt>
      <trkpt lat="54.733684" lon="24.814837">
        <ele>149.428946</ele>
      </trkpt>
      <trkpt lat="54.733734" lon="24.815024">
        <ele>149.660819</ele>
      </trkpt>
      <trkpt lat="54.733788" lon="24.815191">
        <ele>149.876183</ele>
      </trkpt>
      <trkpt lat="54.733841" lon="24.815338">
        <ele>150.071182</ele>
      </trkpt>
      <trkpt lat="54.7339" lon="24.815464">
        <ele>150.253716</ele>
      </trkpt>
      <trkpt lat="54.733968" lon="24.815589">
        <ele>150.446955</ele>
      </trkpt>
      <trkpt lat="54.73404" lon="24.815704">
        <ele>150.376747</ele>
      </trkpt>
      <trkpt lat="54.734108" lon="24.815825">
        <ele>150.09558</ele>
      </trkpt>
      <trkpt lat="54.734183" lon="24.81594">
        <ele>149.806696</ele>
      </trkpt>
      <trkpt lat="54.734256" lon="24.816039">
        <ele>149.539304</ele>
      </trkpt>
      <trkpt lat="54.73433" lon="24.816155">
        <ele>149.251459</ele>
      </trkpt>
      <trkpt lat="54.734405" lon="24.816264">
        <ele>148.969099</ele>
      </trkpt>
      <trkpt lat="54.734496" lon="24.816412">
        <ele>148.609087</ele>
      </trkpt>
      <trkpt lat="54.734594" lon="24.816532">
        <ele>148.262957</ele>
      </trkpt>
      <trkpt lat="54.734694" lon="24.816664">
        <ele>147.90035</ele>
      </trkpt>
      <trkpt lat="54.734756" lon="24.816815">
        <ele>147.591821</ele>
      </trkpt>
      <trkpt lat="54.734799" lon="24.817">
        <ele>147.259751</ele>
      </trkpt>
      <trkpt lat="54.7348" lon="24.817209">
        <ele>146.911731</ele>
      </trkpt>
      <trkpt lat="54.734781" lon="24.817431">
        <ele>146.538038</ele>
      </trkpt>
      <trkpt lat="54.734733" lon="24.817638">
        <ele>146.1666</ele>
      </trkpt>
      <trkpt lat="54.734678" lon="24.817833">
        <ele>145.80523</ele>
      </trkpt>
      <trkpt lat="54.734648" lon="24.817989">
        <ele>145.531443</ele>
      </trkpt>
      <trkpt lat="54.734628" lon="24.818151">
        <ele>145.290683</ele>
      </trkpt>
      <trkpt lat="54.734622" lon="24.818321">
        <ele>145.118047</ele>
      </trkpt>
      <trkpt lat="54.734619" lon="24.818479">
        <ele>144.957809</ele>
      </trkpt>
      <trkpt lat="54.734627" lon="24.818638">
        <ele>144.796034</ele>
      </trkpt>
      <trkpt lat="54.734641" lon="24.818816">
        <ele>144.613944</ele>
      </trkpt>
      <trkpt lat="54.734746" lon="24.819277">
        <ele>144.111623</ele>
      </trkpt>
      <trkpt lat="54.734777" lon="24.819454">
        <ele>143.924141</ele>
      </trkpt>
      <trkpt lat="54.734813" lon="24.819647">
        <ele>143.718559</ele>
      </trkpt>
      <trkpt lat="54.734843" lon="24.819834">
        <ele>143.521832</ele>
      </trkpt>
      <trkpt lat="54.734891" lon="24.82003">
        <ele>143.306032</ele>
      </trkpt>
      <trkpt lat="54.734934" lon="24.820234">
        <ele>143.085907</ele>
      </trkpt>
      <trkpt lat="54.734976" lon="24.820413">
        <ele>142.890061</ele>
      </trkpt>
      <trkpt lat="54.735015" lon="24.820595">
        <ele>142.693289</ele>
      </trkpt>
      <trkpt lat="54.735056" lon="24.820799">
        <ele>142.474344</ele>
      </trkpt>
      <trkpt lat="54.73509" lon="24.820946">
        <ele>142.313833</ele>
      </trkpt>
      <trkpt lat="54.73512" lon="24.821101">
        <ele>142.114494</ele>
      </trkpt>
      <trkpt lat="54.735153" lon="24.82125">
        <ele>141.814855</ele>
      </trkpt>
      <trkpt lat="54.735183" lon="24.821406">
        <ele>141.506129</ele>
      </trkpt>
      <trkpt lat="54.735219" lon="24.821562">
        <ele>141.190693</ele>
      </trkpt>
      <trkpt lat="54.73526" lon="24.821722">
        <ele>140.862018</ele>
      </trkpt>
      <trkpt lat="54.73529" lon="24.821895">
        <ele>140.52286</ele>
      </trkpt>
      <trkpt lat="54.735328" lon="24.822071">
        <ele>140.170053</ele>
      </trkpt>
      <trkpt lat="54.735371" lon="24.82225">
        <ele>139.806034</ele>
      </trkpt>
      <trkpt lat="54.735409" lon="24.82242">
        <ele>139.463757</ele>
      </trkpt>
      <trkpt lat="54.735449" lon="24.822594">
        <ele>139.112112</ele>
      </trkpt>
      <trkpt lat="54.735483" lon="24.822766">
        <ele>138.770764</ele>
      </trkpt>
      <trkpt lat="54.735523" lon="24.822943">
        <ele>138.41388</ele>
      </trkpt>
      <trkpt lat="54.735555" lon="24.823109">
        <ele>138.085288</ele>
      </trkpt>
      <trkpt lat="54.7356" lon="24.823332">
        <ele>137.64175</ele>
      </trkpt>
      <trkpt lat="54.735636" lon="24.823498">
        <ele>137.30881</ele>
      </trkpt>
      <trkpt lat="54.735674" lon="24.823672">
        <ele>136.959521</ele>
      </trkpt>
      <trkpt lat="54.73571" lon="24.823859">
        <ele>136.58941</ele>
      </trkpt>
      <trkpt lat="54.735742" lon="24.824027">
        <ele>136.325157</ele>
      </trkpt>
      <trkpt lat="54.735769" lon="24.824191">
        <ele>136.273219</ele>
      </trkpt>
      <trkpt lat="54.73579" lon="24.824348">
        <ele>136.224137</ele>
      </trkpt>
      <trkpt lat="54.735809" lon="24.824535">
        <ele>136.16631</ele>
      </trkpt>
      <trkpt lat="54.735804" lon="24.824715">
        <ele>136.111426</ele>
      </trkpt>
      <trkpt lat="54.735811" lon="24.824882">
        <ele>136.060431</ele>
      </trkpt>
      <trkpt lat="54.735814" lon="24.825039">
        <ele>136.01259</ele>
      </trkpt>
      <trkpt lat="54.735789" lon="24.825231">
        <ele>135.952646</ele>
      </trkpt>
      <trkpt lat="54.735755" lon="24.825452">
        <ele>135.88299</ele>
      </trkpt>
      <trkpt lat="54.735732" lon="24.825608">
        <ele>135.833955</ele>
      </trkpt>
      <trkpt lat="54.735698" lon="24.825775">
        <ele>135.780024</ele>
      </trkpt>
      <trkpt lat="54.735671" lon="24.825946">
        <ele>135.726032</ele>
      </trkpt>
      <trkpt lat="54.73564" lon="24.826097">
        <ele>135.677223</ele>
      </trkpt>
      <trkpt lat="54.7356" lon="24.826305">
        <ele>135.610453</ele>
      </trkpt>
      <trkpt lat="54.735556" lon="24.826503">
        <ele>135.545838</ele>
      </trkpt>
      <trkpt lat="54.735514" lon="24.826695">
        <ele>135.483306</ele>
      </trkpt>
      <trkpt lat="54.735484" lon="24.826843">
        <ele>135.435534</ele>
      </trkpt>
      <trkpt lat="54.735442" lon="24.826982">
        <ele>135.404708</ele>
      </trkpt>
      <trkpt lat="54.735414" lon="24.827131">
        <ele>135.81989</ele>
      </trkpt>
      <trkpt lat="54.735369" lon="24.827326">
        <ele>136.376314</ele>
      </trkpt>
      <trkpt lat="54.73533" lon="24.82753">
        <ele>136.945703</ele>
      </trkpt>
      <trkpt lat="54.7353" lon="24.827686">
        <ele>137.381374</ele>
      </trkpt>
      <trkpt lat="54.735271" lon="24.827839">
        <ele>137.808057</ele>
      </trkpt>
      <trkpt lat="54.735243" lon="24.827999">
        <ele>138.251048</ele>
      </trkpt>
      <trkpt lat="54.735217" lon="24.828199">
        <ele>138.794245</ele>
      </trkpt>
      <trkpt lat="54.735192" lon="24.828381">
        <ele>139.289942</ele>
      </trkpt>
      <trkpt lat="54.735169" lon="24.828568">
        <ele>139.796545</ele>
      </trkpt>
      <trkpt lat="54.735154" lon="24.828772">
        <ele>140.341441</ele>
      </trkpt>
      <trkpt lat="54.735147" lon="24.829003">
        <ele>140.954354</ele>
      </trkpt>
      <trkpt lat="54.735146" lon="24.829167">
        <ele>141.388921</ele>
      </trkpt>
      <trkpt lat="54.735156" lon="24.829336">
        <ele>141.839058</ele>
      </trkpt>
      <trkpt lat="54.735169" lon="24.82952">
        <ele>142.330232</ele>
      </trkpt>
      <trkpt lat="54.735188" lon="24.829713">
        <ele>142.848995</ele>
      </trkpt>
      <trkpt lat="54.735203" lon="24.829899">
        <ele>143.346615</ele>
      </trkpt>
      <trkpt lat="54.735215" lon="24.83009">
        <ele>143.684392</ele>
      </trkpt>
      <trkpt lat="54.735228" lon="24.830258">
        <ele>143.77011</ele>
      </trkpt>
      <trkpt lat="54.735256" lon="24.830469">
        <ele>143.879595</ele>
      </trkpt>
      <trkpt lat="54.735272" lon="24.830668">
        <ele>143.981202</ele>
      </trkpt>
      <trkpt lat="54.735295" lon="24.830882">
        <ele>144.091281</ele>
      </trkpt>
      <trkpt lat="54.735305" lon="24.831037">
        <ele>144.170153</ele>
      </trkpt>
      <trkpt lat="54.73532" lon="24.831197">
        <ele>144.252125</ele>
      </trkpt>
      <trkpt lat="54.735339" lon="24.831368">
        <ele>144.340187</ele>
      </trkpt>
      <trkpt lat="54.735353" lon="24.831538">
        <ele>144.427027</ele>
      </trkpt>
      <trkpt lat="54.735364" lon="24.831712">
        <ele>144.515545</ele>
      </trkpt>
      <trkpt lat="54.735379" lon="24.831896">
        <ele>144.609517</ele>
      </trkpt>
      <trkpt lat="54.735396" lon="24.832071">
        <ele>144.699259</ele>
      </trkpt>
      <trkpt lat="54.735414" lon="24.832234">
        <ele>144.783183</ele>
      </trkpt>
      <trkpt lat="54.735429" lon="24.832406">
        <ele>144.87115</ele>
      </trkpt>
      <trkpt lat="54.735441" lon="24.832574">
        <ele>144.956756</ele>
      </trkpt>
      <trkpt lat="54.735461" lon="24.832751">
        <ele>145.047963</ele>
      </trkpt>
      <trkpt lat="54.735476" lon="24.832938">
        <ele>145.143438</ele>
      </trkpt>
      <trkpt lat="54.735492" lon="24.833103">
        <ele>145.22357</ele>
      </trkpt>
      <trkpt lat="54.735515" lon="24.833334">
        <ele>145.280635</ele>
      </trkpt>
      <trkpt lat="54.735537" lon="24.833545">
        <ele>145.332833</ele>
      </trkpt>
      <trkpt lat="54.735561" lon="24.833763">
        <ele>145.386859</ele>
      </trkpt>
      <trkpt lat="54.735572" lon="24.833925">
        <ele>145.426569</ele>
      </trkpt>
      <trkpt lat="54.735588" lon="24.834083">
        <ele>145.46562</ele>
      </trkpt>
      <trkpt lat="54.735599" lon="24.834245">
        <ele>145.505329</ele>
      </trkpt>
      <trkpt lat="54.735621" lon="24.834401">
        <ele>145.544422</ele>
      </trkpt>
      <trkpt lat="54.735636" lon="24.834562">
        <ele>145.584123</ele>
      </trkpt>
      <trkpt lat="54.735649" lon="24.834725">
        <ele>145.624181</ele>
      </trkpt>
      <trkpt lat="54.735665" lon="24.834893">
        <ele>145.665632</ele>
      </trkpt>
      <trkpt lat="54.735683" lon="24.835054">
        <ele>145.705554</ele>
      </trkpt>
      <trkpt lat="54.735693" lon="24.83521">
        <ele>145.743764</ele>
      </trkpt>
      <trkpt lat="54.735706" lon="24.835373">
        <ele>145.783822</ele>
      </trkpt>
      <trkpt lat="54.735725" lon="24.835532">
        <ele>145.82335</ele>
      </trkpt>
      <trkpt lat="54.735745" lon="24.83569">
        <ele>145.862727</ele>
      </trkpt>
      <trkpt lat="54.735764" lon="24.835856">
        <ele>145.903925</ele>
      </trkpt>
      <trkpt lat="54.735782" lon="24.836037">
        <ele>145.948636</ele>
      </trkpt>
      <trkpt lat="54.735793" lon="24.836228">
        <ele>145.947642</ele>
      </trkpt>
      <trkpt lat="54.735812" lon="24.836412">
        <ele>145.869384</ele>
      </trkpt>
      <trkpt lat="54.735832" lon="24.836609">
        <ele>145.78564</ele>
      </trkpt>
      <trkpt lat="54.735843" lon="24.836798">
        <ele>145.70611</ele>
      </trkpt>
      <trkpt lat="54.735867" lon="24.83699">
        <ele>145.623863</ele>
      </trkpt>
      <trkpt lat="54.735887" lon="24.837181">
        <ele>145.542592</ele>
      </trkpt>
      <trkpt lat="54.735904" lon="24.837376">
        <ele>145.460026</ele>
      </trkpt>
      <trkpt lat="54.735918" lon="24.837549">
        <ele>145.386888</ele>
      </trkpt>
      <trkpt lat="54.735936" lon="24.837722">
        <ele>145.313291</ele>
      </trkpt>
      <trkpt lat="54.735955" lon="24.837894">
        <ele>145.239974</ele>
      </trkpt>
      <trkpt lat="54.735968" lon="24.838062">
        <ele>145.169008</ele>
      </trkpt>
      <trkpt lat="54.735985" lon="24.838231">
        <ele>145.097187</ele>
      </trkpt>
      <trkpt lat="54.736003" lon="24.838395">
        <ele>145.027296</ele>
      </trkpt>
      <trkpt lat="54.736019" lon="24.838577">
        <ele>144.950219</ele>
      </trkpt>
      <trkpt lat="54.736031" lon="24.838743">
        <ele>144.880178</ele>
      </trkpt>
      <trkpt lat="54.736045" lon="24.838902">
        <ele>144.812839</ele>
      </trkpt>
      <trkpt lat="54.736064" lon="24.839057">
        <ele>144.746499</ele>
      </trkpt>
      <trkpt lat="54.736079" lon="24.839238">
        <ele>144.659424</ele>
      </trkpt>
      <trkpt lat="54.736096" lon="24.839403">
        <ele>144.382088</ele>
      </trkpt>
      <trkpt lat="54.736115" lon="24.839568">
        <ele>144.103688</ele>
      </trkpt>
      <trkpt lat="54.736128" lon="24.839789">
        <ele>143.736111</ele>
      </trkpt>
      <trkpt lat="54.736149" lon="24.840007">
        <ele>143.370404</ele>
      </trkpt>
      <trkpt lat="54.736163" lon="24.840172">
        <ele>143.09445</ele>
      </trkpt>
      <trkpt lat="54.736176" lon="24.840338">
        <ele>142.817258</ele>
      </trkpt>
      <trkpt lat="54.736189" lon="24.840504">
        <ele>142.540066</ele>
      </trkpt>
      <trkpt lat="54.736207" lon="24.840682">
        <ele>142.241049</ele>
      </trkpt>
      <trkpt lat="54.736226" lon="24.840839">
        <ele>141.975619</ele>
      </trkpt>
      <trkpt lat="54.736231" lon="24.841022">
        <ele>141.672475</ele>
      </trkpt>
      <trkpt lat="54.73625" lon="24.841183">
        <ele>141.400564</ele>
      </trkpt>
      <trkpt lat="54.736221" lon="24.841341">
        <ele>141.126231</ele>
      </trkpt>
      <trkpt lat="54.736136" lon="24.841422">
        <ele>140.848183</ele>
      </trkpt>
      <trkpt lat="54.736039" lon="24.841409">
        <ele>140.569348</ele>
      </trkpt>
      <trkpt lat="54.735919" lon="24.84138">
        <ele>140.222093</ele>
      </trkpt>
      <trkpt lat="54.735794" lon="24.841355">
        <ele>139.86146</ele>
      </trkpt>
      <trkpt lat="54.735662" lon="24.841335">
        <ele>139.513617</ele>
      </trkpt>
      <trkpt lat="54.73557" lon="24.841311">
        <ele>139.477937</ele>
      </trkpt>
      <trkpt lat="54.735478" lon="24.841299">
        <ele>139.442554</ele>
      </trkpt>
      <trkpt lat="54.735347" lon="24.841292">
        <ele>139.39229</ele>
      </trkpt>
      <trkpt lat="54.735215" lon="24.841291">
        <ele>139.341667</ele>
      </trkpt>
      <trkpt lat="54.735119" lon="24.841296">
        <ele>139.304833</ele>
      </trkpt>
      <trkpt lat="54.73502" lon="24.841306">
        <ele>139.266801</ele>
      </trkpt>
      <trkpt lat="54.734924" lon="24.841317">
        <ele>139.229904</ele>
      </trkpt>
      <trkpt lat="54.734835" lon="24.841344">
        <ele>139.195252</ele>
      </trkpt>
      <trkpt lat="54.73474" lon="24.84139">
        <ele>139.157421</ele>
      </trkpt>
      <trkpt lat="54.734628" lon="24.841436">
        <ele>139.113277</ele>
      </trkpt>
      <trkpt lat="54.734503" lon="24.841525">
        <ele>139.061446</ele>
      </trkpt>
      <trkpt lat="54.734392" lon="24.841632">
        <ele>139.012727</ele>
      </trkpt>
      <trkpt lat="54.734278" lon="24.841745">
        <ele>138.962354</ele>
      </trkpt>
      <trkpt lat="54.73417" lon="24.84183">
        <ele>138.916859</ele>
      </trkpt>
      <trkpt lat="54.734052" lon="24.841923">
        <ele>138.86714</ele>
      </trkpt>
      <trkpt lat="54.733934" lon="24.842027">
        <ele>138.911822</ele>
      </trkpt>
      <trkpt lat="54.73382" lon="24.842125">
        <ele>139.239111</ele>
      </trkpt>
      <trkpt lat="54.733706" lon="24.842214">
        <ele>139.560682</ele>
      </trkpt>
      <trkpt lat="54.733622" lon="24.842273">
        <ele>139.793785</ele>
      </trkpt>
      <trkpt lat="54.733515" lon="24.842357">
        <ele>140.095894</ele>
      </trkpt>
      <trkpt lat="54.733401" lon="24.842449">
        <ele>140.419321</ele>
      </trkpt>
      <trkpt lat="54.73329" lon="24.842546">
        <ele>140.739047</ele>
      </trkpt>
      <trkpt lat="54.733171" lon="24.842661">
        <ele>141.089484</ele>
      </trkpt>
      <trkpt lat="54.733053" lon="24.842762">
        <ele>141.427969</ele>
      </trkpt>
      <trkpt lat="54.732973" lon="24.842836">
        <ele>141.661201</ele>
      </trkpt>
      <trkpt lat="54.732855" lon="24.842928">
        <ele>141.993982</ele>
      </trkpt>
      <trkpt lat="54.73277" lon="24.843013">
        <ele>142.246389</ele>
      </trkpt>
      <trkpt lat="54.732681" lon="24.843096">
        <ele>142.506334</ele>
      </trkpt>
      <trkpt lat="54.732591" lon="24.84317">
        <ele>142.762537</ele>
      </trkpt>
      <trkpt lat="54.732504" lon="24.843244">
        <ele>143.011792</ele>
      </trkpt>
      <trkpt lat="54.732413" lon="24.843313">
        <ele>143.267254</ele>
      </trkpt>
      <trkpt lat="54.732297" lon="24.843412">
        <ele>143.835012</ele>
      </trkpt>
      <trkpt lat="54.732215" lon="24.843481">
        <ele>144.448049</ele>
      </trkpt>
      <trkpt lat="54.732134" lon="24.843562">
        <ele>145.077001</ele>
      </trkpt>
      <trkpt lat="54.73205" lon="24.843637">
        <ele>145.712495</ele>
      </trkpt>
      <trkpt lat="54.731958" lon="24.843718">
        <ele>146.40649</ele>
      </trkpt>
      <trkpt lat="54.731876" lon="24.843793">
        <ele>147.030061</ele>
      </trkpt>
      <trkpt lat="54.73176" lon="24.843894">
        <ele>147.90312</ele>
      </trkpt>
      <trkpt lat="54.731638" lon="24.844005">
        <ele>148.829814</ele>
      </trkpt>
      <trkpt lat="54.73155" lon="24.844077">
        <ele>149.484272</ele>
      </trkpt>
      <trkpt lat="54.73147" lon="24.844151">
        <ele>150.094146</ele>
      </trkpt>
      <trkpt lat="54.731354" lon="24.84426">
        <ele>150.981592</ele>
      </trkpt>
      <trkpt lat="54.731239" lon="24.844356">
        <ele>151.840044</ele>
      </trkpt>
      <trkpt lat="54.731127" lon="24.844467">
        <ele>152.707776</ele>
      </trkpt>
      <trkpt lat="54.731015" lon="24.844543">
        <ele>153.516656</ele>
      </trkpt>
      <trkpt lat="54.730916" lon="24.84463">
        <ele>154.263173</ele>
      </trkpt>
      <trkpt lat="54.730815" lon="24.844721">
        <ele>155.02875</ele>
      </trkpt>
      <trkpt lat="54.730718" lon="24.844814">
        <ele>155.678436</ele>
      </trkpt>
      <trkpt lat="54.730621" lon="24.8449">
        <ele>156.09947</ele>
      </trkpt>
      <trkpt lat="54.730506" lon="24.84499">
        <ele>156.587055</ele>
      </trkpt>
      <trkpt lat="54.730397" lon="24.845078">
        <ele>157.051711</ele>
      </trkpt>
      <trkpt lat="54.730294" lon="24.845161">
        <ele>157.490642</ele>
      </trkpt>
      <trkpt lat="54.730183" lon="24.845248">
        <ele>157.961388</ele>
      </trkpt>
      <trkpt lat="54.730052" lon="24.845336">
        <ele>158.504274</ele>
      </trkpt>
      <trkpt lat="54.729959" lon="24.845399">
        <ele>158.890109</ele>
      </trkpt>
      <trkpt lat="54.729861" lon="24.845447">
        <ele>159.283602</ele>
      </trkpt>
      <trkpt lat="54.729763" lon="24.845493">
        <ele>159.675905</ele>
      </trkpt>
      <trkpt lat="54.729663" lon="24.845542">
        <ele>160.077441</ele>
      </trkpt>
      <trkpt lat="54.729566" lon="24.845574">
        <ele>160.458958</ele>
      </trkpt>
      <trkpt lat="54.729467" lon="24.845601">
        <ele>160.846177</ele>
      </trkpt>
      <trkpt lat="54.729367" lon="24.845619">
        <ele>161.234627</ele>
      </trkpt>
      <trkpt lat="54.729272" lon="24.845627">
        <ele>161.602111</ele>
      </trkpt>
      <trkpt lat="54.729173" lon="24.845629">
        <ele>161.984642</ele>
      </trkpt>
      <trkpt lat="54.729079" lon="24.845618">
        <ele>162.348657</ele>
      </trkpt>
      <trkpt lat="54.72899" lon="24.845604">
        <ele>162.586435</ele>
      </trkpt>
      <trkpt lat="54.728887" lon="24.845582">
        <ele>162.767011</ele>
      </trkpt>
      <trkpt lat="54.728785" lon="24.845554">
        <ele>162.946706</ele>
      </trkpt>
      <trkpt lat="54.728682" lon="24.845519">
        <ele>163.129342</ele>
      </trkpt>
      <trkpt lat="54.728585" lon="24.845495">
        <ele>163.299834</ele>
      </trkpt>
      <trkpt lat="54.728489" lon="24.845472">
        <ele>163.468464</ele>
      </trkpt>
      <trkpt lat="54.728398" lon="24.845459">
        <ele>163.62734</ele>
      </trkpt>
      <trkpt lat="54.7283" lon="24.845453">
        <ele>163.797966</ele>
      </trkpt>
      <trkpt lat="54.72819" lon="24.84545">
        <ele>163.989388</ele>
      </trkpt>
      <trkpt lat="54.728089" lon="24.845444">
        <ele>164.16523</ele>
      </trkpt>
      <trkpt lat="54.727997" lon="24.84545">
        <ele>164.325422</ele>
      </trkpt>
      <trkpt lat="54.727902" lon="24.845445">
        <ele>164.490797</ele>
      </trkpt>
      <trkpt lat="54.727808" lon="24.845453">
        <ele>164.654553</ele>
      </trkpt>
      <trkpt lat="54.727712" lon="24.845465">
        <ele>164.822026</ele>
      </trkpt>
      <trkpt lat="54.727615" lon="24.845447">
        <ele>164.991771</ele>
      </trkpt>
      <trkpt lat="54.727519" lon="24.845437">
        <ele>165.159112</ele>
      </trkpt>
      <trkpt lat="54.727415" lon="24.845438">
        <ele>165.340073</ele>
      </trkpt>
      <trkpt lat="54.727314" lon="24.845435">
        <ele>165.515837</ele>
      </trkpt>
      <trkpt lat="54.727223" lon="24.84543">
        <ele>165.669732</ele>
      </trkpt>
      <trkpt lat="54.72713" lon="24.845423">
        <ele>165.815877</ele>
      </trkpt>
      <trkpt lat="54.727033" lon="24.845412">
        <ele>165.968489</ele>
      </trkpt>
      <trkpt lat="54.726933" lon="24.845403">
        <ele>166.125697</ele>
      </trkpt>
      <trkpt lat="54.726805" lon="24.845375">
        <ele>166.328249</ele>
      </trkpt>
      <trkpt lat="54.726679" lon="24.845361">
        <ele>166.526471</ele>
      </trkpt>
      <trkpt lat="54.726559" lon="24.845334">
        <ele>166.71645</ele>
      </trkpt>
      <trkpt lat="54.726469" lon="24.845304">
        <ele>166.86034</ele>
      </trkpt>
      <trkpt lat="54.726353" lon="24.845282">
        <ele>167.043545</ele>
      </trkpt>
      <trkpt lat="54.726226" lon="24.845251">
        <ele>167.244901</ele>
      </trkpt>
      <trkpt lat="54.726118" lon="24.845226">
        <ele>167.415965</ele>
      </trkpt>
      <trkpt lat="54.725991" lon="24.845187">
        <ele>167.618461</ele>
      </trkpt>
      <trkpt lat="54.725881" lon="24.845167">
        <ele>167.792106</ele>
      </trkpt>
      <trkpt lat="54.72579" lon="24.845152">
        <ele>167.935618</ele>
      </trkpt>
      <trkpt lat="54.72598" lon="24.845204">
        <ele>168.237613</ele>
      </trkpt>
      <trkpt lat="54.726082" lon="24.845225">
        <ele>168.398877</ele>
      </trkpt>
      <trkpt lat="54.726194" lon="24.845244">
        <ele>168.290229</ele>
      </trkpt>
      <trkpt lat="54.726296" lon="24.845273">
        <ele>168.078464</ele>
      </trkpt>
      <trkpt lat="54.726408" lon="24.845322">
        <ele>167.841799</ele>
      </trkpt>
      <trkpt lat="54.726521" lon="24.845362">
        <ele>167.605508</ele>
      </trkpt>
      <trkpt lat="54.726634" lon="24.845381">
        <ele>167.372916</ele>
      </trkpt>
      <trkpt lat="54.726542" lon="24.845609">
        <ele>167.043848</ele>
      </trkpt>
      <trkpt lat="54.726544" lon="24.845783">
        <ele>166.83795</ele>
      </trkpt>
      <trkpt lat="54.726577" lon="24.845975">
        <ele>166.600951</ele>
      </trkpt>
      <trkpt lat="54.726609" lon="24.846165">
        <ele>166.3668</ele>
      </trkpt>
      <trkpt lat="54.726638" lon="24.846316">
        <ele>166.178534</ele>
      </trkpt>
      <trkpt lat="54.726683" lon="24.846492">
        <ele>165.950816</ele>
      </trkpt>
      <trkpt lat="54.72672" lon="24.846655">
        <ele>165.743611</ele>
      </trkpt>
      <trkpt lat="54.726756" lon="24.846828">
        <ele>165.526055</ele>
      </trkpt>
      <trkpt lat="54.726781" lon="24.846984">
        <ele>165.33452</ele>
      </trkpt>
      <trkpt lat="54.726784" lon="24.847166">
        <ele>165.119113</ele>
      </trkpt>
      <trkpt lat="54.726769" lon="24.84737">
        <ele>164.875816</ele>
      </trkpt>
      <trkpt lat="54.726773" lon="24.847533">
        <ele>164.761849</ele>
      </trkpt>
      <trkpt lat="54.726783" lon="24.847692">
        <ele>164.750525</ele>
      </trkpt>
      <trkpt lat="54.726792" lon="24.847861">
        <ele>164.73851</ele>
      </trkpt>
      <trkpt lat="54.7268" lon="24.848028">
        <ele>164.726646</ele>
      </trkpt>
      <trkpt lat="54.726814" lon="24.848184">
        <ele>164.715469</ele>
      </trkpt>
      <trkpt lat="54.726836" lon="24.848345">
        <ele>164.703755</ele>
      </trkpt>
      <trkpt lat="54.726907" lon="24.848746">
        <ele>164.674061</ele>
      </trkpt>
      <trkpt lat="54.726846" lon="24.848589">
        <ele>164.660664</ele>
      </trkpt>
      <trkpt lat="54.726827" lon="24.848402">
        <ele>164.647221</ele>
      </trkpt>
      <trkpt lat="54.726815" lon="24.848209">
        <ele>164.633478</ele>
      </trkpt>
      <trkpt lat="54.726811" lon="24.848019">
        <ele>164.620017</ele>
      </trkpt>
      <trkpt lat="54.726793" lon="24.847857">
        <ele>164.608338</ele>
      </trkpt>
      <trkpt lat="54.726784" lon="24.847678">
        <ele>164.595617</ele>
      </trkpt>
      <trkpt lat="54.726784" lon="24.847449">
        <ele>164.579404</ele>
      </trkpt>
      <trkpt lat="54.726795" lon="24.84729">
        <ele>164.568066</ele>
      </trkpt>
      <trkpt lat="54.7268" lon="24.847074">
        <ele>164.552762</ele>
      </trkpt>
      <trkpt lat="54.726784" lon="24.846871">
        <ele>164.681485</ele>
      </trkpt>
      <trkpt lat="54.726743" lon="24.846667">
        <ele>164.936247</ele>
      </trkpt>
      <trkpt lat="54.726689" lon="24.846478">
        <ele>165.184953</ele>
      </trkpt>
      <trkpt lat="54.726646" lon="24.846274">
        <ele>165.441087</ele>
      </trkpt>
      <trkpt lat="54.726612" lon="24.846082">
        <ele>165.677948</ele>
      </trkpt>
      <trkpt lat="54.726588" lon="24.8459">
        <ele>165.898133</ele>
      </trkpt>
      <trkpt lat="54.726558" lon="24.845706">
        <ele>166.135007</ele>
      </trkpt>
      <trkpt lat="54.726555" lon="24.845545">
        <ele>166.324997</ele>
      </trkpt>
      <trkpt lat="54.726589" lon="24.845381">
        <ele>166.530514</ele>
      </trkpt>
      <trkpt lat="54.726485" lon="24.845312">
        <ele>166.757981</ele>
      </trkpt>
      <trkpt lat="54.726386" lon="24.845286">
        <ele>166.962491</ele>
      </trkpt>
      <trkpt lat="54.726262" lon="24.845245">
        <ele>167.220325</ele>
      </trkpt>
      <trkpt lat="54.726171" lon="24.84522">
        <ele>167.408508</ele>
      </trkpt>
      <trkpt lat="54.726066" lon="24.8452">
        <ele>167.624254</ele>
      </trkpt>
      <trkpt lat="54.726313" lon="24.845271">
        <ele>168.135632</ele>
      </trkpt>
      <trkpt lat="54.726442" lon="24.845308">
        <ele>168.000428</ele>
      </trkpt>
      <trkpt lat="54.726532" lon="24.84533">
        <ele>167.777477</ele>
      </trkpt>
      <trkpt lat="54.726631" lon="24.845348">
        <ele>167.533304</ele>
      </trkpt>
      <trkpt lat="54.726732" lon="24.845364">
        <ele>167.284525</ele>
      </trkpt>
      <trkpt lat="54.726848" lon="24.84541">
        <ele>166.992622</ele>
      </trkpt>
      <trkpt lat="54.726969" lon="24.845435">
        <ele>166.693714</ele>
      </trkpt>
      <trkpt lat="54.727101" lon="24.845445">
        <ele>166.369619</ele>
      </trkpt>
      <trkpt lat="54.727196" lon="24.84544">
        <ele>166.136485</ele>
      </trkpt>
      <trkpt lat="54.727295" lon="24.845446">
        <ele>165.893498</ele>
      </trkpt>
      <trkpt lat="54.727387" lon="24.845448">
        <ele>165.667812</ele>
      </trkpt>
      <trkpt lat="54.72751" lon="24.845458">
        <ele>165.365771</ele>
      </trkpt>
      <trkpt lat="54.727612" lon="24.84546">
        <ele>165.115558</ele>
      </trkpt>
      <trkpt lat="54.727714" lon="24.845455">
        <ele>164.86526</ele>
      </trkpt>
      <trkpt lat="54.727821" lon="24.845454">
        <ele>164.602794</ele>
      </trkpt>
      <trkpt lat="54.727932" lon="24.845461">
        <ele>164.33034</ele>
      </trkpt>
      <trkpt lat="54.728042" lon="24.845465">
        <ele>164.06046</ele>
      </trkpt>
      <trkpt lat="54.728141" lon="24.845474">
        <ele>163.817287</ele>
      </trkpt>
      <trkpt lat="54.728246" lon="24.845468">
        <ele>163.593714</ele>
      </trkpt>
      <trkpt lat="54.728357" lon="24.845471">
        <ele>163.358811</ele>
      </trkpt>
      <trkpt lat="54.728464" lon="24.845489">
        <ele>163.131336</ele>
      </trkpt>
      <trkpt lat="54.728569" lon="24.845509">
        <ele>162.907818</ele>
      </trkpt>
      <trkpt lat="54.728662" lon="24.845527">
        <ele>162.709806</ele>
      </trkpt>
      <trkpt lat="54.728797" lon="24.845571">
        <ele>162.419134</ele>
      </trkpt>
      <trkpt lat="54.728897" lon="24.845599">
        <ele>162.204788</ele>
      </trkpt>
      <trkpt lat="54.728995" lon="24.845623">
        <ele>161.995358</ele>
      </trkpt>
      <trkpt lat="54.729091" lon="24.84563">
        <ele>161.792044</ele>
      </trkpt>
      <trkpt lat="54.729192" lon="24.84564">
        <ele>161.577981</ele>
      </trkpt>
      <trkpt lat="54.729287" lon="24.845642">
        <ele>161.376948</ele>
      </trkpt>
      <trkpt lat="54.729381" lon="24.845631">
        <ele>161.177592</ele>
      </trkpt>
      <trkpt lat="54.729479" lon="24.845612">
        <ele>160.968931</ele>
      </trkpt>
      <trkpt lat="54.729573" lon="24.845598">
        <ele>160.769294</ele>
      </trkpt>
      <trkpt lat="54.729671" lon="24.845555">
        <ele>160.555376</ele>
      </trkpt>
      <trkpt lat="54.729766" lon="24.845511">
        <ele>160.347293</ele>
      </trkpt>
      <trkpt lat="54.729865" lon="24.845458">
        <ele>160.12803</ele>
      </trkpt>
      <trkpt lat="54.729952" lon="24.845402">
        <ele>159.840008</ele>
      </trkpt>
      <trkpt lat="54.73004" lon="24.845349">
        <ele>159.386563</ele>
      </trkpt>
      <trkpt lat="54.730127" lon="24.845293">
        <ele>158.934844</ele>
      </trkpt>
      <trkpt lat="54.730211" lon="24.845235">
        <ele>158.494731</ele>
      </trkpt>
      <trkpt lat="54.730328" lon="24.845139">
        <ele>157.86463</ele>
      </trkpt>
      <trkpt lat="54.730413" lon="24.845068">
        <ele>157.405341</ele>
      </trkpt>
      <trkpt lat="54.7305" lon="24.845">
        <ele>156.940797</ele>
      </trkpt>
      <trkpt lat="54.730615" lon="24.844918">
        <ele>156.335523</ele>
      </trkpt>
      <trkpt lat="54.730695" lon="24.844843">
        <ele>155.892786</ele>
      </trkpt>
      <trkpt lat="54.73078" lon="24.84477">
        <ele>155.431029</ele>
      </trkpt>
      <trkpt lat="54.730908" lon="24.844664">
        <ele>154.740512</ele>
      </trkpt>
      <trkpt lat="54.730996" lon="24.844588">
        <ele>154.261927</ele>
      </trkpt>
      <trkpt lat="54.731083" lon="24.844515">
        <ele>153.79143</ele>
      </trkpt>
      <trkpt lat="54.731173" lon="24.844449">
        <ele>153.315762</ele>
      </trkpt>
      <trkpt lat="54.731292" lon="24.84436">
        <ele>152.684907</ele>
      </trkpt>
      <trkpt lat="54.731417" lon="24.844248">
        <ele>151.999952</ele>
      </trkpt>
      <trkpt lat="54.731504" lon="24.84417">
        <ele>151.523162</ele>
      </trkpt>
      <trkpt lat="54.731593" lon="24.844089">
        <ele>150.995547</ele>
      </trkpt>
      <trkpt lat="54.731674" lon="24.844012">
        <ele>150.465561</ele>
      </trkpt>
      <trkpt lat="54.731765" lon="24.843933">
        <ele>149.8817</ele>
      </trkpt>
      <trkpt lat="54.731863" lon="24.843851">
        <ele>149.257427</ele>
      </trkpt>
      <trkpt lat="54.73195" lon="24.843769">
        <ele>148.689302</ele>
      </trkpt>
      <trkpt lat="54.732029" lon="24.843681">
        <ele>148.15054</ele>
      </trkpt>
      <trkpt lat="54.732113" lon="24.843612">
        <ele>147.617288</ele>
      </trkpt>
      <trkpt lat="54.732237" lon="24.843506">
        <ele>146.824131</ele>
      </trkpt>
      <trkpt lat="54.732358" lon="24.843402">
        <ele>146.049334</ele>
      </trkpt>
      <trkpt lat="54.732454" lon="24.843322">
        <ele>145.438272</ele>
      </trkpt>
      <trkpt lat="54.732545" lon="24.843238">
        <ele>144.846808</ele>
      </trkpt>
      <trkpt lat="54.732631" lon="24.843162">
        <ele>144.293026</ele>
      </trkpt>
      <trkpt lat="54.732718" lon="24.843085">
        <ele>143.732629</ele>
      </trkpt>
      <trkpt lat="54.73281" lon="24.843004">
        <ele>143.140666</ele>
      </trkpt>
      <trkpt lat="54.732904" lon="24.842934">
        <ele>142.553775</ele>
      </trkpt>
      <trkpt lat="54.733002" lon="24.84285">
        <ele>141.926596</ele>
      </trkpt>
      <trkpt lat="54.733089" lon="24.842769">
        <ele>141.36005</ele>
      </trkpt>
      <trkpt lat="54.733183" lon="24.842689">
        <ele>140.875473</ele>
      </trkpt>
      <trkpt lat="54.733289" lon="24.842597">
        <ele>140.653655</ele>
      </trkpt>
      <trkpt lat="54.733394" lon="24.842511">
        <ele>140.436356</ele>
      </trkpt>
      <trkpt lat="54.733488" lon="24.842433">
        <ele>140.241354</ele>
      </trkpt>
      <trkpt lat="54.733578" lon="24.842356">
        <ele>140.053553</ele>
      </trkpt>
      <trkpt lat="54.733695" lon="24.842245">
        <ele>139.803975</ele>
      </trkpt>
      <trkpt lat="54.733816" lon="24.842144">
        <ele>139.552683</ele>
      </trkpt>
      <trkpt lat="54.733906" lon="24.842068">
        <ele>139.365359</ele>
      </trkpt>
      <trkpt lat="54.733996" lon="24.841998">
        <ele>139.180783</ele>
      </trkpt>
      <trkpt lat="54.734092" lon="24.841909">
        <ele>138.97707</ele>
      </trkpt>
      <trkpt lat="54.734188" lon="24.841827">
        <ele>138.776814</ele>
      </trkpt>
      <trkpt lat="54.73429" lon="24.841753">
        <ele>138.569922</ele>
      </trkpt>
      <trkpt lat="54.734393" lon="24.841665">
        <ele>138.355054</ele>
      </trkpt>
      <trkpt lat="54.734491" lon="24.841582">
        <ele>138.150963</ele>
      </trkpt>
      <trkpt lat="54.73458" lon="24.841517">
        <ele>137.970259</ele>
      </trkpt>
      <trkpt lat="54.734671" lon="24.841447">
        <ele>137.783976</ele>
      </trkpt>
      <trkpt lat="54.734796" lon="24.841376">
        <ele>137.54947</ele>
      </trkpt>
      <trkpt lat="54.734932" lon="24.841335">
        <ele>137.395158</ele>
      </trkpt>
      <trkpt lat="54.735025" lon="24.841319">
        <ele>137.290686</ele>
      </trkpt>
      <trkpt lat="54.735128" lon="24.841309">
        <ele>137.175368</ele>
      </trkpt>
      <trkpt lat="54.735235" lon="24.8413">
        <ele>137.055617</ele>
      </trkpt>
      <trkpt lat="54.73534" lon="24.841308">
        <ele>136.93813</ele>
      </trkpt>
      <trkpt lat="54.735437" lon="24.841316">
        <ele>136.829576</ele>
      </trkpt>
      <trkpt lat="54.73554" lon="24.841339">
        <ele>136.713485</ele>
      </trkpt>
      <trkpt lat="54.735632" lon="24.841361">
        <ele>136.609668</ele>
      </trkpt>
      <trkpt lat="54.735726" lon="24.841376">
        <ele>136.504145</ele>
      </trkpt>
      <trkpt lat="54.735826" lon="24.84139">
        <ele>136.391996</ele>
      </trkpt>
      <trkpt lat="54.735919" lon="24.841411">
        <ele>136.287157</ele>
      </trkpt>
      <trkpt lat="54.736051" lon="24.841436">
        <ele>136.138722</ele>
      </trkpt>
      <trkpt lat="54.736187" lon="24.841465">
        <ele>135.985547</ele>
      </trkpt>
      <trkpt lat="54.73628" lon="24.841491">
        <ele>135.880242</ele>
      </trkpt>
      <trkpt lat="54.736398" lon="24.841528">
        <ele>135.746192</ele>
      </trkpt>
      <trkpt lat="54.736519" lon="24.841553">
        <ele>135.609974</ele>
      </trkpt>
      <trkpt lat="54.736638" lon="24.841582">
        <ele>135.210369</ele>
      </trkpt>
      <trkpt lat="54.736741" lon="24.841606">
        <ele>134.71114</ele>
      </trkpt>
      <trkpt lat="54.736854" lon="24.841641">
        <ele>134.159723</ele>
      </trkpt>
      <trkpt lat="54.736944" lon="24.841646">
        <ele>133.727176</ele>
      </trkpt>
      <trkpt lat="54.737039" lon="24.841668">
        <ele>133.266772</ele>
      </trkpt>
      <trkpt lat="54.737132" lon="24.841689">
        <ele>132.816257</ele>
      </trkpt>
      <trkpt lat="54.737259" lon="24.841703">
        <ele>132.204964</ele>
      </trkpt>
      <trkpt lat="54.737353" lon="24.841721">
        <ele>131.750674</ele>
      </trkpt>
      <trkpt lat="54.737447" lon="24.841746">
        <ele>131.293843</ele>
      </trkpt>
      <trkpt lat="54.737545" lon="24.841767">
        <ele>130.819501</ele>
      </trkpt>
      <trkpt lat="54.737646" lon="24.84178">
        <ele>130.332999</ele>
      </trkpt>
      <trkpt lat="54.73774" lon="24.841797">
        <ele>129.879006</ele>
      </trkpt>
      <trkpt lat="54.737833" lon="24.841814">
        <ele>129.429789</ele>
      </trkpt>
      <trkpt lat="54.737925" lon="24.84183">
        <ele>128.985636</ele>
      </trkpt>
      <trkpt lat="54.738014" lon="24.841853">
        <ele>128.553383</ele>
      </trkpt>
      <trkpt lat="54.738136" lon="24.841893">
        <ele>127.956936</ele>
      </trkpt>
      <trkpt lat="54.738225" lon="24.841915">
        <ele>127.525084</ele>
      </trkpt>
      <trkpt lat="54.738349" lon="24.841945">
        <ele>126.923655</ele>
      </trkpt>
      <trkpt lat="54.738471" lon="24.841946">
        <ele>126.446718</ele>
      </trkpt>
      <trkpt lat="54.738594" lon="24.841942">
        <ele>125.967226</ele>
      </trkpt>
      <trkpt lat="54.738723" lon="24.841936">
        <ele>125.464251</ele>
      </trkpt>
      <trkpt lat="54.738815" lon="24.84192">
        <ele>125.103867</ele>
      </trkpt>
      <trkpt lat="54.738938" lon="24.841887">
        <ele>124.618743</ele>
      </trkpt>
      <trkpt lat="54.739026" lon="24.841851">
        <ele>124.266317</ele>
      </trkpt>
      <trkpt lat="54.739121" lon="24.841813">
        <ele>123.886299</ele>
      </trkpt>
      <trkpt lat="54.739252" lon="24.841766">
        <ele>123.364873</ele>
      </trkpt>
      <trkpt lat="54.739375" lon="24.841723">
        <ele>122.875799</ele>
      </trkpt>
      <trkpt lat="54.739497" lon="24.841661">
        <ele>122.380248</ele>
      </trkpt>
      <trkpt lat="54.739626" lon="24.841596">
        <ele>121.856614</ele>
      </trkpt>
      <trkpt lat="54.73975" lon="24.841553">
        <ele>121.36372</ele>
      </trkpt>
      <trkpt lat="54.739839" lon="24.841507">
        <ele>121.001719</ele>
      </trkpt>
      <trkpt lat="54.739941" lon="24.841452">
        <ele>120.585346</ele>
      </trkpt>
      <trkpt lat="54.740049" lon="24.841399">
        <ele>120.147836</ele>
      </trkpt>
      <trkpt lat="54.740159" lon="24.841347">
        <ele>119.863883</ele>
      </trkpt>
      <trkpt lat="54.740263" lon="24.841292">
        <ele>119.776293</ele>
      </trkpt>
      <trkpt lat="54.740368" lon="24.841236">
        <ele>119.687796</ele>
      </trkpt>
      <trkpt lat="54.740469" lon="24.841191">
        <ele>119.603792</ele>
      </trkpt>
      <trkpt lat="54.740569" lon="24.841151">
        <ele>119.521121</ele>
      </trkpt>
      <trkpt lat="54.740667" lon="24.841107">
        <ele>119.439572</ele>
      </trkpt>
      <trkpt lat="54.740771" lon="24.841061">
        <ele>119.353111</ele>
      </trkpt>
      <trkpt lat="54.740868" lon="24.84102">
        <ele>119.272684</ele>
      </trkpt>
      <trkpt lat="54.740967" lon="24.840978">
        <ele>119.190582</ele>
      </trkpt>
      <trkpt lat="54.741064" lon="24.84093">
        <ele>119.109322</ele>
      </trkpt>
      <trkpt lat="54.741165" lon="24.840881">
        <ele>119.024835</ele>
      </trkpt>
      <trkpt lat="54.741254" lon="24.840839">
        <ele>118.950532</ele>
      </trkpt>
      <trkpt lat="54.74134" lon="24.840795">
        <ele>118.8783</ele>
      </trkpt>
      <trkpt lat="54.741431" lon="24.840745">
        <ele>118.801399</ele>
      </trkpt>
      <trkpt lat="54.741529" lon="24.840691">
        <ele>118.718562</ele>
      </trkpt>
      <trkpt lat="54.741634" lon="24.840646">
        <ele>118.631433</ele>
      </trkpt>
      <trkpt lat="54.741744" lon="24.840598">
        <ele>118.540059</ele>
      </trkpt>
      <trkpt lat="54.741849" lon="24.84055">
        <ele>118.456567</ele>
      </trkpt>
      <trkpt lat="54.741946" lon="24.840508">
        <ele>118.451094</ele>
      </trkpt>
      <trkpt lat="54.742041" lon="24.840459">
        <ele>118.445669</ele>
      </trkpt>
      <trkpt lat="54.742146" lon="24.840408">
        <ele>118.439701</ele>
      </trkpt>
      <trkpt lat="54.742259" lon="24.840349">
        <ele>118.433242</ele>
      </trkpt>
      <trkpt lat="54.742367" lon="24.840299">
        <ele>118.427123</ele>
      </trkpt>
      <trkpt lat="54.742474" lon="24.840262">
        <ele>118.421152</ele>
      </trkpt>
      <trkpt lat="54.742577" lon="24.840213">
        <ele>118.415306</ele>
      </trkpt>
      <trkpt lat="54.74268" lon="24.840158">
        <ele>118.409407</ele>
      </trkpt>
      <trkpt lat="54.742785" lon="24.840104">
        <ele>118.403412</ele>
      </trkpt>
      <trkpt lat="54.74289" lon="24.840059">
        <ele>118.397492</ele>
      </trkpt>
      <trkpt lat="54.742995" lon="24.840006">
        <ele>118.391507</ele>
      </trkpt>
      <trkpt lat="54.743103" lon="24.839955">
        <ele>118.38538</ele>
      </trkpt>
      <trkpt lat="54.743206" lon="24.839914">
        <ele>118.379596</ele>
      </trkpt>
      <trkpt lat="54.743315" lon="24.839874">
        <ele>118.373498</ele>
      </trkpt>
      <trkpt lat="54.743422" lon="24.83985">
        <ele>118.367593</ele>
      </trkpt>
      <trkpt lat="54.743525" lon="24.839831">
        <ele>118.361924</ele>
      </trkpt>
      <trkpt lat="54.743625" lon="24.839817">
        <ele>118.425978</ele>
      </trkpt>
      <trkpt lat="54.743723" lon="24.839807">
        <ele>118.609003</ele>
      </trkpt>
      <trkpt lat="54.743854" lon="24.839807">
        <ele>118.853235</ele>
      </trkpt>
      <trkpt lat="54.743988" lon="24.839812">
        <ele>119.103118</ele>
      </trkpt>
      <trkpt lat="54.74411" lon="24.839832">
        <ele>119.331587</ele>
      </trkpt>
      <trkpt lat="54.744241" lon="24.839851">
        <ele>119.576673</ele>
      </trkpt>
      <trkpt lat="54.744361" lon="24.839901">
        <ele>119.806777</ele>
      </trkpt>
      <trkpt lat="54.744472" lon="24.839935">
        <ele>120.016932</ele>
      </trkpt>
      <trkpt lat="54.744598" lon="24.839987">
        <ele>120.258415</ele>
      </trkpt>
      <trkpt lat="54.7447" lon="24.840065">
        <ele>120.466283</ele>
      </trkpt>
      <trkpt lat="54.74482" lon="24.840104">
        <ele>120.69391</ele>
      </trkpt>
      <trkpt lat="54.744912" lon="24.840147">
        <ele>120.871564</ele>
      </trkpt>
      <trkpt lat="54.745" lon="24.840195">
        <ele>121.043568</ele>
      </trkpt>
      <trkpt lat="54.745097" lon="24.840241">
        <ele>121.231064</ele>
      </trkpt>
      <trkpt lat="54.745212" lon="24.8403">
        <ele>121.45467</ele>
      </trkpt>
      <trkpt lat="54.745322" lon="24.840341">
        <ele>121.664443</ele>
      </trkpt>
      <trkpt lat="54.745446" lon="24.840405">
        <ele>121.880136</ele>
      </trkpt>
      <trkpt lat="54.745535" lon="24.840459">
        <ele>122.032801</ele>
      </trkpt>
      <trkpt lat="54.745621" lon="24.840505">
        <ele>122.178513</ele>
      </trkpt>
      <trkpt lat="54.745719" lon="24.840545">
        <ele>122.341511</ele>
      </trkpt>
      <trkpt lat="54.745831" lon="24.840609">
        <ele>122.532439</ele>
      </trkpt>
      <trkpt lat="54.745949" lon="24.840662">
        <ele>122.729787</ele>
      </trkpt>
      <trkpt lat="54.746068" lon="24.840703">
        <ele>122.926212</ele>
      </trkpt>
      <trkpt lat="54.746157" lon="24.840743">
        <ele>123.075065</ele>
      </trkpt>
      <trkpt lat="54.746248" lon="24.840791">
        <ele>123.229064</ele>
      </trkpt>
      <trkpt lat="54.74634" lon="24.84084">
        <ele>123.384884</ele>
      </trkpt>
      <trkpt lat="54.746436" lon="24.840889">
        <ele>123.546905</ele>
      </trkpt>
      <trkpt lat="54.74653" lon="24.840933">
        <ele>123.70454</ele>
      </trkpt>
      <trkpt lat="54.746625" lon="24.840979">
        <ele>123.864232</ele>
      </trkpt>
      <trkpt lat="54.746719" lon="24.841027">
        <ele>124.022883</ele>
      </trkpt>
      <trkpt lat="54.746812" lon="24.841072">
        <ele>124.179204</ele>
      </trkpt>
      <trkpt lat="54.746905" lon="24.841124">
        <ele>124.337411</ele>
      </trkpt>
      <trkpt lat="54.747003" lon="24.841184">
        <ele>124.50568</ele>
      </trkpt>
      <trkpt lat="54.747102" lon="24.841237">
        <ele>124.676752</ele>
      </trkpt>
      <trkpt lat="54.747204" lon="24.8413">
        <ele>124.863748</ele>
      </trkpt>
      <trkpt lat="54.747298" lon="24.84136">
        <ele>125.036737</ele>
      </trkpt>
      <trkpt lat="54.747399" lon="24.841409">
        <ele>125.217858</ele>
      </trkpt>
      <trkpt lat="54.747499" lon="24.841478">
        <ele>125.403733</ele>
      </trkpt>
      <trkpt lat="54.747601" lon="24.841548">
        <ele>125.593186</ele>
      </trkpt>
      <trkpt lat="54.747705" lon="24.841611">
        <ele>125.783439</ele>
      </trkpt>
      <trkpt lat="54.747807" lon="24.841683">
        <ele>125.973635</ele>
      </trkpt>
      <trkpt lat="54.747918" lon="24.841753">
        <ele>126.177617</ele>
      </trkpt>
      <trkpt lat="54.748035" lon="24.84184">
        <ele>126.39748</ele>
      </trkpt>
      <trkpt lat="54.748156" lon="24.841937">
        <ele>126.627711</ele>
      </trkpt>
      <trkpt lat="54.748277" lon="24.842033">
        <ele>126.857525</ele>
      </trkpt>
      <trkpt lat="54.748397" lon="24.84212">
        <ele>127.082157</ele>
      </trkpt>
      <trkpt lat="54.748515" lon="24.842206">
        <ele>127.303219</ele>
      </trkpt>
      <trkpt lat="54.748643" lon="24.842288">
        <ele>127.53888</ele>
      </trkpt>
      <trkpt lat="54.748762" lon="24.842381">
        <ele>127.710971</ele>
      </trkpt>
      <trkpt lat="54.748881" lon="24.842467">
        <ele>127.591531</ele>
      </trkpt>
      <trkpt lat="54.74899" lon="24.842553">
        <ele>127.480584</ele>
      </trkpt>
      <trkpt lat="54.749101" lon="24.842627">
        <ele>127.370411</ele>
      </trkpt>
      <trkpt lat="54.749215" lon="24.84271">
        <ele>127.255863</ele>
      </trkpt>
      <trkpt lat="54.749324" lon="24.842779">
        <ele>127.148364</ele>
      </trkpt>
      <trkpt lat="54.749434" lon="24.842852">
        <ele>127.039248</ele>
      </trkpt>
      <trkpt lat="54.749538" lon="24.842961">
        <ele>126.926654</ele>
      </trkpt>
      <trkpt lat="54.749639" lon="24.843035">
        <ele>126.825072</ele>
      </trkpt>
      <trkpt lat="54.749729" lon="24.843107">
        <ele>126.733244</ele>
      </trkpt>
      <trkpt lat="54.749829" lon="24.843178">
        <ele>126.633134</ele>
      </trkpt>
      <trkpt lat="54.749944" lon="24.843257">
        <ele>126.518537</ele>
      </trkpt>
      <trkpt lat="54.750059" lon="24.843341">
        <ele>126.402929</ele>
      </trkpt>
      <trkpt lat="54.750175" lon="24.843436">
        <ele>126.284074</ele>
      </trkpt>
      <trkpt lat="54.750293" lon="24.843526">
        <ele>126.164644</ele>
      </trkpt>
      <trkpt lat="54.750415" lon="24.843618">
        <ele>126.03459</ele>
      </trkpt>
      <trkpt lat="54.750527" lon="24.843707">
        <ele>125.885235</ele>
      </trkpt>
      <trkpt lat="54.750638" lon="24.843788">
        <ele>125.739242</ele>
      </trkpt>
      <trkpt lat="54.750742" lon="24.84387">
        <ele>125.600742</ele>
      </trkpt>
      <trkpt lat="54.75084" lon="24.843944">
        <ele>125.471164</ele>
      </trkpt>
      <trkpt lat="54.750929" lon="24.844019">
        <ele>125.351202</ele>
      </trkpt>
      <trkpt lat="54.751019" lon="24.844092">
        <ele>125.230749</ele>
      </trkpt>
      <trkpt lat="54.751125" lon="24.844188">
        <ele>125.08577</ele>
      </trkpt>
      <trkpt lat="54.751191" lon="24.844296">
        <ele>124.975733</ele>
      </trkpt>
      <trkpt lat="54.751258" lon="24.844521">
        <ele>124.798616</ele>
      </trkpt>
      <trkpt lat="54.751155" lon="24.844658">
        <ele>124.641223</ele>
      </trkpt>
      <trkpt lat="54.751067" lon="24.844773">
        <ele>124.507619</ele>
      </trkpt>
      <trkpt lat="54.750971" lon="24.844897">
        <ele>124.362479</ele>
      </trkpt>
      <trkpt lat="54.750874" lon="24.845029">
        <ele>124.212976</ele>
      </trkpt>
      <trkpt lat="54.750776" lon="24.845168">
        <ele>124.059463</ele>
      </trkpt>
      <trkpt lat="54.750671" lon="24.845304">
        <ele>123.900559</ele>
      </trkpt>
      <trkpt lat="54.750561" lon="24.845448">
        <ele>123.743572</ele>
      </trkpt>
      <trkpt lat="54.750447" lon="24.845607">
        <ele>123.578172</ele>
      </trkpt>
      <trkpt lat="54.750332" lon="24.845772">
        <ele>123.409421</ele>
      </trkpt>
      <trkpt lat="54.750213" lon="24.845926">
        <ele>123.241553</ele>
      </trkpt>
      <trkpt lat="54.750097" lon="24.846087">
        <ele>123.073573</ele>
      </trkpt>
      <trkpt lat="54.749986" lon="24.846245">
        <ele>122.911214</ele>
      </trkpt>
      <trkpt lat="54.749872" lon="24.846404">
        <ele>122.745813</ele>
      </trkpt>
      <trkpt lat="54.749756" lon="24.846557">
        <ele>122.581045</ele>
      </trkpt>
      <trkpt lat="54.749638" lon="24.84671">
        <ele>122.414472</ele>
      </trkpt>
      <trkpt lat="54.749517" lon="24.846867">
        <ele>122.243621</ele>
      </trkpt>
      <trkpt lat="54.749406" lon="24.847008">
        <ele>122.088065</ele>
      </trkpt>
      <trkpt lat="54.749294" lon="24.847166">
        <ele>121.92483</ele>
      </trkpt>
      <trkpt lat="54.749183" lon="24.847329">
        <ele>121.859973</ele>
      </trkpt>
      <trkpt lat="54.749069" lon="24.847487">
        <ele>121.877515</ele>
      </trkpt>
      <trkpt lat="54.748953" lon="24.847647">
        <ele>121.895332</ele>
      </trkpt>
      <trkpt lat="54.74883" lon="24.847807">
        <ele>121.913815</ele>
      </trkpt>
      <trkpt lat="54.748711" lon="24.847968">
        <ele>121.931958</ele>
      </trkpt>
      <trkpt lat="54.748587" lon="24.848135">
        <ele>121.950831</ele>
      </trkpt>
      <trkpt lat="54.74847" lon="24.848298">
        <ele>121.968872</ele>
      </trkpt>
      <trkpt lat="54.748352" lon="24.848452">
        <ele>121.986624</ele>
      </trkpt>
      <trkpt lat="54.748234" lon="24.848623">
        <ele>122.00511</ele>
      </trkpt>
      <trkpt lat="54.748115" lon="24.84878">
        <ele>122.023084</ele>
      </trkpt>
      <trkpt lat="54.747996" lon="24.848926">
        <ele>122.040606</ele>
      </trkpt>
      <trkpt lat="54.747877" lon="24.849092">
        <ele>122.058965</ele>
      </trkpt>
      <trkpt lat="54.747754" lon="24.849263">
        <ele>122.136736</ele>
      </trkpt>
      <trkpt lat="54.747627" lon="24.849435">
        <ele>122.256262</ele>
      </trkpt>
      <trkpt lat="54.7475" lon="24.849607">
        <ele>122.375787</ele>
      </trkpt>
      <trkpt lat="54.747376" lon="24.849782">
        <ele>122.494375</ele>
      </trkpt>
      <trkpt lat="54.747248" lon="24.849955">
        <ele>122.614748</ele>
      </trkpt>
      <trkpt lat="54.747129" lon="24.850112">
        <ele>122.725656</ele>
      </trkpt>
      <trkpt lat="54.747011" lon="24.850278">
        <ele>122.838362</ele>
      </trkpt>
      <trkpt lat="54.746887" lon="24.850438">
        <ele>122.953004</ele>
      </trkpt>
      <trkpt lat="54.746763" lon="24.850605">
        <ele>123.06946</ele>
      </trkpt>
      <trkpt lat="54.746645" lon="24.850776">
        <ele>123.183527</ele>
      </trkpt>
      <trkpt lat="54.746527" lon="24.850933">
        <ele>123.293846</ele>
      </trkpt>
      <trkpt lat="54.746409" lon="24.851091">
        <ele>123.403714</ele>
      </trkpt>
      <trkpt lat="54.746293" lon="24.851257">
        <ele>123.496433</ele>
      </trkpt>
      <trkpt lat="54.74617" lon="24.851422">
        <ele>123.592299</ele>
      </trkpt>
      <trkpt lat="54.74604" lon="24.851592">
        <ele>123.692673</ele>
      </trkpt>
      <trkpt lat="54.745919" lon="24.85175">
        <ele>123.786048</ele>
      </trkpt>
      <trkpt lat="54.745796" lon="24.851919">
        <ele>123.882793</ele>
      </trkpt>
      <trkpt lat="54.745678" lon="24.852095">
        <ele>123.978748</ele>
      </trkpt>
      <trkpt lat="54.745565" lon="24.852262">
        <ele>124.07028</ele>
      </trkpt>
      <trkpt lat="54.745463" lon="24.852416">
        <ele>124.153659</ele>
      </trkpt>
      <trkpt lat="54.745362" lon="24.852574">
        <ele>124.237521</ele>
      </trkpt>
      <trkpt lat="54.745248" lon="24.852722">
        <ele>124.325311</ele>
      </trkpt>
      <trkpt lat="54.745143" lon="24.852882">
        <ele>124.411487</ele>
      </trkpt>
      <trkpt lat="54.745033" lon="24.853033">
        <ele>124.497976</ele>
      </trkpt>
      <trkpt lat="54.744915" lon="24.85321">
        <ele>124.587092</ele>
      </trkpt>
      <trkpt lat="54.744796" lon="24.853391">
        <ele>124.676609</ele>
      </trkpt>
      <trkpt lat="54.74467" lon="24.853569">
        <ele>124.768516</ele>
      </trkpt>
      <trkpt lat="54.74455" lon="24.85376">
        <ele>124.860635</ele>
      </trkpt>
      <trkpt lat="54.744432" lon="24.853956">
        <ele>124.953046</ele>
      </trkpt>
      <trkpt lat="54.744312" lon="24.854139">
        <ele>125.043419</ele>
      </trkpt>
      <trkpt lat="54.744196" lon="24.854321">
        <ele>125.131889</ele>
      </trkpt>
      <trkpt lat="54.744081" lon="24.854506">
        <ele>125.220604</ele>
      </trkpt>
      <trkpt lat="54.743966" lon="24.854685">
        <ele>125.307998</ele>
      </trkpt>
      <trkpt lat="54.743849" lon="24.854863">
        <ele>125.396021</ele>
      </trkpt>
      <trkpt lat="54.743749" lon="24.85505">
        <ele>125.479201</ele>
      </trkpt>
      <trkpt lat="54.743647" lon="24.855228">
        <ele>125.403085</ele>
      </trkpt>
      <trkpt lat="54.743546" lon="24.85541">
        <ele>125.120321</ele>
      </trkpt>
      <trkpt lat="54.743445" lon="24.855589">
        <ele>124.83997</ele>
      </trkpt>
      <trkpt lat="54.74334" lon="24.855774">
        <ele>124.549386</ele>
      </trkpt>
      <trkpt lat="54.743234" lon="24.855947">
        <ele>124.266818</ele>
      </trkpt>
      <trkpt lat="54.743127" lon="24.85612">
        <ele>123.982835</ele>
      </trkpt>
      <trkpt lat="54.743018" lon="24.8563">
        <ele>123.690648</ele>
      </trkpt>
      <trkpt lat="54.74291" lon="24.85649">
        <ele>123.391989</ele>
      </trkpt>
      <trkpt lat="54.7428" lon="24.856682">
        <ele>123.089007</ele>
      </trkpt>
      <trkpt lat="54.74269" lon="24.856883">
        <ele>122.778789</ele>
      </trkpt>
      <trkpt lat="54.742585" lon="24.857072">
        <ele>122.484991</ele>
      </trkpt>
      <trkpt lat="54.742477" lon="24.857255">
        <ele>122.191865</ele>
      </trkpt>
      <trkpt lat="54.742378" lon="24.857428">
        <ele>122.026538</ele>
      </trkpt>
      <trkpt lat="54.742285" lon="24.857603">
        <ele>122.006011</ele>
      </trkpt>
      <trkpt lat="54.7422" lon="24.857768">
        <ele>121.986926</ele>
      </trkpt>
      <trkpt lat="54.742115" lon="24.857933">
        <ele>121.967841</ele>
      </trkpt>
      <trkpt lat="54.742017" lon="24.858114">
        <ele>121.946425</ele>
      </trkpt>
      <trkpt lat="54.741916" lon="24.858305">
        <ele>121.924071</ele>
      </trkpt>
      <trkpt lat="54.741809" lon="24.858512">
        <ele>121.900091</ele>
      </trkpt>
      <trkpt lat="54.741699" lon="24.858718">
        <ele>121.875874</ele>
      </trkpt>
      <trkpt lat="54.741595" lon="24.858919">
        <ele>121.852579</ele>
      </trkpt>
      <trkpt lat="54.741486" lon="24.859106">
        <ele>121.829645</ele>
      </trkpt>
      <trkpt lat="54.741393" lon="24.859278">
        <ele>121.809307</ele>
      </trkpt>
      <trkpt lat="54.741315" lon="24.859425">
        <ele>121.792075</ele>
      </trkpt>
      <trkpt lat="54.741241" lon="24.859583">
        <ele>121.774516</ele>
      </trkpt>
      <trkpt lat="54.741176" lon="24.859744">
        <ele>121.87071</ele>
      </trkpt>
      <trkpt lat="54.741131" lon="24.859912">
        <ele>122.054401</ele>
      </trkpt>
      <trkpt lat="54.741122" lon="24.860084">
        <ele>122.225696</ele>
      </trkpt>
      <trkpt lat="54.741158" lon="24.860279">
        <ele>122.428752</ele>
      </trkpt>
      <trkpt lat="54.7412" lon="24.860499">
        <ele>122.658577</ele>
      </trkpt>
      <trkpt lat="54.741255" lon="24.86069">
        <ele>122.870278</ele>
      </trkpt>
      <trkpt lat="54.741316" lon="24.860882">
        <ele>123.087644</ele>
      </trkpt>
      <trkpt lat="54.741358" lon="24.861034">
        <ele>123.254782</ele>
      </trkpt>
      <trkpt lat="54.741396" lon="24.86119">
        <ele>123.422718</ele>
      </trkpt>
      <trkpt lat="54.741436" lon="24.861347">
        <ele>123.592926</ele>
      </trkpt>
      <trkpt lat="54.741471" lon="24.861501">
        <ele>123.757078</ele>
      </trkpt>
      <trkpt lat="54.741498" lon="24.861696">
        <ele>123.955968</ele>
      </trkpt>
      <trkpt lat="54.74153" lon="24.86188">
        <ele>124.146566</ele>
      </trkpt>
      <trkpt lat="54.741564" lon="24.862089">
        <ele>124.36193</ele>
      </trkpt>
      <trkpt lat="54.741601" lon="24.862282">
        <ele>124.563631</ele>
      </trkpt>
      <trkpt lat="54.74165" lon="24.862458">
        <ele>124.757432</ele>
      </trkpt>
      <trkpt lat="54.7417" lon="24.862602">
        <ele>124.905847</ele>
      </trkpt>
      <trkpt lat="54.741755" lon="24.862745">
        <ele>125.029962</ele>
      </trkpt>
      <trkpt lat="54.741811" lon="24.862921">
        <ele>125.175118</ele>
      </trkpt>
      <trkpt lat="54.741859" lon="24.863096">
        <ele>125.315063</ele>
      </trkpt>
      <trkpt lat="54.741871" lon="24.863296">
        <ele>125.460301</ele>
      </trkpt>
      <trkpt lat="54.741884" lon="24.863508">
        <ele>125.614289</ele>
      </trkpt>
      <trkpt lat="54.741908" lon="24.863665">
        <ele>125.731598</ele>
      </trkpt>
      <trkpt lat="54.741927" lon="24.863841">
        <ele>125.860926</ele>
      </trkpt>
      <trkpt lat="54.741944" lon="24.864032">
        <ele>126.000514</ele>
      </trkpt>
      <trkpt lat="54.741944" lon="24.864214">
        <ele>126.131972</ele>
      </trkpt>
      <trkpt lat="54.741954" lon="24.864373">
        <ele>126.247496</ele>
      </trkpt>
      <trkpt lat="54.741969" lon="24.864533">
        <ele>126.364578</ele>
      </trkpt>
      <trkpt lat="54.741987" lon="24.864706">
        <ele>126.491548</ele>
      </trkpt>
      <trkpt lat="54.742019" lon="24.864875">
        <ele>126.620015</ele>
      </trkpt>
      <trkpt lat="54.742038" lon="24.865049">
        <ele>126.747922</ele>
      </trkpt>
      <trkpt lat="54.742039" lon="24.865217">
        <ele>126.869274</ele>
      </trkpt>
      <trkpt lat="54.742044" lon="24.865387">
        <ele>126.992223</ele>
      </trkpt>
      <trkpt lat="54.742043" lon="24.865549">
        <ele>127.102246</ele>
      </trkpt>
      <trkpt lat="54.742051" lon="24.865715">
        <ele>126.745941</ele>
      </trkpt>
      <trkpt lat="54.742069" lon="24.865875">
        <ele>126.397266</ele>
      </trkpt>
      <trkpt lat="54.742079" lon="24.86606">
        <ele>125.999825</ele>
      </trkpt>
      <trkpt lat="54.742079" lon="24.866238">
        <ele>125.619088</ele>
      </trkpt>
      <trkpt lat="54.74209" lon="24.866398">
        <ele>125.274433</ele>
      </trkpt>
      <trkpt lat="54.742104" lon="24.866552">
        <ele>124.940971</ele>
      </trkpt>
      <trkpt lat="54.742129" lon="24.866782">
        <ele>124.440362</ele>
      </trkpt>
      <trkpt lat="54.742154" lon="24.866934">
        <ele>124.102299</ele>
      </trkpt>
      <trkpt lat="54.742177" lon="24.867141">
        <ele>123.651405</ele>
      </trkpt>
      <trkpt lat="54.742203" lon="24.867317">
        <ele>123.262815</ele>
      </trkpt>
      <trkpt lat="54.742223" lon="24.867472">
        <ele>122.923093</ele>
      </trkpt>
      <trkpt lat="54.742251" lon="24.867668">
        <ele>122.491208</ele>
      </trkpt>
      <trkpt lat="54.74226" lon="24.867826">
        <ele>122.15161</ele>
      </trkpt>
      <trkpt lat="54.742288" lon="24.867996">
        <ele>121.773475</ele>
      </trkpt>
      <trkpt lat="54.742304" lon="24.868165">
        <ele>121.40716</ele>
      </trkpt>
      <trkpt lat="54.742308" lon="24.868354">
        <ele>121.002625</ele>
      </trkpt>
      <trkpt lat="54.742304" lon="24.868547">
        <ele>120.589539</ele>
      </trkpt>
      <trkpt lat="54.742285" lon="24.868744">
        <ele>120.489338</ele>
      </trkpt>
      <trkpt lat="54.742257" lon="24.868956">
        <ele>120.56657</ele>
      </trkpt>
      <trkpt lat="54.742211" lon="24.869158">
        <ele>120.643685</ele>
      </trkpt>
      <trkpt lat="54.742177" lon="24.869379">
        <ele>120.724908</ele>
      </trkpt>
      <trkpt lat="54.742185" lon="24.869618">
        <ele>120.809925</ele>
      </trkpt>
      <trkpt lat="54.742217" lon="24.869777">
        <ele>120.869724</ele>
      </trkpt>
      <trkpt lat="54.742261" lon="24.869919">
        <ele>120.926957</ele>
      </trkpt>
      <trkpt lat="54.742318" lon="24.870129">
        <ele>121.009366</ele>
      </trkpt>
      <trkpt lat="54.742351" lon="24.870277">
        <ele>121.065709</ele>
      </trkpt>
      <trkpt lat="54.742382" lon="24.870496">
        <ele>121.145786</ele>
      </trkpt>
      <trkpt lat="54.742374" lon="24.870714">
        <ele>121.223359</ele>
      </trkpt>
      <trkpt lat="54.742356" lon="24.870878">
        <ele>121.282643</ele>
      </trkpt>
      <trkpt lat="54.742339" lon="24.871059">
        <ele>121.347766</ele>
      </trkpt>
      <trkpt lat="54.742326" lon="24.871248">
        <ele>121.415359</ele>
      </trkpt>
      <trkpt lat="54.742317" lon="24.871439">
        <ele>121.483413</ele>
      </trkpt>
      <trkpt lat="54.742303" lon="24.871614">
        <ele>121.546154</ele>
      </trkpt>
      <trkpt lat="54.742294" lon="24.871811">
        <ele>121.379996</ele>
      </trkpt>
      <trkpt lat="54.742281" lon="24.872009">
        <ele>121.201283</ele>
      </trkpt>
      <trkpt lat="54.742266" lon="24.872227">
        <ele>121.004393</ele>
      </trkpt>
      <trkpt lat="54.742265" lon="24.872431">
        <ele>120.821437</ele>
      </trkpt>
      <trkpt lat="54.742274" lon="24.872636">
        <ele>120.637059</ele>
      </trkpt>
      <trkpt lat="54.742307" lon="24.872834">
        <ele>120.452238</ele>
      </trkpt>
      <trkpt lat="54.742361" lon="24.872972">
        <ele>120.302723</ele>
      </trkpt>
      <trkpt lat="54.742442" lon="24.873082">
        <ele>120.142825</ele>
      </trkpt>
      <trkpt lat="54.742546" lon="24.873191">
        <ele>119.953984</ele>
      </trkpt>
      <trkpt lat="54.742649" lon="24.873303">
        <ele>119.765053</ele>
      </trkpt>
      <trkpt lat="54.742715" lon="24.873427">
        <ele>119.613792</ele>
      </trkpt>
      <trkpt lat="54.742796" lon="24.873537">
        <ele>119.453895</ele>
      </trkpt>
      <trkpt lat="54.742889" lon="24.873622">
        <ele>119.290536</ele>
      </trkpt>
      <trkpt lat="54.742987" lon="24.873666">
        <ele>119.133255</ele>
      </trkpt>
      <trkpt lat="54.743085" lon="24.873678">
        <ele>118.980624</ele>
      </trkpt>
      <trkpt lat="54.743189" lon="24.873688">
        <ele>118.818803</ele>
      </trkpt>
      <trkpt lat="54.743301" lon="24.873749">
        <ele>119.018286</ele>
      </trkpt>
      <trkpt lat="54.743386" lon="24.873818">
        <ele>119.342217</ele>
      </trkpt>
      <trkpt lat="54.743485" lon="24.873912">
        <ele>119.731802</ele>
      </trkpt>
      <trkpt lat="54.743566" lon="24.874005">
        <ele>120.067139</ele>
      </trkpt>
      <trkpt lat="54.743637" lon="24.874103">
        <ele>120.380411</ele>
      </trkpt>
      <trkpt lat="54.743661" lon="24.874261">
        <ele>120.705857</ele>
      </trkpt>
      <trkpt lat="54.743657" lon="24.874426">
        <ele>121.034822</ele>
      </trkpt>
      <trkpt lat="54.743655" lon="24.874623">
        <ele>121.427301</ele>
      </trkpt>
      <trkpt lat="54.743641" lon="24.874824">
        <ele>121.830591</ele>
      </trkpt>
      <trkpt lat="54.743626" lon="24.875016">
        <ele>122.216537</ele>
      </trkpt>
      <trkpt lat="54.743602" lon="24.875187">
        <ele>122.567088</ele>
      </trkpt>
      <trkpt lat="54.743568" lon="24.875348">
        <ele>122.908585</ele>
      </trkpt>
      <trkpt lat="54.743522" lon="24.875499">
        <ele>123.248691</ele>
      </trkpt>
      <trkpt lat="54.743474" lon="24.875662">
        <ele>123.613194</ele>
      </trkpt>
      <trkpt lat="54.743413" lon="24.87583">
        <ele>124.008547</ele>
      </trkpt>
      <trkpt lat="54.743346" lon="24.876006">
        <ele>124.428511</ele>
      </trkpt>
      <trkpt lat="54.743274" lon="24.87618">
        <ele>124.854973</ele>
      </trkpt>
      <trkpt lat="54.743222" lon="24.876355">
        <ele>124.989909</ele>
      </trkpt>
      <trkpt lat="54.743188" lon="24.876537">
        <ele>125.027393</ele>
      </trkpt>
      <trkpt lat="54.743177" lon="24.876723">
        <ele>125.064031</ele>
      </trkpt>
      <trkpt lat="54.743165" lon="24.876879">
        <ele>125.094869</ele>
      </trkpt>
      <trkpt lat="54.743151" lon="24.877042">
        <ele>125.12716</ele>
      </trkpt>
      <trkpt lat="54.743131" lon="24.877264">
        <ele>125.171188</ele>
      </trkpt>
      <trkpt lat="54.743113" lon="24.877483">
        <ele>125.214534</ele>
      </trkpt>
      <trkpt lat="54.743097" lon="24.877713">
        <ele>125.259928</ele>
      </trkpt>
      <trkpt lat="54.74308" lon="24.877921">
        <ele>125.301092</ele>
      </trkpt>
      <trkpt lat="54.743063" lon="24.878122">
        <ele>125.340899</ele>
      </trkpt>
      <trkpt lat="54.74305" lon="24.878295">
        <ele>125.375084</ele>
      </trkpt>
      <trkpt lat="54.743032" lon="24.878454">
        <ele>125.406834</ele>
      </trkpt>
      <trkpt lat="54.743014" lon="24.878632">
        <ele>125.442244</ele>
      </trkpt>
      <trkpt lat="54.742992" lon="24.878831">
        <ele>125.481947</ele>
      </trkpt>
      <trkpt lat="54.74297" lon="24.879026">
        <ele>125.52088</ele>
      </trkpt>
      <trkpt lat="54.742951" lon="24.879225">
        <ele>125.560404</ele>
      </trkpt>
      <trkpt lat="54.742937" lon="24.87938">
        <ele>125.524887</ele>
      </trkpt>
      <trkpt lat="54.742912" lon="24.879597">
        <ele>125.414832</ele>
      </trkpt>
      <trkpt lat="54.742891" lon="24.879799">
        <ele>125.31275</ele>
      </trkpt>
      <trkpt lat="54.742866" lon="24.880004">
        <ele>125.208542</ele>
      </trkpt>
      <trkpt lat="54.742841" lon="24.880195">
        <ele>125.111135</ele>
      </trkpt>
      <trkpt lat="54.74282" lon="24.880383">
        <ele>125.015898</ele>
      </trkpt>
      <trkpt lat="54.74281" lon="24.880574">
        <ele>124.920513</ele>
      </trkpt>
      <trkpt lat="54.742796" lon="24.880746">
        <ele>124.834121</ele>
      </trkpt>
      <trkpt lat="54.742772" lon="24.880931">
        <ele>124.739815</ele>
      </trkpt>
      <trkpt lat="54.742777" lon="24.881096">
        <ele>124.657638</ele>
      </trkpt>
      <trkpt lat="54.742786" lon="24.881258">
        <ele>124.576694</ele>
      </trkpt>
      <trkpt lat="54.742793" lon="24.881429">
        <ele>124.491432</ele>
      </trkpt>
      <trkpt lat="54.742802" lon="24.88162">
        <ele>124.396121</ele>
      </trkpt>
      <trkpt lat="54.742788" lon="24.88181">
        <ele>124.300857</ele>
      </trkpt>
      <trkpt lat="54.742772" lon="24.881976">
        <ele>124.217152</ele>
      </trkpt>
      <trkpt lat="54.742764" lon="24.882153">
        <ele>124.128851</ele>
      </trkpt>
      <trkpt lat="54.74276" lon="24.882342">
        <ele>124.034787</ele>
      </trkpt>
      <trkpt lat="54.742772" lon="24.882517">
        <ele>124.243649</ele>
      </trkpt>
      <trkpt lat="54.742773" lon="24.882677">
        <ele>124.476321</ele>
      </trkpt>
      <trkpt lat="54.742754" lon="24.882847">
        <ele>124.728111</ele>
      </trkpt>
      <trkpt lat="54.742718" lon="24.88304">
        <ele>125.023044</ele>
      </trkpt>
      <trkpt lat="54.742694" lon="24.883222">
        <ele>125.29451</ele>
      </trkpt>
      <trkpt lat="54.742681" lon="24.883393">
        <ele>125.545312</ele>
      </trkpt>
      <trkpt lat="54.74265" lon="24.883584">
        <ele>125.833817</ele>
      </trkpt>
      <trkpt lat="54.742623" lon="24.88379">
        <ele>126.14099</ele>
      </trkpt>
      <trkpt lat="54.742594" lon="24.883998">
        <ele>126.452144</ele>
      </trkpt>
      <trkpt lat="54.742572" lon="24.884197">
        <ele>126.746773</ele>
      </trkpt>
      <trkpt lat="54.742546" lon="24.884385">
        <ele>127.027884</ele>
      </trkpt>
      <trkpt lat="54.742514" lon="24.884588">
        <ele>127.33388</ele>
      </trkpt>
      <trkpt lat="54.742483" lon="24.884771">
        <ele>127.611206</ele>
      </trkpt>
      <trkpt lat="54.742448" lon="24.884973">
        <ele>127.917886</ele>
      </trkpt>
      <trkpt lat="54.742417" lon="24.885178">
        <ele>128.22604</ele>
      </trkpt>
      <trkpt lat="54.742382" lon="24.885376">
        <ele>128.527154</ele>
      </trkpt>
      <trkpt lat="54.742341" lon="24.885574">
        <ele>128.559576</ele>
      </trkpt>
      <trkpt lat="54.742305" lon="24.88579">
        <ele>128.566603</ele>
      </trkpt>
      <trkpt lat="54.742268" lon="24.885993">
        <ele>128.573257</ele>
      </trkpt>
      <trkpt lat="54.742229" lon="24.886196">
        <ele>128.579944</ele>
      </trkpt>
      <trkpt lat="54.742182" lon="24.886386">
        <ele>128.586405</ele>
      </trkpt>
      <trkpt lat="54.742137" lon="24.886523">
        <ele>128.591332</ele>
      </trkpt>
      <trkpt lat="54.742087" lon="24.886661">
        <ele>128.596424</ele>
      </trkpt>
      <trkpt lat="54.742025" lon="24.88686">
        <ele>128.603493</ele>
      </trkpt>
      <trkpt lat="54.74198" lon="24.887054">
        <ele>128.610028</ele>
      </trkpt>
      <trkpt lat="54.74194" lon="24.887227">
        <ele>128.615853</ele>
      </trkpt>
      <trkpt lat="54.741909" lon="24.887402">
        <ele>128.621574</ele>
      </trkpt>
      <trkpt lat="54.74188" lon="24.887598">
        <ele>128.627899</ele>
      </trkpt>
      <trkpt lat="54.741841" lon="24.887797">
        <ele>128.634467</ele>
      </trkpt>
      <trkpt lat="54.741799" lon="24.887978">
        <ele>128.640565</ele>
      </trkpt>
      <trkpt lat="54.74175" lon="24.888154">
        <ele>128.646672</ele>
      </trkpt>
      <trkpt lat="54.741702" lon="24.888306">
        <ele>128.567225</ele>
      </trkpt>
      <trkpt lat="54.741633" lon="24.888441">
        <ele>128.149203</ele>
      </trkpt>
      <trkpt lat="54.741537" lon="24.888522">
        <ele>127.720361</ele>
      </trkpt>
      <trkpt lat="54.741429" lon="24.888585">
        <ele>127.262695</ele>
      </trkpt>
      <trkpt lat="54.741325" lon="24.888666">
        <ele>126.804751</ele>
      </trkpt>
      <trkpt lat="54.741222" lon="24.888744">
        <ele>126.353298</ele>
      </trkpt>
      <trkpt lat="54.741115" lon="24.888809">
        <ele>125.897922</ele>
      </trkpt>
      <trkpt lat="54.741008" lon="24.888872">
        <ele>125.44406</ele>
      </trkpt>
      <trkpt lat="54.740887" lon="24.888912">
        <ele>124.949347</ele>
      </trkpt>
      <trkpt lat="54.740769" lon="24.888967">
        <ele>124.458596</ele>
      </trkpt>
      <trkpt lat="54.740647" lon="24.889016">
        <ele>123.955639</ele>
      </trkpt>
      <trkpt lat="54.740535" lon="24.889071">
        <ele>123.488116</ele>
      </trkpt>
      <trkpt lat="54.740446" lon="24.889139">
        <ele>123.097462</ele>
      </trkpt>
      <trkpt lat="54.740354" lon="24.889173">
        <ele>122.71967</ele>
      </trkpt>
      <trkpt lat="54.740265" lon="24.8892">
        <ele>122.3568</ele>
      </trkpt>
      <trkpt lat="54.740172" lon="24.889219">
        <ele>121.980717</ele>
      </trkpt>
      <trkpt lat="54.740047" lon="24.889227">
        <ele>121.478367</ele>
      </trkpt>
      <trkpt lat="54.739929" lon="24.889217">
        <ele>121.316919</ele>
      </trkpt>
      <trkpt lat="54.7398" lon="24.889227">
        <ele>121.181545</ele>
      </trkpt>
      <trkpt lat="54.739682" lon="24.889258">
        <ele>121.056425</ele>
      </trkpt>
      <trkpt lat="54.739562" lon="24.889293">
        <ele>120.928851</ele>
      </trkpt>
      <trkpt lat="54.739434" lon="24.889325">
        <ele>120.793271</ele>
      </trkpt>
      <trkpt lat="54.739316" lon="24.889373">
        <ele>120.6662</ele>
      </trkpt>
      <trkpt lat="54.739198" lon="24.889408">
        <ele>120.540694</ele>
      </trkpt>
      <trkpt lat="54.739079" lon="24.889454">
        <ele>120.412871</ele>
      </trkpt>
      <trkpt lat="54.738973" lon="24.889546">
        <ele>120.288576</ele>
      </trkpt>
      <trkpt lat="54.738866" lon="24.889669">
        <ele>120.153948</ele>
      </trkpt>
      <trkpt lat="54.738793" lon="24.889821">
        <ele>120.034283</ele>
      </trkpt>
      <trkpt lat="54.738754" lon="24.890003">
        <ele>119.91679</ele>
      </trkpt>
      <trkpt lat="54.73875" lon="24.890192">
        <ele>119.802326</ele>
      </trkpt>
      <trkpt lat="54.738745" lon="24.890359">
        <ele>119.701118</ele>
      </trkpt>
      <trkpt lat="54.738764" lon="24.890585">
        <ele>119.562896</ele>
      </trkpt>
      <trkpt lat="54.73878" lon="24.890808">
        <ele>119.495044</ele>
      </trkpt>
      <trkpt lat="54.738791" lon="24.891013">
        <ele>119.444295</ele>
      </trkpt>
      <trkpt lat="54.738799" lon="24.891168">
        <ele>119.405936</ele>
      </trkpt>
      <trkpt lat="54.738809" lon="24.891343">
        <ele>119.362589</ele>
      </trkpt>
      <trkpt lat="54.738814" lon="24.891531">
        <ele>119.316199</ele>
      </trkpt>
      <trkpt lat="54.738821" lon="24.891718">
        <ele>119.270007</ele>
      </trkpt>
      <trkpt lat="54.73881" lon="24.89191">
        <ele>119.222448</ele>
      </trkpt>
      <trkpt lat="54.738804" lon="24.892097">
        <ele>119.176282</ele>
      </trkpt>
      <trkpt lat="54.738788" lon="24.892295">
        <ele>119.127001</ele>
      </trkpt>
      <trkpt lat="54.738769" lon="24.892503">
        <ele>119.075092</ele>
      </trkpt>
      <trkpt lat="54.738757" lon="24.892702">
        <ele>119.025773</ele>
      </trkpt>
      <trkpt lat="54.738745" lon="24.89291">
        <ele>118.974246</ele>
      </trkpt>
      <trkpt lat="54.738725" lon="24.893107">
        <ele>118.924942</ele>
      </trkpt>
      <trkpt lat="54.738704" lon="24.893306">
        <ele>118.875076</ele>
      </trkpt>
      <trkpt lat="54.738685" lon="24.893505">
        <ele>118.825358</ele>
      </trkpt>
      <trkpt lat="54.738666" lon="24.893701">
        <ele>118.776368</ele>
      </trkpt>
      <trkpt lat="54.738648" lon="24.893884">
        <ele>118.776765</ele>
      </trkpt>
      <trkpt lat="54.738628" lon="24.894081">
        <ele>118.78003</ele>
      </trkpt>
      <trkpt lat="54.738616" lon="24.894271">
        <ele>118.78315</ele>
      </trkpt>
      <trkpt lat="54.738594" lon="24.894439">
        <ele>118.785962</ele>
      </trkpt>
      <trkpt lat="54.738573" lon="24.894609">
        <ele>118.7888</ele>
      </trkpt>
      <trkpt lat="54.738558" lon="24.894775">
        <ele>118.791542</ele>
      </trkpt>
      <trkpt lat="54.738536" lon="24.894938">
        <ele>118.794274</ele>
      </trkpt>
      <trkpt lat="54.738513" lon="24.89516">
        <ele>118.797956</ele>
      </trkpt>
      <trkpt lat="54.738482" lon="24.895353">
        <ele>118.801226</ele>
      </trkpt>
      <trkpt lat="54.738463" lon="24.89557">
        <ele>118.804808</ele>
      </trkpt>
      <trkpt lat="54.73844" lon="24.895727">
        <ele>118.807452</ele>
      </trkpt>
      <trkpt lat="54.738422" lon="24.895887">
        <ele>118.810113</ele>
      </trkpt>
      <trkpt lat="54.738395" lon="24.896047">
        <ele>118.812834</ele>
      </trkpt>
      <trkpt lat="54.738367" lon="24.896208">
        <ele>118.815578</ele>
      </trkpt>
      <trkpt lat="54.738348" lon="24.896372">
        <ele>118.818309</ele>
      </trkpt>
      <trkpt lat="54.73833" lon="24.896537">
        <ele>118.82105</ele>
      </trkpt>
      <trkpt lat="54.738309" lon="24.896712">
        <ele>118.823967</ele>
      </trkpt>
      <trkpt lat="54.738287" lon="24.896898">
        <ele>118.884563</ele>
      </trkpt>
      <trkpt lat="54.73827" lon="24.897084">
        <ele>118.964035</ele>
      </trkpt>
      <trkpt lat="54.738255" lon="24.89727">
        <ele>119.043292</ele>
      </trkpt>
      <trkpt lat="54.738243" lon="24.897454">
        <ele>119.121437</ele>
      </trkpt>
      <trkpt lat="54.738233" lon="24.897648">
        <ele>119.203633</ele>
      </trkpt>
      <trkpt lat="54.738224" lon="24.897842">
        <ele>119.285768</ele>
      </trkpt>
      <trkpt lat="54.738221" lon="24.898039">
        <ele>119.368934</ele>
      </trkpt>
      <trkpt lat="54.738213" lon="24.898224">
        <ele>119.447225</ele>
      </trkpt>
      <trkpt lat="54.738208" lon="24.898404">
        <ele>119.523276</ele>
      </trkpt>
      <trkpt lat="54.738204" lon="24.89858">
        <ele>119.597608</ele>
      </trkpt>
      <trkpt lat="54.738187" lon="24.898756">
        <ele>119.672915</ele>
      </trkpt>
      <trkpt lat="54.73817" lon="24.898927">
        <ele>119.746142</ele>
      </trkpt>
      <trkpt lat="54.738139" lon="24.899101">
        <ele>119.82299</ele>
      </trkpt>
      <trkpt lat="54.7381" lon="24.899277">
        <ele>119.902548</ele>
      </trkpt>
      <trkpt lat="54.738063" lon="24.899443">
        <ele>119.977642</ele>
      </trkpt>
      <trkpt lat="54.738029" lon="24.899602">
        <ele>120.049198</ele>
      </trkpt>
      <trkpt lat="54.737994" lon="24.899757">
        <ele>120.119436</ele>
      </trkpt>
      <trkpt lat="54.737965" lon="24.899914">
        <ele>120.568556</ele>
      </trkpt>
      <trkpt lat="54.737964" lon="24.900091">
        <ele>121.216693</ele>
      </trkpt>
      <trkpt lat="54.737976" lon="24.900272">
        <ele>121.8838</ele>
      </trkpt>
      <trkpt lat="54.738004" lon="24.900442">
        <ele>122.531111</ele>
      </trkpt>
      <trkpt lat="54.738042" lon="24.90061">
        <ele>123.19179</ele>
      </trkpt>
      <trkpt lat="54.738084" lon="24.900776">
        <ele>123.855426</ele>
      </trkpt>
      <trkpt lat="54.738128" lon="24.900928">
        <ele>124.478035</ele>
      </trkpt>
      <trkpt lat="54.738177" lon="24.901067">
        <ele>125.074379</ele>
      </trkpt>
      <trkpt lat="54.738231" lon="24.901217">
        <ele>125.721654</ele>
      </trkpt>
      <trkpt lat="54.738293" lon="24.901355">
        <ele>126.361934</ele>
      </trkpt>
      <trkpt lat="54.738373" lon="24.901534">
        <ele>127.190807</ele>
      </trkpt>
      <trkpt lat="54.738446" lon="24.901733">
        <ele>128.054117</ele>
      </trkpt>
      <trkpt lat="54.738503" lon="24.901866">
        <ele>128.660627</ele>
      </trkpt>
      <trkpt lat="54.738557" lon="24.901996">
        <ele>129.24704</ele>
      </trkpt>
      <trkpt lat="54.738608" lon="24.902128">
        <ele>129.828619</ele>
      </trkpt>
      <trkpt lat="54.73866" lon="24.902259">
        <ele>130.410727</ele>
      </trkpt>
      <trkpt lat="54.738707" lon="24.902401">
        <ele>131.010059</ele>
      </trkpt>
      <trkpt lat="54.738759" lon="24.902544">
        <ele>131.636939</ele>
      </trkpt>
      <trkpt lat="54.738821" lon="24.902686">
        <ele>132.353367</ele>
      </trkpt>
      <trkpt lat="54.738898" lon="24.902818">
        <ele>133.108483</ele>
      </trkpt>
      <trkpt lat="54.73898" lon="24.902955">
        <ele>133.902588</ele>
      </trkpt>
      <trkpt lat="54.739058" lon="24.903098">
        <ele>134.694238</ele>
      </trkpt>
      <trkpt lat="54.739125" lon="24.903223">
        <ele>135.380609</ele>
      </trkpt>
      <trkpt lat="54.739189" lon="24.903347">
        <ele>136.04992</ele>
      </trkpt>
      <trkpt lat="54.739253" lon="24.90348">
        <ele>136.746647</ele>
      </trkpt>
      <trkpt lat="54.739314" lon="24.903626">
        <ele>137.471863</ele>
      </trkpt>
      <trkpt lat="54.739376" lon="24.903771">
        <ele>138.197949</ele>
      </trkpt>
      <trkpt lat="54.739432" lon="24.903918">
        <ele>138.906651</ele>
      </trkpt>
      <trkpt lat="54.739477" lon="24.904068">
        <ele>139.586875</ele>
      </trkpt>
      <trkpt lat="54.739515" lon="24.904225">
        <ele>140.271911</ele>
      </trkpt>
      <trkpt lat="54.739543" lon="24.904391">
        <ele>140.967811</ele>
      </trkpt>
      <trkpt lat="54.739565" lon="24.904548">
        <ele>141.617911</ele>
      </trkpt>
      <trkpt lat="54.739586" lon="24.904716">
        <ele>142.309595</ele>
      </trkpt>
      <trkpt lat="54.739602" lon="24.904897">
        <ele>143.046413</ele>
      </trkpt>
      <trkpt lat="54.73963" lon="24.905073">
        <ele>143.781023</ele>
      </trkpt>
      <trkpt lat="54.739657" lon="24.90525">
        <ele>144.470463</ele>
      </trkpt>
      <trkpt lat="54.739686" lon="24.905431">
        <ele>145.1439</ele>
      </trkpt>
      <trkpt lat="54.739718" lon="24.905626">
        <ele>145.870696</ele>
      </trkpt>
      <trkpt lat="54.739751" lon="24.905807">
        <ele>146.551197</ele>
      </trkpt>
      <trkpt lat="54.739775" lon="24.90598">
        <ele>147.18908</ele>
      </trkpt>
      <trkpt lat="54.739792" lon="24.90618">
        <ele>147.913835</ele>
      </trkpt>
      <trkpt lat="54.739799" lon="24.906382">
        <ele>148.639332</ele>
      </trkpt>
      <trkpt lat="54.739827" lon="24.906556">
        <ele>149.286925</ele>
      </trkpt>
      <trkpt lat="54.739861" lon="24.906717">
        <ele>149.901537</ele>
      </trkpt>
      <trkpt lat="54.739902" lon="24.906885">
        <ele>150.555445</ele>
      </trkpt>
      <trkpt lat="54.739944" lon="24.907078">
        <ele>151.2949</ele>
      </trkpt>
      <trkpt lat="54.739998" lon="24.907279">
        <ele>152.089717</ele>
      </trkpt>
      <trkpt lat="54.740048" lon="24.907482">
        <ele>152.880966</ele>
      </trkpt>
      <trkpt lat="54.740093" lon="24.907704">
        <ele>153.724495</ele>
      </trkpt>
      <trkpt lat="54.740148" lon="24.907926">
        <ele>154.590582</ele>
      </trkpt>
      <trkpt lat="54.740216" lon="24.90811">
        <ele>155.272297</ele>
      </trkpt>
      <trkpt lat="54.740278" lon="24.908295">
        <ele>155.386543</ele>
      </trkpt>
      <trkpt lat="54.740326" lon="24.908463">
        <ele>155.486654</ele>
      </trkpt>
      <trkpt lat="54.740363" lon="24.908623">
        <ele>155.578705</ele>
      </trkpt>
      <trkpt lat="54.740397" lon="24.908787">
        <ele>155.671769</ele>
      </trkpt>
      <trkpt lat="54.740444" lon="24.908962">
        <ele>155.77485</ele>
      </trkpt>
      <trkpt lat="54.740508" lon="24.90916">
        <ele>155.896043</ele>
      </trkpt>
      <trkpt lat="54.740575" lon="24.909375">
        <ele>156.026528</ele>
      </trkpt>
      <trkpt lat="54.740648" lon="24.909596">
        <ele>156.162512</ele>
      </trkpt>
      <trkpt lat="54.740718" lon="24.909813">
        <ele>156.29527</ele>
      </trkpt>
      <trkpt lat="54.740779" lon="24.910011">
        <ele>156.415131</ele>
      </trkpt>
      <trkpt lat="54.740841" lon="24.910207">
        <ele>156.534492</ele>
      </trkpt>
      <trkpt lat="54.740909" lon="24.910399">
        <ele>156.654791</ele>
      </trkpt>
      <trkpt lat="54.74097" lon="24.910606">
        <ele>156.778912</ele>
      </trkpt>
      <trkpt lat="54.741027" lon="24.910795">
        <ele>156.892794</ele>
      </trkpt>
      <trkpt lat="54.741083" lon="24.911007">
        <ele>156.635341</ele>
      </trkpt>
      <trkpt lat="54.741158" lon="24.91121">
        <ele>156.266368</ele>
      </trkpt>
      <trkpt lat="54.741235" lon="24.911416">
        <ele>155.890662</ele>
      </trkpt>
      <trkpt lat="54.741304" lon="24.911629">
        <ele>155.516744</ele>
      </trkpt>
      <trkpt lat="54.741361" lon="24.911838">
        <ele>155.162874</ele>
      </trkpt>
      <trkpt lat="54.74142" lon="24.912041">
        <ele>154.814935</ele>
      </trkpt>
      <trkpt lat="54.741488" lon="24.912239">
        <ele>154.46223</ele>
      </trkpt>
      <trkpt lat="54.741551" lon="24.912439">
        <ele>154.113432</ele>
      </trkpt>
      <trkpt lat="54.741611" lon="24.912624">
        <ele>153.788579</ele>
      </trkpt>
      <trkpt lat="54.741678" lon="24.912801">
        <ele>153.46455</ele>
      </trkpt>
      <trkpt lat="54.741747" lon="24.912987">
        <ele>153.126077</ele>
      </trkpt>
      <trkpt lat="54.741811" lon="24.913183">
        <ele>152.781346</ele>
      </trkpt>
      <trkpt lat="54.741875" lon="24.913363">
        <ele>152.457711</ele>
      </trkpt>
      <trkpt lat="54.741939" lon="24.913547">
        <ele>152.145279</ele>
      </trkpt>
      <trkpt lat="54.741995" lon="24.913756">
        <ele>152.086619</ele>
      </trkpt>
      <trkpt lat="54.742049" lon="24.913961">
        <ele>152.029252</ele>
      </trkpt>
      <trkpt lat="54.742111" lon="24.914159">
        <ele>151.971906</ele>
      </trkpt>
      <trkpt lat="54.742161" lon="24.914344">
        <ele>151.919901</ele>
      </trkpt>
      <trkpt lat="54.742217" lon="24.91453">
        <ele>151.866495</ele>
      </trkpt>
      <trkpt lat="54.74228" lon="24.914727">
        <ele>151.80916</ele>
      </trkpt>
      <trkpt lat="54.742344" lon="24.914927">
        <ele>151.750944</ele>
      </trkpt>
      <trkpt lat="54.742409" lon="24.915131">
        <ele>151.691623</ele>
      </trkpt>
      <trkpt lat="54.742473" lon="24.915317">
        <ele>151.636496</ele>
      </trkpt>
      <trkpt lat="54.742527" lon="24.915491">
        <ele>151.586203</ele>
      </trkpt>
      <trkpt lat="54.742587" lon="24.915666">
        <ele>151.534386</ele>
      </trkpt>
      <trkpt lat="54.742642" lon="24.915842">
        <ele>151.483435</ele>
      </trkpt>
      <trkpt lat="54.742691" lon="24.916014">
        <ele>151.434605</ele>
      </trkpt>
      <trkpt lat="54.742747" lon="24.916191">
        <ele>151.38322</ele>
      </trkpt>
      <trkpt lat="54.742805" lon="24.916376">
        <ele>151.395688</ele>
      </trkpt>
      <trkpt lat="54.742862" lon="24.91657">
        <ele>151.482783</ele>
      </trkpt>
      <trkpt lat="54.742921" lon="24.916769">
        <ele>151.57229</ele>
      </trkpt>
      <trkpt lat="54.742977" lon="24.916968">
        <ele>151.660866</ele>
      </trkpt>
      <trkpt lat="54.743029" lon="24.917164">
        <ele>151.747171</ele>
      </trkpt>
      <trkpt lat="54.743078" lon="24.917354">
        <ele>151.83043</ele>
      </trkpt>
      <trkpt lat="54.743126" lon="24.917538">
        <ele>151.911216</ele>
      </trkpt>
      <trkpt lat="54.743171" lon="24.917729">
        <ele>151.993754</ele>
      </trkpt>
      <trkpt lat="54.743213" lon="24.91791">
        <ele>152.071803</ele>
      </trkpt>
      <trkpt lat="54.743249" lon="24.918099">
        <ele>152.151431</ele>
      </trkpt>
      <trkpt lat="54.743282" lon="24.918287">
        <ele>152.230049</ele>
      </trkpt>
      <trkpt lat="54.743313" lon="24.918482">
        <ele>152.310972</ele>
      </trkpt>
      <trkpt lat="54.743344" lon="24.918681">
        <ele>152.393438</ele>
      </trkpt>
      <trkpt lat="54.743372" lon="24.918877">
        <ele>152.474222</ele>
      </trkpt>
      <trkpt lat="54.743397" lon="24.919064">
        <ele>152.551019</ele>
      </trkpt>
      <trkpt lat="54.743413" lon="24.919238">
        <ele>152.63611</ele>
      </trkpt>
      <trkpt lat="54.743427" lon="24.919417">
        <ele>152.762373</ele>
      </trkpt>
      <trkpt lat="54.743435" lon="24.91959">
        <ele>152.883685</ele>
      </trkpt>
      <trkpt lat="54.743438" lon="24.919778">
        <ele>153.015146</ele>
      </trkpt>
      <trkpt lat="54.743437" lon="24.919968">
        <ele>153.14796</ele>
      </trkpt>
      <trkpt lat="54.743435" lon="24.920156">
        <ele>153.279392</ele>
      </trkpt>
      <trkpt lat="54.743431" lon="24.920349">
        <ele>153.414384</ele>
      </trkpt>
      <trkpt lat="54.743422" lon="24.920546">
        <ele>153.552516</ele>
      </trkpt>
      <trkpt lat="54.74341" lon="24.920747">
        <ele>153.693763</ele>
      </trkpt>
      <trkpt lat="54.743396" lon="24.920948">
        <ele>153.835279</ele>
      </trkpt>
      <trkpt lat="54.74338" lon="24.921144">
        <ele>153.973645</ele>
      </trkpt>
      <trkpt lat="54.743358" lon="24.921339">
        <ele>154.112527</ele>
      </trkpt>
      <trkpt lat="54.743333" lon="24.921536">
        <ele>154.253517</ele>
      </trkpt>
      <trkpt lat="54.743307" lon="24.921739">
        <ele>154.398864</ele>
      </trkpt>
      <trkpt lat="54.743275" lon="24.921942">
        <ele>154.545955</ele>
      </trkpt>
      <trkpt lat="54.743237" lon="24.922142">
        <ele>154.693132</ele>
      </trkpt>
      <trkpt lat="54.743194" lon="24.922341">
        <ele>154.761092</ele>
      </trkpt>
      <trkpt lat="54.743147" lon="24.922535">
        <ele>154.716026</ele>
      </trkpt>
      <trkpt lat="54.743094" lon="24.922722">
        <ele>154.671404</ele>
      </trkpt>
      <trkpt lat="54.743041" lon="24.922908">
        <ele>154.626973</ele>
      </trkpt>
      <trkpt lat="54.742986" lon="24.923093">
        <ele>154.582399</ele>
      </trkpt>
      <trkpt lat="54.742929" lon="24.92328">
        <ele>154.537102</ele>
      </trkpt>
      <trkpt lat="54.742873" lon="24.92347">
        <ele>154.491406</ele>
      </trkpt>
      <trkpt lat="54.742819" lon="24.923649">
        <ele>154.448144</ele>
      </trkpt>
      <trkpt lat="54.742766" lon="24.923833">
        <ele>154.404097</ele>
      </trkpt>
      <trkpt lat="54.742711" lon="24.924017">
        <ele>154.359713</ele>
      </trkpt>
      <trkpt lat="54.742659" lon="24.924201">
        <ele>154.315831</ele>
      </trkpt>
      <trkpt lat="54.742607" lon="24.924383">
        <ele>154.272332</ele>
      </trkpt>
      <trkpt lat="54.742551" lon="24.924566">
        <ele>154.227966</ele>
      </trkpt>
      <trkpt lat="54.742499" lon="24.924733">
        <ele>154.187322</ele>
      </trkpt>
      <trkpt lat="54.742454" lon="24.924888">
        <ele>154.150158</ele>
      </trkpt>
      <trkpt lat="54.74241" lon="24.925051">
        <ele>154.110152</ele>
      </trkpt>
      <trkpt lat="54.742365" lon="24.925204">
        <ele>154.016815</ele>
      </trkpt>
      <trkpt lat="54.742314" lon="24.925375">
        <ele>153.912192</ele>
      </trkpt>
      <trkpt lat="54.742262" lon="24.925543">
        <ele>153.808574</ele>
      </trkpt>
      <trkpt lat="54.74221" lon="24.925722">
        <ele>153.69965</ele>
      </trkpt>
      <trkpt lat="54.742157" lon="24.925907">
        <ele>153.587388</ele>
      </trkpt>
      <trkpt lat="54.742103" lon="24.926091">
        <ele>153.475188</ele>
      </trkpt>
      <trkpt lat="54.742047" lon="24.926273">
        <ele>153.363083</ele>
      </trkpt>
      <trkpt lat="54.742001" lon="24.926449">
        <ele>153.258066</ele>
      </trkpt>
      <trkpt lat="54.741951" lon="24.926606">
        <ele>153.1606</ele>
      </trkpt>
      <trkpt lat="54.741902" lon="24.926775">
        <ele>153.0578</ele>
      </trkpt>
      <trkpt lat="54.74186" lon="24.926956">
        <ele>152.951763</ele>
      </trkpt>
      <trkpt lat="54.741826" lon="24.927139">
        <ele>152.847264</ele>
      </trkpt>
      <trkpt lat="54.741798" lon="24.927325">
        <ele>152.742779</ele>
      </trkpt>
      <trkpt lat="54.741774" lon="24.927502">
        <ele>152.643949</ele>
      </trkpt>
      <trkpt lat="54.741754" lon="24.927695">
        <ele>152.537362</ele>
      </trkpt>
      <trkpt lat="54.74174" lon="24.927905">
        <ele>152.422454</ele>
      </trkpt>
      <trkpt lat="54.741734" lon="24.928118">
        <ele>152.373657</ele>
      </trkpt>
      <trkpt lat="54.74174" lon="24.928349">
        <ele>152.323048</ele>
      </trkpt>
      <trkpt lat="54.74175" lon="24.928576">
        <ele>152.273221</ele>
      </trkpt>
      <trkpt lat="54.741755" lon="24.928793">
        <ele>152.22569</ele>
      </trkpt>
      <trkpt lat="54.741758" lon="24.929038">
        <ele>152.172057</ele>
      </trkpt>
      <trkpt lat="54.741759" lon="24.929278">
        <ele>152.119528</ele>
      </trkpt>
      <trkpt lat="54.741759" lon="24.929487">
        <ele>152.073785</ele>
      </trkpt>
      <trkpt lat="54.741763" lon="24.929674">
        <ele>152.03283</ele>
      </trkpt>
      <trkpt lat="54.741772" lon="24.929866">
        <ele>151.99067</ele>
      </trkpt>
      <trkpt lat="54.741774" lon="24.930066">
        <ele>151.946891</ele>
      </trkpt>
      <trkpt lat="54.741716" lon="24.930229">
        <ele>151.904983</ele>
      </trkpt>
      <trkpt lat="54.741627" lon="24.930311">
        <ele>151.866764</ele>
      </trkpt>
      <trkpt lat="54.741523" lon="24.930384">
        <ele>151.824219</ele>
      </trkpt>
      <trkpt lat="54.741411" lon="24.930464">
        <ele>151.778287</ele>
      </trkpt>
      <trkpt lat="54.741298" lon="24.930546">
        <ele>151.747392</ele>
      </trkpt>
      <trkpt lat="54.741179" lon="24.930629">
        <ele>151.846429</ele>
      </trkpt>
      <trkpt lat="54.741059" lon="24.930699">
        <ele>151.944182</ele>
      </trkpt>
      <trkpt lat="54.740952" lon="24.930753">
        <ele>152.030221</ele>
      </trkpt>
      <trkpt lat="54.740862" lon="24.930794">
        <ele>152.102065</ele>
      </trkpt>
      <trkpt lat="54.740777" lon="24.930852">
        <ele>152.172593</ele>
      </trkpt>
      <trkpt lat="54.740645" lon="24.930875">
        <ele>152.275013</ele>
      </trkpt>
      <trkpt lat="54.740533" lon="24.930837">
        <ele>152.363121</ele>
      </trkpt>
      <trkpt lat="54.740406" lon="24.930777">
        <ele>152.464748</ele>
      </trkpt>
      <trkpt lat="54.740275" lon="24.930695">
        <ele>152.572282</ele>
      </trkpt>
      <trkpt lat="54.740143" lon="24.930582">
        <ele>152.685952</ele>
      </trkpt>
      <trkpt lat="54.740009" lon="24.930461">
        <ele>152.802613</ele>
      </trkpt>
      <trkpt lat="54.739868" lon="24.930343">
        <ele>152.923505</ele>
      </trkpt>
      <trkpt lat="54.739729" lon="24.930219">
        <ele>153.044209</ele>
      </trkpt>
      <trkpt lat="54.739587" lon="24.930091">
        <ele>153.163924</ele>
      </trkpt>
      <trkpt lat="54.739446" lon="24.929969">
        <ele>153.274469</ele>
      </trkpt>
      <trkpt lat="54.739306" lon="24.929856">
        <ele>153.382799</ele>
      </trkpt>
      <trkpt lat="54.739174" lon="24.929734">
        <ele>153.487736</ele>
      </trkpt>
      <trkpt lat="54.739037" lon="24.929611">
        <ele>153.595965</ele>
      </trkpt>
      <trkpt lat="54.738902" lon="24.929482">
        <ele>153.704103</ele>
      </trkpt>
      <trkpt lat="54.738786" lon="24.929365">
        <ele>153.798251</ele>
      </trkpt>
      <trkpt lat="54.73868" lon="24.929263">
        <ele>153.883299</ele>
      </trkpt>
      <trkpt lat="54.738568" lon="24.929169">
        <ele>153.970589</ele>
      </trkpt>
      <trkpt lat="54.738451" lon="24.929086">
        <ele>154.059266</ele>
      </trkpt>
      <trkpt lat="54.738332" lon="24.929008">
        <ele>154.148506</ele>
      </trkpt>
      <trkpt lat="54.738212" lon="24.928943">
        <ele>154.236691</ele>
      </trkpt>
      <trkpt lat="54.738092" lon="24.928897">
        <ele>154.322894</ele>
      </trkpt>
      <trkpt lat="54.737966" lon="24.92886">
        <ele>154.434717</ele>
      </trkpt>
      <trkpt lat="54.737845" lon="24.928846">
        <ele>154.593902</ele>
      </trkpt>
      <trkpt lat="54.737727" lon="24.928841">
        <ele>154.748841</ele>
      </trkpt>
      <trkpt lat="54.737621" lon="24.928824">
        <ele>154.888578</ele>
      </trkpt>
      <trkpt lat="54.737515" lon="24.928826">
        <ele>155.027727</ele>
      </trkpt>
      <trkpt lat="54.73739" lon="24.928837">
        <ele>155.192021</ele>
      </trkpt>
      <trkpt lat="54.73727" lon="24.92884">
        <ele>155.349556</ele>
      </trkpt>
      <trkpt lat="54.73716" lon="24.928859">
        <ele>155.494664</ele>
      </trkpt>
      <trkpt lat="54.737047" lon="24.928894">
        <ele>155.645346</ele>
      </trkpt>
      <trkpt lat="54.736924" lon="24.928942">
        <ele>155.81085</ele>
      </trkpt>
      <trkpt lat="54.736799" lon="24.928995">
        <ele>155.979776</ele>
      </trkpt>
      <trkpt lat="54.736673" lon="24.929046">
        <ele>156.149626</ele>
      </trkpt>
      <trkpt lat="54.736552" lon="24.929083">
        <ele>156.310914</ele>
      </trkpt>
      <trkpt lat="54.736438" lon="24.929116">
        <ele>156.462632</ele>
      </trkpt>
      <trkpt lat="54.736319" lon="24.929169">
        <ele>156.623919</ele>
      </trkpt>
      <trkpt lat="54.736206" lon="24.929211">
        <ele>156.752818</ele>
      </trkpt>
      <trkpt lat="54.736098" lon="24.929251">
        <ele>156.777817</ele>
      </trkpt>
      <trkpt lat="54.735991" lon="24.929304">
        <ele>156.803009</ele>
      </trkpt>
      <trkpt lat="54.735876" lon="24.929344">
        <ele>156.82956</ele>
      </trkpt>
      <trkpt lat="54.73576" lon="24.929349">
        <ele>156.855826</ele>
      </trkpt>
      <trkpt lat="54.73564" lon="24.929317">
        <ele>156.883309</ele>
      </trkpt>
      <trkpt lat="54.735523" lon="24.929278">
        <ele>156.910279</ele>
      </trkpt>
      <trkpt lat="54.735414" lon="24.929261">
        <ele>156.935052</ele>
      </trkpt>
      <trkpt lat="54.735295" lon="24.929259">
        <ele>156.961991</ele>
      </trkpt>
      <trkpt lat="54.735171" lon="24.929275">
        <ele>156.990137</ele>
      </trkpt>
      <trkpt lat="54.735037" lon="24.929311">
        <ele>157.020832</ele>
      </trkpt>
      <trkpt lat="54.734903" lon="24.929355">
        <ele>157.051705</ele>
      </trkpt>
      <trkpt lat="54.734777" lon="24.9294">
        <ele>157.080826</ele>
      </trkpt>
      <trkpt lat="54.734652" lon="24.929455">
        <ele>157.11002</ele>
      </trkpt>
      <trkpt lat="54.734544" lon="24.929486">
        <ele>157.1348</ele>
      </trkpt>
      <trkpt lat="54.734449" lon="24.929521">
        <ele>157.156861</ele>
      </trkpt>
      <trkpt lat="54.734348" lon="24.929566">
        <ele>157.181591</ele>
      </trkpt>
      <trkpt lat="54.734248" lon="24.929595">
        <ele>157.205635</ele>
      </trkpt>
      <trkpt lat="54.734156" lon="24.929614">
        <ele>157.227605</ele>
      </trkpt>
      <trkpt lat="54.734053" lon="24.929634">
        <ele>157.252183</ele>
      </trkpt>
      <trkpt lat="54.73396" lon="24.929652">
        <ele>157.274374</ele>
      </trkpt>
      <trkpt lat="54.733866" lon="24.92969">
        <ele>157.297264</ele>
      </trkpt>
      <trkpt lat="54.733779" lon="24.929727">
        <ele>157.318507</ele>
      </trkpt>
      <trkpt lat="54.733684" lon="24.929761">
        <ele>157.341511</ele>
      </trkpt>
      <trkpt lat="54.733587" lon="24.929783">
        <ele>157.364709</ele>
      </trkpt>
      <trkpt lat="54.733495" lon="24.92979">
        <ele>157.386547</ele>
      </trkpt>
      <trkpt lat="54.733394" lon="24.929762">
        <ele>157.410802</ele>
      </trkpt>
      <trkpt lat="54.733296" lon="24.929724">
        <ele>157.434617</ele>
      </trkpt>
      <trkpt lat="54.733204" lon="24.929665">
        <ele>157.45788</ele>
      </trkpt>
      <trkpt lat="54.733107" lon="24.929577">
        <ele>157.483847</ele>
      </trkpt>
      <trkpt lat="54.733014" lon="24.929555">
        <ele>157.506105</ele>
      </trkpt>
      <trkpt lat="54.732923" lon="24.929496">
        <ele>157.529147</ele>
      </trkpt>
      <trkpt lat="54.732837" lon="24.929448">
        <ele>157.550573</ele>
      </trkpt>
      <trkpt lat="54.732743" lon="24.929359">
        <ele>157.575977</ele>
      </trkpt>
      <trkpt lat="54.732648" lon="24.929302">
        <ele>157.41078</ele>
      </trkpt>
      <trkpt lat="54.732541" lon="24.929263">
        <ele>157.165788</ele>
      </trkpt>
      <trkpt lat="54.732449" lon="24.929238">
        <ele>156.957134</ele>
      </trkpt>
      <trkpt lat="54.732349" lon="24.929195">
        <ele>156.726275</ele>
      </trkpt>
      <trkpt lat="54.732227" lon="24.929172">
        <ele>156.451311</ele>
      </trkpt>
      <trkpt lat="54.732135" lon="24.929153">
        <ele>156.243719</ele>
      </trkpt>
      <trkpt lat="54.732038" lon="24.929127">
        <ele>156.023796</ele>
      </trkpt>
      <trkpt lat="54.731936" lon="24.929117">
        <ele>155.794893</ele>
      </trkpt>
      <trkpt lat="54.73184" lon="24.929142">
        <ele>155.57738</ele>
      </trkpt>
      <trkpt lat="54.731738" lon="24.929203">
        <ele>155.335601</ele>
      </trkpt>
      <trkpt lat="54.73165" lon="24.929266">
        <ele>155.122249</ele>
      </trkpt>
      <trkpt lat="54.731573" lon="24.929348">
        <ele>154.919719</ele>
      </trkpt>
      <trkpt lat="54.731497" lon="24.929449">
        <ele>154.70508</ele>
      </trkpt>
      <trkpt lat="54.73141" lon="24.92953">
        <ele>154.483769</ele>
      </trkpt>
      <trkpt lat="54.731311" lon="24.929548">
        <ele>154.260734</ele>
      </trkpt>
      <trkpt lat="54.731217" lon="24.929596">
        <ele>154.041157</ele>
      </trkpt>
      <trkpt lat="54.73114" lon="24.929687">
        <ele>153.832291</ele>
      </trkpt>
      <trkpt lat="54.731059" lon="24.929764">
        <ele>153.625263</ele>
      </trkpt>
      <trkpt lat="54.730959" lon="24.929894">
        <ele>153.844666</ele>
      </trkpt>
      <trkpt lat="54.730871" lon="24.930019">
        <ele>154.206144</ele>
      </trkpt>
      <trkpt lat="54.730783" lon="24.930089">
        <ele>154.513709</ele>
      </trkpt>
      <trkpt lat="54.730689" lon="24.93013">
        <ele>154.821581</ele>
      </trkpt>
      <trkpt lat="54.730592" lon="24.930153">
        <ele>155.132532</ele>
      </trkpt>
      <trkpt lat="54.7305" lon="24.930152">
        <ele>155.424735</ele>
      </trkpt>
      <trkpt lat="54.730404" lon="24.930149">
        <ele>155.729686</ele>
      </trkpt>
      <trkpt lat="54.730312" lon="24.930204">
        <ele>156.038803</ele>
      </trkpt>
      <trkpt lat="54.730211" lon="24.930244">
        <ele>156.367865</ele>
      </trkpt>
      <trkpt lat="54.7301" lon="24.930246">
        <ele>156.720427</ele>
      </trkpt>
      <trkpt lat="54.729994" lon="24.930236">
        <ele>157.057588</ele>
      </trkpt>
      <trkpt lat="54.729886" lon="24.930211">
        <ele>157.403652</ele>
      </trkpt>
      <trkpt lat="54.729792" lon="24.930172">
        <ele>157.71065</ele>
      </trkpt>
      <trkpt lat="54.729691" lon="24.930142">
        <ele>158.036115</ele>
      </trkpt>
      <trkpt lat="54.729601" lon="24.930133">
        <ele>158.322436</ele>
      </trkpt>
      <trkpt lat="54.729507" lon="24.93019">
        <ele>158.638758</ele>
      </trkpt>
      <trkpt lat="54.729419" lon="24.93026">
        <ele>158.946325</ele>
      </trkpt>
      <trkpt lat="54.729345" lon="24.93035">
        <ele>159.233522</ele>
      </trkpt>
      <trkpt lat="54.729281" lon="24.930488">
        <ele>159.196989</ele>
      </trkpt>
      <trkpt lat="54.729202" lon="24.930577">
        <ele>159.128372</ele>
      </trkpt>
      <trkpt lat="54.729133" lon="24.93068">
        <ele>159.062048</ele>
      </trkpt>
      <trkpt lat="54.729049" lon="24.930747">
        <ele>158.994715</ele>
      </trkpt>
      <trkpt lat="54.728973" lon="24.930859">
        <ele>158.922059</ele>
      </trkpt>
      <trkpt lat="54.728882" lon="24.930932">
        <ele>158.849042</ele>
      </trkpt>
      <trkpt lat="54.728809" lon="24.93107">
        <ele>158.770359</ele>
      </trkpt>
      <trkpt lat="54.72873" lon="24.931176">
        <ele>158.697598</ele>
      </trkpt>
      <trkpt lat="54.728648" lon="24.931305">
        <ele>158.61694</ele>
      </trkpt>
      <trkpt lat="54.728592" lon="24.931444">
        <ele>158.545684</ele>
      </trkpt>
      <trkpt lat="54.728523" lon="24.931575">
        <ele>158.471139</ele>
      </trkpt>
      <trkpt lat="54.728477" lon="24.931722">
        <ele>158.400845</ele>
      </trkpt>
      <trkpt lat="54.728421" lon="24.931866">
        <ele>158.327855</ele>
      </trkpt>
      <trkpt lat="54.728375" lon="24.932001">
        <ele>158.261953</ele>
      </trkpt>
      <trkpt lat="54.728316" lon="24.93217">
        <ele>158.178926</ele>
      </trkpt>
      <trkpt lat="54.72827" lon="24.932332">
        <ele>158.103028</ele>
      </trkpt>
      <trkpt lat="54.728228" lon="24.932504">
        <ele>158.024515</ele>
      </trkpt>
      <trkpt lat="54.728179" lon="24.932651">
        <ele>157.954955</ele>
      </trkpt>
      <trkpt lat="54.728143" lon="24.932801">
        <ele>157.961234</ele>
      </trkpt>
      <trkpt lat="54.728093" lon="24.932934">
        <ele>157.967367</ele>
      </trkpt>
      <trkpt lat="54.72803" lon="24.933068">
        <ele>157.974046</ele>
      </trkpt>
      <trkpt lat="54.728021" lon="24.933257">
        <ele>157.981376</ele>
      </trkpt>
      <trkpt lat="54.727972" lon="24.933401">
        <ele>157.987836</ele>
      </trkpt>
      <trkpt lat="54.727915" lon="24.933531">
        <ele>157.994145</ele>
      </trkpt>
      <trkpt lat="54.727881" lon="24.933684">
        <ele>158.000481</ele>
      </trkpt>
      <trkpt lat="54.727853" lon="24.933836">
        <ele>158.006647</ele>
      </trkpt>
      <trkpt lat="54.727797" lon="24.933989">
        <ele>158.013649</ele>
      </trkpt>
      <trkpt lat="54.727772" lon="24.934188">
        <ele>158.02152</ele>
      </trkpt>
      <trkpt lat="54.727743" lon="24.934363">
        <ele>158.028557</ele>
      </trkpt>
      <trkpt lat="54.727699" lon="24.934523">
        <ele>158.035406</ele>
      </trkpt>
      <trkpt lat="54.727654" lon="24.934662">
        <ele>158.041565</ele>
      </trkpt>
      <trkpt lat="54.727603" lon="24.934812">
        <ele>158.048293</ele>
      </trkpt>
      <trkpt lat="54.727556" lon="24.935">
        <ele>158.056211</ele>
      </trkpt>
      <trkpt lat="54.727511" lon="24.935171">
        <ele>158.063474</ele>
      </trkpt>
      <trkpt lat="54.727467" lon="24.935315">
        <ele>158.069771</ele>
      </trkpt>
      <trkpt lat="54.727422" lon="24.93547">
        <ele>158.103806</ele>
      </trkpt>
      <trkpt lat="54.72738" lon="24.935621">
        <ele>158.247839</ele>
      </trkpt>
      <trkpt lat="54.727339" lon="24.935774">
        <ele>158.392789</ele>
      </trkpt>
      <trkpt lat="54.72732" lon="24.935946">
        <ele>158.54328</ele>
      </trkpt>
      <trkpt lat="54.727284" lon="24.936094">
        <ele>158.681289</ele>
      </trkpt>
      <trkpt lat="54.727256" lon="24.936277">
        <ele>158.84398</ele>
      </trkpt>
      <trkpt lat="54.727168" lon="24.936348">
        <ele>158.988455</ele>
      </trkpt>
      <trkpt lat="54.727086" lon="24.936466">
        <ele>159.147119</ele>
      </trkpt>
      <trkpt lat="54.727019" lon="24.936638">
        <ele>159.325416</ele>
      </trkpt>
      <trkpt lat="54.726991" lon="24.936786">
        <ele>159.459255</ele>
      </trkpt>
      <trkpt lat="54.726958" lon="24.936937">
        <ele>159.598003</ele>
      </trkpt>
      <trkpt lat="54.726943" lon="24.937109">
        <ele>159.747491</ele>
      </trkpt>
      <trkpt lat="54.726934" lon="24.937301">
        <ele>159.913034</ele>
      </trkpt>
      <trkpt lat="54.726916" lon="24.937465">
        <ele>160.056494</ele>
      </trkpt>
      <trkpt lat="54.726869" lon="24.937639">
        <ele>160.221576</ele>
      </trkpt>
      <trkpt lat="54.72682" lon="24.937822">
        <ele>160.394925</ele>
      </trkpt>
      <trkpt lat="54.726776" lon="24.938003">
        <ele>160.563692</ele>
      </trkpt>
      <trkpt lat="54.726722" lon="24.938179">
        <ele>160.734966</ele>
      </trkpt>
      <trkpt lat="54.726659" lon="24.938352">
        <ele>160.636972</ele>
      </trkpt>
      <trkpt lat="54.726617" lon="24.938497">
        <ele>160.536154</ele>
      </trkpt>
      <trkpt lat="54.72658" lon="24.938644">
        <ele>160.436492</ele>
      </trkpt>
      <trkpt lat="54.726551" lon="24.938808">
        <ele>160.329895</ele>
      </trkpt>
      <trkpt lat="54.726523" lon="24.938988">
        <ele>160.214037</ele>
      </trkpt>
      <trkpt lat="54.726494" lon="24.939165">
        <ele>160.09969</ele>
      </trkpt>
      <trkpt lat="54.726459" lon="24.939321">
        <ele>159.995675</ele>
      </trkpt>
      <trkpt lat="54.726414" lon="24.939476">
        <ele>159.887854</ele>
      </trkpt>
      <trkpt lat="54.726368" lon="24.93967">
        <ele>159.757514</ele>
      </trkpt>
      <trkpt lat="54.726326" lon="24.939831">
        <ele>159.647716</ele>
      </trkpt>
      <trkpt lat="54.726287" lon="24.93999">
        <ele>159.540352</ele>
      </trkpt>
      <trkpt lat="54.726243" lon="24.940167">
        <ele>159.420587</ele>
      </trkpt>
      <trkpt lat="54.726206" lon="24.940323">
        <ele>159.315773</ele>
      </trkpt>
      <trkpt lat="54.72618" lon="24.940473">
        <ele>159.218438</ele>
      </trkpt>
      <trkpt lat="54.726154" lon="24.940624">
        <ele>159.120508</ele>
      </trkpt>
      <trkpt lat="54.726133" lon="24.94078">
        <ele>159.020954</ele>
      </trkpt>
      <trkpt lat="54.726079" lon="24.940952">
        <ele>158.899278</ele>
      </trkpt>
      <trkpt lat="54.726027" lon="24.941126">
        <ele>158.825368</ele>
      </trkpt>
      <trkpt lat="54.725967" lon="24.941305">
        <ele>158.856217</ele>
      </trkpt>
      <trkpt lat="54.725916" lon="24.941448">
        <ele>158.881269</ele>
      </trkpt>
      <trkpt lat="54.725875" lon="24.941598">
        <ele>158.906004</ele>
      </trkpt>
      <trkpt lat="54.725833" lon="24.941756">
        <ele>158.93193</ele>
      </trkpt>
      <trkpt lat="54.725795" lon="24.941905">
        <ele>158.956208</ele>
      </trkpt>
      <trkpt lat="54.725762" lon="24.942052">
        <ele>158.979716</ele>
      </trkpt>
      <trkpt lat="54.725729" lon="24.942207">
        <ele>159.004339</ele>
      </trkpt>
      <trkpt lat="54.725696" lon="24.942372">
        <ele>159.030366</ele>
      </trkpt>
      <trkpt lat="54.725659" lon="24.942552">
        <ele>159.058845</ele>
      </trkpt>
      <trkpt lat="54.725616" lon="24.942709">
        <ele>159.084745</ele>
      </trkpt>
      <trkpt lat="54.725565" lon="24.94286">
        <ele>159.110819</ele>
      </trkpt>
      <trkpt lat="54.725513" lon="24.942989">
        <ele>159.134268</ele>
      </trkpt>
      <trkpt lat="54.725468" lon="24.943133">
        <ele>159.158672</ele>
      </trkpt>
      <trkpt lat="54.725461" lon="24.943296">
        <ele>159.183035</ele>
      </trkpt>
      <trkpt lat="54.725428" lon="24.94348">
        <ele>159.211753</ele>
      </trkpt>
      <trkpt lat="54.7254" lon="24.943639">
        <ele>159.23653</ele>
      </trkpt>
      <trkpt lat="54.725349" lon="24.943796">
        <ele>159.26338</ele>
      </trkpt>
      <trkpt lat="54.725299" lon="24.943969">
        <ele>159.231363</ele>
      </trkpt>
      <trkpt lat="54.725253" lon="24.944128">
        <ele>159.121934</ele>
      </trkpt>
      <trkpt lat="54.725193" lon="24.944284">
        <ele>159.0066</ele>
      </trkpt>
      <trkpt lat="54.725134" lon="24.94443">
        <ele>158.896949</ele>
      </trkpt>
      <trkpt lat="54.725068" lon="24.944584">
        <ele>158.778943</ele>
      </trkpt>
      <trkpt lat="54.725026" lon="24.94476">
        <ele>158.66176</ele>
      </trkpt>
      <trkpt lat="54.724982" lon="24.944964">
        <ele>158.527761</ele>
      </trkpt>
      <trkpt lat="54.724946" lon="24.945147">
        <ele>158.408799</ele>
      </trkpt>
      <trkpt lat="54.724911" lon="24.945291">
        <ele>158.312661</ele>
      </trkpt>
      <trkpt lat="54.724874" lon="24.945439">
        <ele>158.213423</ele>
      </trkpt>
      <trkpt lat="54.724834" lon="24.94561">
        <ele>158.099895</ele>
      </trkpt>
      <trkpt lat="54.724797" lon="24.945755">
        <ele>158.002348</ele>
      </trkpt>
      <trkpt lat="54.724771" lon="24.94592">
        <ele>157.897104</ele>
      </trkpt>
      <trkpt lat="54.724726" lon="24.9461">
        <ele>157.776409</ele>
      </trkpt>
      <trkpt lat="54.724684" lon="24.946277">
        <ele>157.658657</ele>
      </trkpt>
      <trkpt lat="54.724641" lon="24.94646">
        <ele>157.537084</ele>
      </trkpt>
      <trkpt lat="54.724595" lon="24.946656">
        <ele>157.406896</ele>
      </trkpt>
      <trkpt lat="54.724553" lon="24.946835">
        <ele>157.372106</ele>
      </trkpt>
      <trkpt lat="54.72451" lon="24.94698">
        <ele>157.383028</ele>
      </trkpt>
      <trkpt lat="54.724469" lon="24.947133">
        <ele>157.394329</ele>
      </trkpt>
      <trkpt lat="54.724419" lon="24.947288">
        <ele>157.406225</ele>
      </trkpt>
      <trkpt lat="54.724356" lon="24.94741">
        <ele>157.417191</ele>
      </trkpt>
      <trkpt lat="54.724306" lon="24.947557">
        <ele>157.428622</ele>
      </trkpt>
      <trkpt lat="54.724268" lon="24.947728">
        <ele>157.440899</ele>
      </trkpt>
      <trkpt lat="54.724213" lon="24.947925">
        <ele>157.45556</ele>
      </trkpt>
      <trkpt lat="54.724136" lon="24.94808">
        <ele>157.46926</ele>
      </trkpt>
      <trkpt lat="54.72406" lon="24.948226">
        <ele>157.48243</ele>
      </trkpt>
      <trkpt lat="54.72399" lon="24.94836">
        <ele>157.494537</ele>
      </trkpt>
      <trkpt lat="54.723931" lon="24.948524">
        <ele>157.507483</ele>
      </trkpt>
      <trkpt lat="54.723868" lon="24.948705">
        <ele>157.521644</ele>
      </trkpt>
      <trkpt lat="54.723794" lon="24.948879">
        <ele>157.536123</ele>
      </trkpt>
      <trkpt lat="54.723718" lon="24.949033">
        <ele>157.549696</ele>
      </trkpt>
      <trkpt lat="54.723639" lon="24.949183">
        <ele>157.563299</ele>
      </trkpt>
      <trkpt lat="54.723574" lon="24.949299">
        <ele>157.587797</ele>
      </trkpt>
      <trkpt lat="54.723511" lon="24.949411">
        <ele>157.687916</ele>
      </trkpt>
      <trkpt lat="54.723444" lon="24.949543">
        <ele>157.800453</ele>
      </trkpt>
      <trkpt lat="54.723376" lon="24.949673">
        <ele>157.912771</ele>
      </trkpt>
      <trkpt lat="54.723308" lon="24.949782">
        <ele>158.01552</ele>
      </trkpt>
      <trkpt lat="54.723258" lon="24.949916">
        <ele>158.117683</ele>
      </trkpt>
      <trkpt lat="54.723261" lon="24.950078">
        <ele>158.221477</ele>
      </trkpt>
      <trkpt lat="54.72319" lon="24.950182">
        <ele>158.324595</ele>
      </trkpt>
      <trkpt lat="54.723088" lon="24.95027">
        <ele>158.450957</ele>
      </trkpt>
      <trkpt lat="54.723017" lon="24.950387">
        <ele>158.559638</ele>
      </trkpt>
      <trkpt lat="54.722947" lon="24.950526">
        <ele>158.677739</ele>
      </trkpt>
      <trkpt lat="54.722885" lon="24.950663">
        <ele>158.789198</ele>
      </trkpt>
      <trkpt lat="54.722818" lon="24.950785">
        <ele>158.897008</ele>
      </trkpt>
      <trkpt lat="54.722744" lon="24.950932">
        <ele>159.021885</ele>
      </trkpt>
      <trkpt lat="54.722682" lon="24.951074">
        <ele>159.135882</ele>
      </trkpt>
      <trkpt lat="54.72263" lon="24.951229">
        <ele>159.250673</ele>
      </trkpt>
      <trkpt lat="54.722582" lon="24.951418">
        <ele>159.382892</ele>
      </trkpt>
      <trkpt lat="54.722543" lon="24.951601">
        <ele>159.507807</ele>
      </trkpt>
      <trkpt lat="54.722491" lon="24.951754">
        <ele>159.548028</ele>
      </trkpt>
      <trkpt lat="54.722408" lon="24.951914">
        <ele>159.500373</ele>
      </trkpt>
      <trkpt lat="54.722345" lon="24.952052">
        <ele>159.461396</ele>
      </trkpt>
      <trkpt lat="54.722278" lon="24.952176">
        <ele>159.42377</ele>
      </trkpt>
      <trkpt lat="54.722213" lon="24.952301">
        <ele>159.386499</ele>
      </trkpt>
      <trkpt lat="54.722153" lon="24.952422">
        <ele>159.351162</ele>
      </trkpt>
      <trkpt lat="54.722074" lon="24.952571">
        <ele>159.306343</ele>
      </trkpt>
      <trkpt lat="54.721989" lon="24.952724">
        <ele>159.259302</ele>
      </trkpt>
      <trkpt lat="54.721905" lon="24.952886">
        <ele>159.211061</ele>
      </trkpt>
      <trkpt lat="54.721839" lon="24.952998">
        <ele>159.175605</ele>
      </trkpt>
      <trkpt lat="54.721783" lon="24.953127">
        <ele>159.139847</ele>
      </trkpt>
      <trkpt lat="54.721706" lon="24.953293">
        <ele>159.092669</ele>
      </trkpt>
      <trkpt lat="54.721622" lon="24.95346">
        <ele>159.043598</ele>
      </trkpt>
      <trkpt lat="54.721532" lon="24.953625">
        <ele>158.993308</ele>
      </trkpt>
      <trkpt lat="54.721447" lon="24.953788">
        <ele>158.944645</ele>
      </trkpt>
      <trkpt lat="54.721368" lon="24.953963">
        <ele>158.895428</ele>
      </trkpt>
      <trkpt lat="54.721305" lon="24.95412">
        <ele>159.006523</ele>
      </trkpt>
      <trkpt lat="54.721241" lon="24.95432">
        <ele>159.282927</ele>
      </trkpt>
      <trkpt lat="54.721197" lon="24.954461">
        <ele>159.476667</ele>
      </trkpt>
      <trkpt lat="54.721157" lon="24.954606">
        <ele>159.670922</ele>
      </trkpt>
      <trkpt lat="54.721107" lon="24.954822">
        <ele>159.95223</ele>
      </trkpt>
      <trkpt lat="54.721074" lon="24.954979">
        <ele>160.154202</ele>
      </trkpt>
      <trkpt lat="54.721032" lon="24.955121">
        <ele>160.347063</ele>
      </trkpt>
      <trkpt lat="54.720974" lon="24.955341">
        <ele>160.639413</ele>
      </trkpt>
      <trkpt lat="54.72095" lon="24.955509">
        <ele>160.848625</ele>
      </trkpt>
      <trkpt lat="54.720942" lon="24.955673">
        <ele>161.047587</ele>
      </trkpt>
      <trkpt lat="54.72091" lon="24.955877">
        <ele>161.303133</ele>
      </trkpt>
      <trkpt lat="54.720893" lon="24.956102">
        <ele>161.577448</ele>
      </trkpt>
      <trkpt lat="54.72088" lon="24.956264">
        <ele>161.775168</ele>
      </trkpt>
      <trkpt lat="54.720865" lon="24.956426">
        <ele>161.973508</ele>
      </trkpt>
      <trkpt lat="54.720843" lon="24.956659">
        <ele>162.258917</ele>
      </trkpt>
      <trkpt lat="54.720816" lon="24.956815">
        <ele>162.455788</ele>
      </trkpt>
      <trkpt lat="54.720813" lon="24.956971">
        <ele>162.63705</ele>
      </trkpt>
      <trkpt lat="54.720779" lon="24.957144">
        <ele>162.298031</ele>
      </trkpt>
      <trkpt lat="54.720736" lon="24.957372">
        <ele>161.85307</ele>
      </trkpt>
      <trkpt lat="54.720711" lon="24.957532">
        <ele>161.54557</ele>
      </trkpt>
      <trkpt lat="54.720679" lon="24.957735">
        <ele>161.155192</ele>
      </trkpt>
      <trkpt lat="54.720665" lon="24.957902">
        <ele>160.842129</ele>
      </trkpt>
      <trkpt lat="54.720646" lon="24.958086">
        <ele>160.495362</ele>
      </trkpt>
      <trkpt lat="54.720618" lon="24.958273">
        <ele>160.136973</ele>
      </trkpt>
      <trkpt lat="54.720603" lon="24.958459">
        <ele>159.788561</ele>
      </trkpt>
      <trkpt lat="54.720584" lon="24.958636">
        <ele>159.454569</ele>
      </trkpt>
      <trkpt lat="54.720561" lon="24.958803">
        <ele>159.136065</ele>
      </trkpt>
      <trkpt lat="54.720526" lon="24.95898">
        <ele>158.788984</ele>
      </trkpt>
      <trkpt lat="54.720503" lon="24.959161">
        <ele>158.445163</ele>
      </trkpt>
      <trkpt lat="54.720478" lon="24.959334">
        <ele>158.114321</ele>
      </trkpt>
      <trkpt lat="54.720439" lon="24.959523">
        <ele>157.741983</ele>
      </trkpt>
      <trkpt lat="54.720403" lon="24.959692">
        <ele>157.40781</ele>
      </trkpt>
      <trkpt lat="54.720382" lon="24.959863">
        <ele>157.083479</ele>
      </trkpt>
      <trkpt lat="54.720361" lon="24.960024">
        <ele>156.855746</ele>
      </trkpt>
      <trkpt lat="54.720309" lon="24.960231">
        <ele>156.815289</ele>
      </trkpt>
      <trkpt lat="54.720254" lon="24.960364">
        <ele>156.785972</ele>
      </trkpt>
      <trkpt lat="54.720207" lon="24.960511">
        <ele>156.755858</ele>
      </trkpt>
      <trkpt lat="54.720167" lon="24.960656">
        <ele>156.727057</ele>
      </trkpt>
      <trkpt lat="54.720106" lon="24.960865">
        <ele>156.685087</ele>
      </trkpt>
      <trkpt lat="54.72007" lon="24.961034">
        <ele>156.652803</ele>
      </trkpt>
      <trkpt lat="54.72005" lon="24.961204">
        <ele>156.621709</ele>
      </trkpt>
      <trkpt lat="54.720033" lon="24.96139">
        <ele>156.587958</ele>
      </trkpt>
      <trkpt lat="54.720023" lon="24.961589">
        <ele>156.552156</ele>
      </trkpt>
      <trkpt lat="54.720007" lon="24.961781">
        <ele>156.517388</ele>
      </trkpt>
      <trkpt lat="54.720005" lon="24.961978">
        <ele>156.482074</ele>
      </trkpt>
      <trkpt lat="54.720004" lon="24.962152">
        <ele>156.450887</ele>
      </trkpt>
      <trkpt lat="54.719971" lon="24.962326">
        <ele>156.418063</ele>
      </trkpt>
      <trkpt lat="54.719935" lon="24.962509">
        <ele>156.383414</ele>
      </trkpt>
      <trkpt lat="54.719905" lon="24.962687">
        <ele>156.35018</ele>
      </trkpt>
      <trkpt lat="54.719879" lon="24.962865">
        <ele>156.317273</ele>
      </trkpt>
      <trkpt lat="54.719855" lon="24.963039">
        <ele>155.977559</ele>
      </trkpt>
      <trkpt lat="54.719838" lon="24.963196">
        <ele>155.525149</ele>
      </trkpt>
      <trkpt lat="54.719803" lon="24.963403">
        <ele>154.914267</ele>
      </trkpt>
      <trkpt lat="54.719772" lon="24.963584">
        <ele>154.379565</ele>
      </trkpt>
      <trkpt lat="54.719747" lon="24.963755">
        <ele>153.879975</ele>
      </trkpt>
      <trkpt lat="54.719731" lon="24.963928">
        <ele>153.383752</ele>
      </trkpt>
      <trkpt lat="54.719763" lon="24.964149">
        <ele>152.738453</ele>
      </trkpt>
      <trkpt lat="54.719771" lon="24.964369">
        <ele>152.114123</ele>
      </trkpt>
      <trkpt lat="54.719793" lon="24.964521">
        <ele>151.670309</ele>
      </trkpt>
      <trkpt lat="54.719795" lon="24.964725">
        <ele>151.092446</ele>
      </trkpt>
      <trkpt lat="54.719796" lon="24.964925">
        <ele>150.525974</ele>
      </trkpt>
      <trkpt lat="54.719763" lon="24.965141">
        <ele>149.893167</ele>
      </trkpt>
      <trkpt lat="54.719743" lon="24.965302">
        <ele>149.426746</ele>
      </trkpt>
      <trkpt lat="54.719724" lon="24.96546">
        <ele>148.969653</ele>
      </trkpt>
      <trkpt lat="54.719673" lon="24.96567">
        <ele>148.324439</ele>
      </trkpt>
      <trkpt lat="54.719666" lon="24.965888">
        <ele>147.706052</ele>
      </trkpt>
      <trkpt lat="54.719676" lon="24.966066">
        <ele>147.360933</ele>
      </trkpt>
      <trkpt lat="54.719688" lon="24.966269">
        <ele>147.108612</ele>
      </trkpt>
      <trkpt lat="54.719692" lon="24.966473">
        <ele>146.85622</ele>
      </trkpt>
      <trkpt lat="54.719695" lon="24.966665">
        <ele>146.618725</ele>
      </trkpt>
      <trkpt lat="54.719696" lon="24.966843">
        <ele>146.398617</ele>
      </trkpt>
      <trkpt lat="54.719694" lon="24.967009">
        <ele>146.193314</ele>
      </trkpt>
      <trkpt lat="54.719657" lon="24.967199">
        <ele>145.945384</ele>
      </trkpt>
      <trkpt lat="54.71962" lon="24.967382">
        <ele>145.70564</ele>
      </trkpt>
      <trkpt lat="54.719564" lon="24.967556">
        <ele>145.459342</ele>
      </trkpt>
      <trkpt lat="54.719513" lon="24.967733">
        <ele>145.214758</ele>
      </trkpt>
      <trkpt lat="54.719455" lon="24.967897">
        <ele>144.976975</ele>
      </trkpt>
      <trkpt lat="54.719409" lon="24.968057">
        <ele>144.755979</ele>
      </trkpt>
      <trkpt lat="54.71937" lon="24.968205">
        <ele>144.554829</ele>
      </trkpt>
      <trkpt lat="54.719324" lon="24.968346">
        <ele>144.354591</ele>
      </trkpt>
      <trkpt lat="54.719276" lon="24.968504">
        <ele>144.133845</ele>
      </trkpt>
      <trkpt lat="54.719208" lon="24.968612">
        <ele>143.936293</ele>
      </trkpt>
      <trkpt lat="54.71913" lon="24.968736">
        <ele>143.709591</ele>
      </trkpt>
      <trkpt lat="54.719055" lon="24.968858">
        <ele>143.718824</ele>
      </trkpt>
      <trkpt lat="54.718969" lon="24.968979">
        <ele>143.8543</ele>
      </trkpt>
      <trkpt lat="54.718883" lon="24.96916">
        <ele>144.019794</ele>
      </trkpt>
      <trkpt lat="54.718815" lon="24.969306">
        <ele>144.152229</ele>
      </trkpt>
      <trkpt lat="54.718751" lon="24.969432">
        <ele>144.270709</ele>
      </trkpt>
      <trkpt lat="54.718689" lon="24.96956">
        <ele>144.388667</ele>
      </trkpt>
      <trkpt lat="54.718609" lon="24.969722">
        <ele>144.539168</ele>
      </trkpt>
      <trkpt lat="54.718535" lon="24.969912">
        <ele>144.700983</ele>
      </trkpt>
      <trkpt lat="54.718455" lon="24.970105">
        <ele>144.868726</ele>
      </trkpt>
      <trkpt lat="54.718389" lon="24.970228">
        <ele>144.987275</ele>
      </trkpt>
      <trkpt lat="54.718314" lon="24.970336">
        <ele>145.106534</ele>
      </trkpt>
      <trkpt lat="54.718253" lon="24.970471">
        <ele>145.227565</ele>
      </trkpt>
      <trkpt lat="54.718169" lon="24.970571">
        <ele>145.352192</ele>
      </trkpt>
      <trkpt lat="54.718089" lon="24.97067">
        <ele>145.472409</ele>
      </trkpt>
      <trkpt lat="54.717964" lon="24.970765">
        <ele>145.6393</ele>
      </trkpt>
      <trkpt lat="54.717878" lon="24.970829">
        <ele>145.753738</ele>
      </trkpt>
      <trkpt lat="54.717767" lon="24.970891">
        <ele>146.083439</ele>
      </trkpt>
      <trkpt lat="54.717649" lon="24.970959">
        <ele>146.69392</ele>
      </trkpt>
      <trkpt lat="54.717538" lon="24.971009">
        <ele>147.256935</ele>
      </trkpt>
      <trkpt lat="54.717451" lon="24.971059">
        <ele>147.706915</ele>
      </trkpt>
      <trkpt lat="54.717363" lon="24.971128">
        <ele>148.181125</ele>
      </trkpt>
      <trkpt lat="54.717273" lon="24.971184">
        <ele>148.650581</ele>
      </trkpt>
      <trkpt lat="54.717187" lon="24.971264">
        <ele>149.129817</ele>
      </trkpt>
      <trkpt lat="54.717057" lon="24.971331">
        <ele>149.795634</ele>
      </trkpt>
      <trkpt lat="54.716966" lon="24.971372">
        <ele>150.257212</ele>
      </trkpt>
      <trkpt lat="54.716846" lon="24.971423">
        <ele>150.863755</ele>
      </trkpt>
      <trkpt lat="54.716732" lon="24.971475">
        <ele>151.442453</ele>
      </trkpt>
      <trkpt lat="54.716641" lon="24.971497">
        <ele>151.893487</ele>
      </trkpt>
      <trkpt lat="54.716545" lon="24.971518">
        <ele>152.368476</ele>
      </trkpt>
      <trkpt lat="54.716451" lon="24.971496">
        <ele>152.834099</ele>
      </trkpt>
      <trkpt lat="54.71633" lon="24.97155">
        <ele>153.447479</ele>
      </trkpt>
      <trkpt lat="54.716234" lon="24.971645">
        <ele>153.990275</ele>
      </trkpt>
      <trkpt lat="54.71618" lon="24.971783">
        <ele>154.462898</ele>
      </trkpt>
      <trkpt lat="54.716129" lon="24.971926">
        <ele>154.789913</ele>
      </trkpt>
      <trkpt lat="54.716092" lon="24.972075">
        <ele>155.000678</ele>
      </trkpt>
      <trkpt lat="54.716055" lon="24.972285">
        <ele>155.285993</ele>
      </trkpt>
      <trkpt lat="54.71603" lon="24.972509">
        <ele>155.582473</ele>
      </trkpt>
      <trkpt lat="54.716002" lon="24.972728">
        <ele>155.873959</ele>
      </trkpt>
      <trkpt lat="54.715995" lon="24.972937">
        <ele>156.146018</ele>
      </trkpt>
      <trkpt lat="54.715975" lon="24.973141">
        <ele>156.414915</ele>
      </trkpt>
      <trkpt lat="54.715957" lon="24.973299">
        <ele>156.624197</ele>
      </trkpt>
      <trkpt lat="54.715937" lon="24.973459">
        <ele>156.836935</ele>
      </trkpt>
      <trkpt lat="54.715893" lon="24.973606">
        <ele>157.052092</ele>
      </trkpt>
      <trkpt lat="54.715849" lon="24.973807">
        <ele>157.331427</ele>
      </trkpt>
      <trkpt lat="54.71583" lon="24.974033">
        <ele>157.628218</ele>
      </trkpt>
      <trkpt lat="54.715804" lon="24.974257">
        <ele>157.925134</ele>
      </trkpt>
      <trkpt lat="54.715787" lon="24.974419">
        <ele>158.139105</ele>
      </trkpt>
      <trkpt lat="54.715775" lon="24.974583">
        <ele>158.353933</ele>
      </trkpt>
      <trkpt lat="54.715757" lon="24.974744">
        <ele>158.567043</ele>
      </trkpt>
      <trkpt lat="54.7157" lon="24.974953">
        <ele>158.772215</ele>
      </trkpt>
      <trkpt lat="54.715648" lon="24.975146">
        <ele>158.881663</ele>
      </trkpt>
      <trkpt lat="54.715585" lon="24.975345">
        <ele>158.998288</ele>
      </trkpt>
      <trkpt lat="54.715538" lon="24.975489">
        <ele>159.083292</ele>
      </trkpt>
      <trkpt lat="54.715493" lon="24.975642">
        <ele>159.171529</ele>
      </trkpt>
      <trkpt lat="54.715452" lon="24.975788">
        <ele>159.254961</ele>
      </trkpt>
      <trkpt lat="54.71539" lon="24.975986">
        <ele>159.370709</ele>
      </trkpt>
      <trkpt lat="54.715316" lon="24.976178">
        <ele>159.489333</ele>
      </trkpt>
      <trkpt lat="54.715266" lon="24.976312">
        <ele>159.571319</ele>
      </trkpt>
      <trkpt lat="54.715223" lon="24.976453">
        <ele>159.653263</ele>
      </trkpt>
      <trkpt lat="54.715173" lon="24.976585">
        <ele>159.734388</ele>
      </trkpt>
      <trkpt lat="54.715119" lon="24.976771">
        <ele>159.841375</ele>
      </trkpt>
      <trkpt lat="54.715076" lon="24.976908">
        <ele>159.921507</ele>
      </trkpt>
      <trkpt lat="54.715022" lon="24.977113">
        <ele>160.037302</ele>
      </trkpt>
      <trkpt lat="54.714966" lon="24.977312">
        <ele>160.151066</ele>
      </trkpt>
      <trkpt lat="54.714914" lon="24.977486">
        <ele>160.251751</ele>
      </trkpt>
      <trkpt lat="54.714833" lon="24.977604">
        <ele>160.182469</ele>
      </trkpt>
      <trkpt lat="54.71459" lon="24.977941">
        <ele>159.191355</ele>
      </trkpt>
      <trkpt lat="54.714536" lon="24.978115">
        <ele>158.828158</ele>
      </trkpt>
      <trkpt lat="54.714476" lon="24.978288">
        <ele>158.457118</ele>
      </trkpt>
      <trkpt lat="54.714413" lon="24.978456">
        <ele>158.088819</ele>
      </trkpt>
      <trkpt lat="54.714349" lon="24.978625">
        <ele>157.717239</ele>
      </trkpt>
      <trkpt lat="54.714279" lon="24.978793">
        <ele>157.336347</ele>
      </trkpt>
      <trkpt lat="54.714208" lon="24.978976">
        <ele>156.930996</ele>
      </trkpt>
      <trkpt lat="54.714142" lon="24.979156">
        <ele>156.538967</ele>
      </trkpt>
      <trkpt lat="54.714086" lon="24.979335">
        <ele>156.164653</ele>
      </trkpt>
      <trkpt lat="54.714022" lon="24.979478">
        <ele>155.832019</ele>
      </trkpt>
      <trkpt lat="54.713965" lon="24.979629">
        <ele>155.500334</ele>
      </trkpt>
      <trkpt lat="54.713907" lon="24.979785">
        <ele>155.159203</ele>
      </trkpt>
      <trkpt lat="54.713845" lon="24.979943">
        <ele>154.807979</ele>
      </trkpt>
      <trkpt lat="54.713794" lon="24.980081">
        <ele>154.604393</ele>
      </trkpt>
      <trkpt lat="54.713723" lon="24.980203">
        <ele>154.684273</ele>
      </trkpt>
      <trkpt lat="54.713619" lon="24.98017">
        <ele>154.7687</ele>
      </trkpt>
      <trkpt lat="54.713545" lon="24.980036">
        <ele>154.85421</ele>
      </trkpt>
      <trkpt lat="54.713456" lon="24.979917">
        <ele>154.944006</ele>
      </trkpt>
      <trkpt lat="54.713358" lon="24.979839">
        <ele>155.030133</ele>
      </trkpt>
      <trkpt lat="54.713249" lon="24.979835">
        <ele>155.117188</ele>
      </trkpt>
      <trkpt lat="54.713122" lon="24.979833">
        <ele>155.218601</ele>
      </trkpt>
      <trkpt lat="54.713016" lon="24.979781">
        <ele>155.306575</ele>
      </trkpt>
      <trkpt lat="54.712906" lon="24.979769">
        <ele>155.394583</ele>
      </trkpt>
      <trkpt lat="54.712804" lon="24.97976">
        <ele>155.476136</ele>
      </trkpt>
      <trkpt lat="54.712682" lon="24.979742">
        <ele>155.573905</ele>
      </trkpt>
      <trkpt lat="54.712556" lon="24.979719">
        <ele>155.675073</ele>
      </trkpt>
      <trkpt lat="54.712442" lon="24.97965">
        <ele>155.771505</ele>
      </trkpt>
      <trkpt lat="54.712346" lon="24.979555">
        <ele>155.859802</ele>
      </trkpt>
      <trkpt lat="54.712263" lon="24.979426">
        <ele>155.948871</ele>
      </trkpt>
      <trkpt lat="54.712182" lon="24.979313">
        <ele>156.086726</ele>
      </trkpt>
      <trkpt lat="54.712081" lon="24.97921">
        <ele>156.649857</ele>
      </trkpt>
      <trkpt lat="54.71198" lon="24.979161">
        <ele>157.153746</ele>
      </trkpt>
      <trkpt lat="54.711872" lon="24.979152">
        <ele>157.673167</ele>
      </trkpt>
      <trkpt lat="54.711771" lon="24.97916">
        <ele>158.158868</ele>
      </trkpt>
      <trkpt lat="54.711671" lon="24.979164">
        <ele>158.639386</ele>
      </trkpt>
      <trkpt lat="54.711548" lon="24.979196">
        <ele>159.236901</ele>
      </trkpt>
      <trkpt lat="54.711435" lon="24.979182">
        <ele>159.78113</ele>
      </trkpt>
      <trkpt lat="54.711316" lon="24.979177">
        <ele>160.352961</ele>
      </trkpt>
      <trkpt lat="54.711203" lon="24.979161">
        <ele>160.897614</ele>
      </trkpt>
      <trkpt lat="54.711081" lon="24.979154">
        <ele>161.484011</ele>
      </trkpt>
      <trkpt lat="54.710968" lon="24.979152">
        <ele>162.02688</ele>
      </trkpt>
      <trkpt lat="54.710847" lon="24.979168">
        <ele>162.609844</ele>
      </trkpt>
      <trkpt lat="54.710751" lon="24.979191">
        <ele>163.075414</ele>
      </trkpt>
      <trkpt lat="54.710646" lon="24.979223">
        <ele>163.587581</ele>
      </trkpt>
      <trkpt lat="54.710539" lon="24.979327">
        <ele>164.177088</ele>
      </trkpt>
      <trkpt lat="54.710458" lon="24.979443">
        <ele>164.676819</ele>
      </trkpt>
      <trkpt lat="54.710386" lon="24.979557">
        <ele>165.025165</ele>
      </trkpt>
      <trkpt lat="54.710294" lon="24.979678">
        <ele>165.437651</ele>
      </trkpt>
      <trkpt lat="54.710199" lon="24.979714">
        <ele>165.784828</ele>
      </trkpt>
      <trkpt lat="54.710112" lon="24.979661">
        <ele>166.114086</ele>
      </trkpt>
      <trkpt lat="54.71002" lon="24.979582">
        <ele>166.480714</ele>
      </trkpt>
      <trkpt lat="54.709943" lon="24.979481">
        <ele>166.825609</ele>
      </trkpt>
      <trkpt lat="54.709864" lon="24.979359">
        <ele>167.203561</ele>
      </trkpt>
      <trkpt lat="54.709777" lon="24.979249">
        <ele>167.58818</ele>
      </trkpt>
      <trkpt lat="54.709697" lon="24.979134">
        <ele>167.959419</ele>
      </trkpt>
      <trkpt lat="54.709601" lon="24.979029">
        <ele>168.364819</ele>
      </trkpt>
      <trkpt lat="54.709516" lon="24.978937">
        <ele>168.722705</ele>
      </trkpt>
      <trkpt lat="54.709425" lon="24.978836">
        <ele>169.108617</ele>
      </trkpt>
      <trkpt lat="54.709329" lon="24.978742">
        <ele>169.502367</ele>
      </trkpt>
      <trkpt lat="54.709237" lon="24.978646">
        <ele>169.885866</ele>
      </trkpt>
      <trkpt lat="54.709126" lon="24.978555">
        <ele>170.324329</ele>
      </trkpt>
      <trkpt lat="54.709021" lon="24.978466">
        <ele>170.741704</ele>
      </trkpt>
      <trkpt lat="54.708925" lon="24.978391">
        <ele>171.098639</ele>
      </trkpt>
      <trkpt lat="54.708826" lon="24.978303">
        <ele>171.280366</ele>
      </trkpt>
      <trkpt lat="54.708749" lon="24.978223">
        <ele>171.42701</ele>
      </trkpt>
      <trkpt lat="54.708627" lon="24.97813">
        <ele>171.644686</ele>
      </trkpt>
      <trkpt lat="54.708509" lon="24.978015">
        <ele>171.865811</ele>
      </trkpt>
      <trkpt lat="54.708431" lon="24.97793">
        <ele>172.016317</ele>
      </trkpt>
      <trkpt lat="54.708321" lon="24.977831">
        <ele>172.218765</ele>
      </trkpt>
      <trkpt lat="54.708208" lon="24.977749">
        <ele>172.418842</ele>
      </trkpt>
      <trkpt lat="54.708107" lon="24.977636">
        <ele>172.615218</ele>
      </trkpt>
      <trkpt lat="54.708029" lon="24.97756">
        <ele>172.761378</ele>
      </trkpt>
      <trkpt lat="54.707931" lon="24.977475">
        <ele>172.940369</ele>
      </trkpt>
      <trkpt lat="54.707848" lon="24.977401">
        <ele>173.092822</ele>
      </trkpt>
      <trkpt lat="54.707751" lon="24.977308">
        <ele>173.273889</ele>
      </trkpt>
      <trkpt lat="54.707672" lon="24.977207">
        <ele>173.434262</ele>
      </trkpt>
      <trkpt lat="54.707581" lon="24.97713">
        <ele>173.599661</ele>
      </trkpt>
      <trkpt lat="54.707495" lon="24.977046">
        <ele>173.760907</ele>
      </trkpt>
      <trkpt lat="54.707405" lon="24.97697">
        <ele>173.924425</ele>
      </trkpt>
      <trkpt lat="54.707316" lon="24.9769">
        <ele>174.008092</ele>
      </trkpt>
      <trkpt lat="54.707232" lon="24.976843">
        <ele>173.981907</ele>
      </trkpt>
      <trkpt lat="54.707143" lon="24.976745">
        <ele>173.951293</ele>
      </trkpt>
      <trkpt lat="54.707051" lon="24.976651">
        <ele>173.920287</ele>
      </trkpt>
      <trkpt lat="54.706955" lon="24.976587">
        <ele>173.890431</ele>
      </trkpt>
      <trkpt lat="54.70687" lon="24.976465">
        <ele>173.858383</ele>
      </trkpt>
      <trkpt lat="54.70678" lon="24.976446">
        <ele>173.83207</ele>
      </trkpt>
      <trkpt lat="54.706689" lon="24.976358">
        <ele>173.801817</ele>
      </trkpt>
      <trkpt lat="54.706591" lon="24.97628">
        <ele>173.770512</ele>
      </trkpt>
      <trkpt lat="54.706508" lon="24.976202">
        <ele>173.743102</ele>
      </trkpt>
      <trkpt lat="54.706431" lon="24.976103">
        <ele>173.715263</ele>
      </trkpt>
      <trkpt lat="54.706337" lon="24.975996">
        <ele>173.682611</ele>
      </trkpt>
      <trkpt lat="54.706228" lon="24.975898">
        <ele>173.646963</ele>
      </trkpt>
      <trkpt lat="54.70614" lon="24.975821">
        <ele>173.618346</ele>
      </trkpt>
      <trkpt lat="54.706044" lon="24.975756">
        <ele>173.588428</ele>
      </trkpt>
      <trkpt lat="54.705944" lon="24.975686">
        <ele>173.557122</ele>
      </trkpt>
      <trkpt lat="54.70584" lon="24.975607">
        <ele>173.52416</ele>
      </trkpt>
      <trkpt lat="54.705743" lon="24.975523">
        <ele>173.480368</ele>
      </trkpt>
      <trkpt lat="54.70567" lon="24.975422">
        <ele>173.384625</ele>
      </trkpt>
      <trkpt lat="54.705589" lon="24.975348">
        <ele>173.290793</ele>
      </trkpt>
      <trkpt lat="54.705512" lon="24.975255">
        <ele>173.194601</ele>
      </trkpt>
      <trkpt lat="54.705416" lon="24.975196">
        <ele>173.090237</ele>
      </trkpt>
      <trkpt lat="54.705537" lon="24.975294">
        <ele>172.953377</ele>
      </trkpt>
      <trkpt lat="54.705616" lon="24.975386">
        <ele>172.85583</ele>
      </trkpt>
      <trkpt lat="54.70571" lon="24.975481">
        <ele>172.744316</ele>
      </trkpt>
      <trkpt lat="54.705791" lon="24.975563">
        <ele>172.648182</ele>
      </trkpt>
      <trkpt lat="54.705878" lon="24.975634">
        <ele>172.549644</ele>
      </trkpt>
      <trkpt lat="54.70596" lon="24.975732">
        <ele>172.447557</ele>
      </trkpt>
      <trkpt lat="54.706068" lon="24.975823">
        <ele>172.324501</ele>
      </trkpt>
      <trkpt lat="54.706166" lon="24.975889">
        <ele>172.216772</ele>
      </trkpt>
      <trkpt lat="54.706259" lon="24.975969">
        <ele>172.110379</ele>
      </trkpt>
      <trkpt lat="54.706363" lon="24.976069">
        <ele>171.988498</ele>
      </trkpt>
      <trkpt lat="54.706462" lon="24.976171">
        <ele>171.870467</ele>
      </trkpt>
      <trkpt lat="54.706567" lon="24.976247">
        <ele>171.753872</ele>
      </trkpt>
      <trkpt lat="54.706658" lon="24.976334">
        <ele>171.649659</ele>
      </trkpt>
      <trkpt lat="54.706744" lon="24.976388">
        <ele>171.584365</ele>
      </trkpt>
      <trkpt lat="54.706831" lon="24.97647">
        <ele>171.513662</ele>
      </trkpt>
      <trkpt lat="54.70691" lon="24.976561">
        <ele>171.445933</ele>
      </trkpt>
      <trkpt lat="54.706994" lon="24.976617">
        <ele>171.381687</ele>
      </trkpt>
      <trkpt lat="54.70708" lon="24.976716">
        <ele>171.307971</ele>
      </trkpt>
      <trkpt lat="54.707164" lon="24.976803">
        <ele>171.238105</ele>
      </trkpt>
      <trkpt lat="54.707246" lon="24.976877">
        <ele>171.172103</ele>
      </trkpt>
      <trkpt lat="54.707333" lon="24.976956">
        <ele>171.101983</ele>
      </trkpt>
      <trkpt lat="54.707432" lon="24.976983">
        <ele>171.030453</ele>
      </trkpt>
      <trkpt lat="54.70753" lon="24.977076">
        <ele>170.950686</ele>
      </trkpt>
      <trkpt lat="54.707617" lon="24.977145">
        <ele>170.882384</ele>
      </trkpt>
      <trkpt lat="54.707698" lon="24.977231">
        <ele>170.814563</ele>
      </trkpt>
      <trkpt lat="54.707774" lon="24.977332">
        <ele>170.746176</ele>
      </trkpt>
      <trkpt lat="54.707851" lon="24.977431">
        <ele>170.677717</ele>
      </trkpt>
      <trkpt lat="54.707935" lon="24.97752">
        <ele>170.607424</ele>
      </trkpt>
      <trkpt lat="54.708028" lon="24.977606">
        <ele>170.532169</ele>
      </trkpt>
      <trkpt lat="54.708148" lon="24.977691">
        <ele>170.439629</ele>
      </trkpt>
      <trkpt lat="54.708264" lon="24.977802">
        <ele>170.339006</ele>
      </trkpt>
      <trkpt lat="54.708366" lon="24.977903">
        <ele>170.23583</ele>
      </trkpt>
      <trkpt lat="54.708448" lon="24.97797">
        <ele>170.156215</ele>
      </trkpt>
      <trkpt lat="54.708532" lon="24.978037">
        <ele>170.075008</ele>
      </trkpt>
      <trkpt lat="54.708614" lon="24.978113">
        <ele>169.99334</ele>
      </trkpt>
      <trkpt lat="54.708695" lon="24.978192">
        <ele>169.911708</ele>
      </trkpt>
      <trkpt lat="54.708777" lon="24.978264">
        <ele>169.830978</ele>
      </trkpt>
      <trkpt lat="54.708861" lon="24.978339">
        <ele>169.747991</ele>
      </trkpt>
      <trkpt lat="54.708945" lon="24.978416">
        <ele>169.664535</ele>
      </trkpt>
      <trkpt lat="54.709062" lon="24.978522">
        <ele>169.548587</ele>
      </trkpt>
      <trkpt lat="54.709166" lon="24.978605">
        <ele>169.448036</ele>
      </trkpt>
      <trkpt lat="54.709253" lon="24.978683">
        <ele>169.362011</ele>
      </trkpt>
      <trkpt lat="54.709341" lon="24.978784">
        <ele>169.269304</ele>
      </trkpt>
      <trkpt lat="54.709455" lon="24.978892">
        <ele>169.1552</ele>
      </trkpt>
      <trkpt lat="54.709564" lon="24.979007">
        <ele>169.043121</ele>
      </trkpt>
      <trkpt lat="54.709668" lon="24.979125">
        <ele>168.93394</ele>
      </trkpt>
      <trkpt lat="54.70975" lon="24.979233">
        <ele>168.843471</ele>
      </trkpt>
      <trkpt lat="54.709829" lon="24.979356">
        <ele>168.555126</ele>
      </trkpt>
      <trkpt lat="54.709937" lon="24.979485">
        <ele>167.902232</ele>
      </trkpt>
      <trkpt lat="54.710035" lon="24.979609">
        <ele>167.298231</ele>
      </trkpt>
      <trkpt lat="54.710119" lon="24.979694">
        <ele>166.814097</ele>
      </trkpt>
      <trkpt lat="54.710217" lon="24.979728">
        <ele>166.316785</ele>
      </trkpt>
      <trkpt lat="54.710323" lon="24.979684">
        <ele>165.774412</ele>
      </trkpt>
      <trkpt lat="54.710482" lon="24.979403">
        <ele>164.643786</ele>
      </trkpt>
      <trkpt lat="54.710561" lon="24.97928">
        <ele>164.115095</ele>
      </trkpt>
      <trkpt lat="54.710657" lon="24.979204">
        <ele>163.589845</ele>
      </trkpt>
      <trkpt lat="54.710756" lon="24.979162">
        <ele>163.082676</ele>
      </trkpt>
      <trkpt lat="54.710871" lon="24.979147">
        <ele>162.508854</ele>
      </trkpt>
      <trkpt lat="54.71097" lon="24.979142">
        <ele>162.016054</ele>
      </trkpt>
      <trkpt lat="54.711091" lon="24.979151">
        <ele>161.413443</ele>
      </trkpt>
      <trkpt lat="54.711206" lon="24.97916">
        <ele>160.840658</ele>
      </trkpt>
      <trkpt lat="54.711308" lon="24.979183">
        <ele>160.328853</ele>
      </trkpt>
      <trkpt lat="54.71142" lon="24.979192">
        <ele>159.803678</ele>
      </trkpt>
      <trkpt lat="54.711524" lon="24.979191">
        <ele>159.522672</ele>
      </trkpt>
      <trkpt lat="54.711626" lon="24.979171">
        <ele>159.245312</ele>
      </trkpt>
      <trkpt lat="54.711758" lon="24.97915">
        <ele>158.887153</ele>
      </trkpt>
      <trkpt lat="54.711886" lon="24.979125">
        <ele>158.53911</ele>
      </trkpt>
      <trkpt lat="54.711976" lon="24.979144">
        <ele>158.294133</ele>
      </trkpt>
      <trkpt lat="54.712085" lon="24.979221">
        <ele>157.976042</ele>
      </trkpt>
      <trkpt lat="54.712184" lon="24.979345">
        <ele>157.645871</ele>
      </trkpt>
      <trkpt lat="54.712281" lon="24.979511">
        <ele>157.277327</ele>
      </trkpt>
      <trkpt lat="54.712357" lon="24.979606">
        <ele>157.024038</ele>
      </trkpt>
      <trkpt lat="54.712469" lon="24.979732">
        <ele>156.663129</ele>
      </trkpt>
      <trkpt lat="54.712591" lon="24.979792">
        <ele>156.320447</ele>
      </trkpt>
      <trkpt lat="54.712684" lon="24.979815">
        <ele>156.066615</ele>
      </trkpt>
      <trkpt lat="54.71281" lon="24.979832">
        <ele>155.725138</ele>
      </trkpt>
      <trkpt lat="54.71292" lon="24.979854">
        <ele>155.425947</ele>
      </trkpt>
      <trkpt lat="54.713047" lon="24.979858">
        <ele>155.082744</ele>
      </trkpt>
      <trkpt lat="54.713158" lon="24.979846">
        <ele>154.537614</ele>
      </trkpt>
      <trkpt lat="54.713256" lon="24.979848">
        <ele>153.949654</ele>
      </trkpt>
      <trkpt lat="54.713367" lon="24.979871">
        <ele>153.278993</ele>
      </trkpt>
      <trkpt lat="54.71347" lon="24.979918">
        <ele>152.639972</ele>
      </trkpt>
      <trkpt lat="54.713549" lon="24.979998">
        <ele>152.090903</ele>
      </trkpt>
      <trkpt lat="54.713628" lon="24.980136">
        <ele>151.417608</ele>
      </trkpt>
      <trkpt lat="54.713671" lon="24.980283">
        <ele>150.846589</ele>
      </trkpt>
      <trkpt lat="54.713561" lon="24.980756">
        <ele>149.079558</ele>
      </trkpt>
      <trkpt lat="54.713508" lon="24.980925">
        <ele>148.413145</ele>
      </trkpt>
      <trkpt lat="54.713447" lon="24.981103">
        <ele>147.695902</ele>
      </trkpt>
      <trkpt lat="54.713386" lon="24.981281">
        <ele>146.978659</ele>
      </trkpt>
      <trkpt lat="54.713311" lon="24.98146">
        <ele>146.212335</ele>
      </trkpt>
      <trkpt lat="54.713246" lon="24.981636">
        <ele>145.488404</ele>
      </trkpt>
      <trkpt lat="54.71318" lon="24.981815">
        <ele>144.75248</ele>
      </trkpt>
      <trkpt lat="54.713117" lon="24.981991">
        <ele>144.06912</ele>
      </trkpt>
      <trkpt lat="54.713054" lon="24.982177">
        <ele>143.484158</ele>
      </trkpt>
      <trkpt lat="54.712988" lon="24.98237">
        <ele>142.875681</ele>
      </trkpt>
      <trkpt lat="54.712926" lon="24.982558">
        <ele>142.288373</ele>
      </trkpt>
      <trkpt lat="54.712853" lon="24.982747">
        <ele>141.671558</ele>
      </trkpt>
      <trkpt lat="54.712777" lon="24.982942">
        <ele>141.033374</ele>
      </trkpt>
      <trkpt lat="54.712712" lon="24.983142">
        <ele>140.410793</ele>
      </trkpt>
      <trkpt lat="54.712634" lon="24.983316">
        <ele>139.813266</ele>
      </trkpt>
      <trkpt lat="54.712582" lon="24.983491">
        <ele>139.279359</ele>
      </trkpt>
      <trkpt lat="54.712526" lon="24.983653">
        <ele>138.767169</ele>
      </trkpt>
      <trkpt lat="54.712466" lon="24.98382">
        <ele>138.233613</ele>
      </trkpt>
      <trkpt lat="54.712402" lon="24.983989">
        <ele>137.685371</ele>
      </trkpt>
      <trkpt lat="54.712339" lon="24.98416">
        <ele>137.135122</ele>
      </trkpt>
      <trkpt lat="54.712268" lon="24.984335">
        <ele>136.554945</ele>
      </trkpt>
      <trkpt lat="54.712209" lon="24.984518">
        <ele>135.986368</ele>
      </trkpt>
      <trkpt lat="54.712144" lon="24.984678">
        <ele>135.692755</ele>
      </trkpt>
      <trkpt lat="54.712074" lon="24.984849">
        <ele>135.589859</ele>
      </trkpt>
      <trkpt lat="54.712008" lon="24.985021">
        <ele>135.488481</ele>
      </trkpt>
      <trkpt lat="54.711943" lon="24.985199">
        <ele>135.385093</ele>
      </trkpt>
      <trkpt lat="54.711876" lon="24.985382">
        <ele>135.278722</ele>
      </trkpt>
      <trkpt lat="54.711809" lon="24.98556">
        <ele>135.174416</ele>
      </trkpt>
      <trkpt lat="54.711745" lon="24.98573">
        <ele>135.074792</ele>
      </trkpt>
      <trkpt lat="54.711687" lon="24.985901">
        <ele>134.977435</ele>
      </trkpt>
      <trkpt lat="54.711629" lon="24.986052">
        <ele>134.888407</ele>
      </trkpt>
      <trkpt lat="54.711566" lon="24.986185">
        <ele>134.803963</ele>
      </trkpt>
      <trkpt lat="54.711499" lon="24.986302">
        <ele>134.72308</ele>
      </trkpt>
      <trkpt lat="54.711397" lon="24.986451">
        <ele>134.609649</ele>
      </trkpt>
      <trkpt lat="54.711288" lon="24.986563">
        <ele>134.501921</ele>
      </trkpt>
      <trkpt lat="54.711198" lon="24.986602">
        <ele>134.423071</ele>
      </trkpt>
      <trkpt lat="54.711067" lon="24.986579">
        <ele>134.311166</ele>
      </trkpt>
      <trkpt lat="54.710981" lon="24.986507">
        <ele>134.229976</ele>
      </trkpt>
      <trkpt lat="54.710881" lon="24.986453">
        <ele>134.378641</ele>
      </trkpt>
      <trkpt lat="54.710772" lon="24.986427">
        <ele>134.579323</ele>
      </trkpt>
      <trkpt lat="54.710654" lon="24.986443">
        <ele>134.7952</ele>
      </trkpt>
      <trkpt lat="54.710549" lon="24.986501">
        <ele>134.996223</ele>
      </trkpt>
      <trkpt lat="54.710453" lon="24.9866">
        <ele>135.200034</ele>
      </trkpt>
      <trkpt lat="54.710386" lon="24.986736">
        <ele>135.388363</ele>
      </trkpt>
      <trkpt lat="54.710332" lon="24.986885">
        <ele>135.573696</ele>
      </trkpt>
      <trkpt lat="54.710304" lon="24.987045">
        <ele>135.74985</ele>
      </trkpt>
      <trkpt lat="54.71028" lon="24.987201">
        <ele>135.919953</ele>
      </trkpt>
      <trkpt lat="54.710173" lon="24.9873">
        <ele>136.141238</ele>
      </trkpt>
      <trkpt lat="54.710084" lon="24.987253">
        <ele>136.31095</ele>
      </trkpt>
      <trkpt lat="54.709998" lon="24.98717">
        <ele>136.490538</ele>
      </trkpt>
      <trkpt lat="54.709902" lon="24.987066">
        <ele>136.697095</ele>
      </trkpt>
      <trkpt lat="54.709813" lon="24.986974">
        <ele>136.886164</ele>
      </trkpt>
      <trkpt lat="54.709724" lon="24.986876">
        <ele>137.078551</ele>
      </trkpt>
      <trkpt lat="54.709631" lon="24.986783">
        <ele>137.274444</ele>
      </trkpt>
      <trkpt lat="54.709538" lon="24.986682">
        <ele>137.474687</ele>
      </trkpt>
      <trkpt lat="54.709439" lon="24.98658">
        <ele>138.126258</ele>
      </trkpt>
      <trkpt lat="54.709335" lon="24.98647">
        <ele>138.871077</ele>
      </trkpt>
      <trkpt lat="54.709223" lon="24.986357">
        <ele>139.663307</ele>
      </trkpt>
      <trkpt lat="54.709111" lon="24.986236">
        <ele>140.47013</ele>
      </trkpt>
      <trkpt lat="54.709005" lon="24.986113">
        <ele>141.250001</ele>
      </trkpt>
      <trkpt lat="54.708898" lon="24.985996">
        <ele>142.023439</ele>
      </trkpt>
      <trkpt lat="54.708788" lon="24.985885">
        <ele>142.801556</ele>
      </trkpt>
      <trkpt lat="54.708683" lon="24.985775">
        <ele>143.551599</ele>
      </trkpt>
      <trkpt lat="54.708575" lon="24.985661">
        <ele>144.324645</ele>
      </trkpt>
      <trkpt lat="54.708469" lon="24.985553">
        <ele>145.076317</ele>
      </trkpt>
      <trkpt lat="54.708361" lon="24.985452">
        <ele>145.826491</ele>
      </trkpt>
      <trkpt lat="54.708247" lon="24.985368">
        <ele>146.583658</ele>
      </trkpt>
      <trkpt lat="54.708129" lon="24.985311">
        <ele>147.332325</ele>
      </trkpt>
      <trkpt lat="54.708004" lon="24.985271">
        <ele>148.109161</ele>
      </trkpt>
      <trkpt lat="54.707876" lon="24.985252">
        <ele>148.434212</ele>
      </trkpt>
      <trkpt lat="54.707752" lon="24.985251">
        <ele>148.332302</ele>
      </trkpt>
      <trkpt lat="54.70763" lon="24.985271">
        <ele>148.231588</ele>
      </trkpt>
      <trkpt lat="54.707511" lon="24.985321">
        <ele>148.130947</ele>
      </trkpt>
      <trkpt lat="54.707392" lon="24.985389">
        <ele>148.027955</ele>
      </trkpt>
      <trkpt lat="54.707278" lon="24.985482">
        <ele>147.92438</ele>
      </trkpt>
      <trkpt lat="54.707159" lon="24.985587">
        <ele>147.814605</ele>
      </trkpt>
      <trkpt lat="54.707034" lon="24.985707">
        <ele>147.69713</ele>
      </trkpt>
      <trkpt lat="54.706914" lon="24.985827">
        <ele>147.583231</ele>
      </trkpt>
      <trkpt lat="54.706797" lon="24.985961">
        <ele>147.46793</ele>
      </trkpt>
      <trkpt lat="54.706685" lon="24.986089">
        <ele>147.357627</ele>
      </trkpt>
      <trkpt lat="54.706569" lon="24.98622">
        <ele>147.243794</ele>
      </trkpt>
      <trkpt lat="54.706457" lon="24.98635">
        <ele>147.132965</ele>
      </trkpt>
      <trkpt lat="54.706341" lon="24.986487">
        <ele>147.017551</ele>
      </trkpt>
      <trkpt lat="54.706226" lon="24.986631">
        <ele>147.008536</ele>
      </trkpt>
      <trkpt lat="54.706102" lon="24.986778">
        <ele>147.006284</ele>
      </trkpt>
      <trkpt lat="54.705989" lon="24.986926">
        <ele>147.00416</ele>
      </trkpt>
      <trkpt lat="54.705871" lon="24.987081">
        <ele>147.001941</ele>
      </trkpt>
      <trkpt lat="54.705755" lon="24.987233">
        <ele>146.99976</ele>
      </trkpt>
      <trkpt lat="54.705635" lon="24.987383">
        <ele>146.997542</ele>
      </trkpt>
      <trkpt lat="54.705526" lon="24.987551">
        <ele>146.995355</ele>
      </trkpt>
      <trkpt lat="54.705416" lon="24.987722">
        <ele>146.99314</ele>
      </trkpt>
      <trkpt lat="54.7053" lon="24.98791">
        <ele>146.990758</ele>
      </trkpt>
      <trkpt lat="54.70518" lon="24.988092">
        <ele>146.988368</ele>
      </trkpt>
      <trkpt lat="54.705063" lon="24.988271">
        <ele>146.986028</ele>
      </trkpt>
      <trkpt lat="54.704949" lon="24.988455">
        <ele>146.983692</ele>
      </trkpt>
      <trkpt lat="54.704828" lon="24.988642">
        <ele>147.168283</ele>
      </trkpt>
      <trkpt lat="54.704713" lon="24.988826">
        <ele>147.354952</ele>
      </trkpt>
      <trkpt lat="54.704604" lon="24.988999">
        <ele>147.531228</ele>
      </trkpt>
      <trkpt lat="54.704484" lon="24.989182">
        <ele>147.72186</ele>
      </trkpt>
      <trkpt lat="54.70437" lon="24.989356">
        <ele>147.903029</ele>
      </trkpt>
      <trkpt lat="54.704258" lon="24.989543">
        <ele>148.088518</ele>
      </trkpt>
      <trkpt lat="54.704144" lon="24.98973">
        <ele>148.27573</ele>
      </trkpt>
      <trkpt lat="54.704029" lon="24.989908">
        <ele>148.45962</ele>
      </trkpt>
      <trkpt lat="54.703919" lon="24.990087">
        <ele>148.639583</ele>
      </trkpt>
      <trkpt lat="54.703805" lon="24.990273">
        <ele>148.826322</ele>
      </trkpt>
      <trkpt lat="54.703696" lon="24.990441">
        <ele>149.000292</ele>
      </trkpt>
      <trkpt lat="54.703598" lon="24.990602">
        <ele>149.13431</ele>
      </trkpt>
      <trkpt lat="54.703496" lon="24.990758">
        <ele>149.167297</ele>
      </trkpt>
      <trkpt lat="54.703392" lon="24.990923">
        <ele>149.201488</ele>
      </trkpt>
      <trkpt lat="54.703287" lon="24.991092">
        <ele>149.236237</ele>
      </trkpt>
      <trkpt lat="54.703177" lon="24.991267">
        <ele>149.272446</ele>
      </trkpt>
      <trkpt lat="54.70307" lon="24.991443">
        <ele>149.30822</ele>
      </trkpt>
      <trkpt lat="54.702963" lon="24.991611">
        <ele>149.343231</ele>
      </trkpt>
      <trkpt lat="54.702865" lon="24.991776">
        <ele>149.376365</ele>
      </trkpt>
      <trkpt lat="54.702762" lon="24.991953">
        <ele>149.411541</ele>
      </trkpt>
      <trkpt lat="54.702655" lon="24.992139">
        <ele>149.448294</ele>
      </trkpt>
      <trkpt lat="54.702547" lon="24.992329">
        <ele>149.485615</ele>
      </trkpt>
      <trkpt lat="54.702429" lon="24.992515">
        <ele>149.524295</ele>
      </trkpt>
      <trkpt lat="54.702306" lon="24.992703">
        <ele>149.560772</ele>
      </trkpt>
      <trkpt lat="54.702191" lon="24.992889">
        <ele>149.435752</ele>
      </trkpt>
      <trkpt lat="54.70208" lon="24.993068">
        <ele>149.315246</ele>
      </trkpt>
      <trkpt lat="54.701971" lon="24.993243">
        <ele>149.197154</ele>
      </trkpt>
      <trkpt lat="54.701858" lon="24.993422">
        <ele>149.075481</ele>
      </trkpt>
      <trkpt lat="54.701742" lon="24.993591">
        <ele>148.955046</ele>
      </trkpt>
      <trkpt lat="54.701633" lon="24.993777">
        <ele>148.833463</ele>
      </trkpt>
      <trkpt lat="54.701528" lon="24.993951">
        <ele>148.717997</ele>
      </trkpt>
      <trkpt lat="54.701422" lon="24.994122">
        <ele>148.602899</ele>
      </trkpt>
      <trkpt lat="54.701313" lon="24.994297">
        <ele>148.484806</ele>
      </trkpt>
      <trkpt lat="54.701203" lon="24.994472">
        <ele>148.366129</ele>
      </trkpt>
      <trkpt lat="54.701095" lon="24.994649">
        <ele>148.247987</ele>
      </trkpt>
      <trkpt lat="54.700986" lon="24.994828">
        <ele>148.132728</ele>
      </trkpt>
      <trkpt lat="54.700876" lon="24.994999">
        <ele>148.094526</ele>
      </trkpt>
      <trkpt lat="54.700768" lon="24.995173">
        <ele>148.056403</ele>
      </trkpt>
      <trkpt lat="54.700657" lon="24.995345">
        <ele>148.017909</ele>
      </trkpt>
      <trkpt lat="54.700547" lon="24.995519">
        <ele>147.979406</ele>
      </trkpt>
      <trkpt lat="54.70043" lon="24.995699">
        <ele>147.93896</ele>
      </trkpt>
      <trkpt lat="54.700314" lon="24.995879">
        <ele>147.898706</ele>
      </trkpt>
      <trkpt lat="54.700201" lon="24.996059">
        <ele>147.859026</ele>
      </trkpt>
      <trkpt lat="54.700092" lon="24.996231">
        <ele>147.820915</ele>
      </trkpt>
      <trkpt lat="54.699983" lon="24.996413">
        <ele>147.781783</ele>
      </trkpt>
      <trkpt lat="54.699875" lon="24.99659">
        <ele>147.743353</ele>
      </trkpt>
      <trkpt lat="54.699765" lon="24.996769">
        <ele>147.704342</ele>
      </trkpt>
      <trkpt lat="54.699651" lon="24.996954">
        <ele>147.679662</ele>
      </trkpt>
      <trkpt lat="54.699534" lon="24.99714">
        <ele>147.745326</ele>
      </trkpt>
      <trkpt lat="54.699417" lon="24.997322">
        <ele>147.810348</ele>
      </trkpt>
      <trkpt lat="54.6993" lon="24.997509">
        <ele>147.876175</ele>
      </trkpt>
      <trkpt lat="54.699182" lon="24.9977">
        <ele>147.942955</ele>
      </trkpt>
      <trkpt lat="54.69906" lon="24.997895">
        <ele>148.011596</ele>
      </trkpt>
      <trkpt lat="54.698939" lon="24.998087">
        <ele>148.079448</ele>
      </trkpt>
      <trkpt lat="54.698825" lon="24.99827">
        <ele>148.143716</ele>
      </trkpt>
      <trkpt lat="54.698723" lon="24.998437">
        <ele>148.201752</ele>
      </trkpt>
      <trkpt lat="54.698615" lon="24.998602">
        <ele>148.261297</ele>
      </trkpt>
      <trkpt lat="54.698506" lon="24.998778">
        <ele>148.322913</ele>
      </trkpt>
      <trkpt lat="54.698391" lon="24.998959">
        <ele>148.387163</ele>
      </trkpt>
      <trkpt lat="54.698277" lon="24.999151">
        <ele>148.457302</ele>
      </trkpt>
      <trkpt lat="54.698158" lon="24.999344">
        <ele>148.532199</ele>
      </trkpt>
      <trkpt lat="54.698035" lon="24.999539">
        <ele>148.608805</ele>
      </trkpt>
      <trkpt lat="54.697912" lon="24.999732">
        <ele>148.685053</ele>
      </trkpt>
      <trkpt lat="54.697792" lon="24.999924">
        <ele>148.760105</ele>
      </trkpt>
      <trkpt lat="54.697671" lon="25.00011">
        <ele>148.834429</ele>
      </trkpt>
      <trkpt lat="54.697552" lon="25.000303">
        <ele>148.909327</ele>
      </trkpt>
      <trkpt lat="54.697434" lon="25.000491">
        <ele>148.982985</ele>
      </trkpt>
      <trkpt lat="54.697317" lon="25.000693">
        <ele>149.058883</ele>
      </trkpt>
      <trkpt lat="54.697195" lon="25.000889">
        <ele>149.135332</ele>
      </trkpt>
      <trkpt lat="54.697072" lon="25.001086">
        <ele>149.212298</ele>
      </trkpt>
      <trkpt lat="54.696949" lon="25.001279">
        <ele>149.272854</ele>
      </trkpt>
      <trkpt lat="54.696823" lon="25.001485">
        <ele>149.327053</ele>
      </trkpt>
      <trkpt lat="54.696699" lon="25.001687">
        <ele>149.380302</ele>
      </trkpt>
      <trkpt lat="54.696574" lon="25.001889">
        <ele>149.433779</ele>
      </trkpt>
      <trkpt lat="54.696463" lon="25.002071">
        <ele>149.481592</ele>
      </trkpt>
      <trkpt lat="54.696359" lon="25.002234">
        <ele>149.525466</ele>
      </trkpt>
      <trkpt lat="54.696252" lon="25.002389">
        <ele>149.569097</ele>
      </trkpt>
      <trkpt lat="54.696147" lon="25.002573">
        <ele>149.615823</ele>
      </trkpt>
      <trkpt lat="54.696034" lon="25.002768">
        <ele>149.665721</ele>
      </trkpt>
      <trkpt lat="54.695913" lon="25.002961">
        <ele>149.717176</ele>
      </trkpt>
      <trkpt lat="54.69579" lon="25.003166">
        <ele>149.770573</ele>
      </trkpt>
      <trkpt lat="54.695663" lon="25.003362">
        <ele>149.858628</ele>
      </trkpt>
      <trkpt lat="54.695543" lon="25.003557">
        <ele>149.991528</ele>
      </trkpt>
      <trkpt lat="54.695429" lon="25.003749">
        <ele>150.119959</ele>
      </trkpt>
      <trkpt lat="54.695312" lon="25.00394">
        <ele>150.249817</ele>
      </trkpt>
      <trkpt lat="54.6952" lon="25.004136">
        <ele>150.378417</ele>
      </trkpt>
      <trkpt lat="54.695083" lon="25.004332">
        <ele>150.509886</ele>
      </trkpt>
      <trkpt lat="54.694962" lon="25.004528">
        <ele>150.643695</ele>
      </trkpt>
      <trkpt lat="54.694841" lon="25.004722">
        <ele>150.776868</ele>
      </trkpt>
      <trkpt lat="54.694721" lon="25.004925">
        <ele>150.912352</ele>
      </trkpt>
      <trkpt lat="54.694594" lon="25.00513">
        <ele>151.052567</ele>
      </trkpt>
      <trkpt lat="54.694474" lon="25.00533">
        <ele>151.187076</ele>
      </trkpt>
      <trkpt lat="54.694365" lon="25.005507">
        <ele>151.251815</ele>
      </trkpt>
      <trkpt lat="54.694259" lon="25.00568">
        <ele>151.247453</ele>
      </trkpt>
      <trkpt lat="54.694162" lon="25.005844">
        <ele>151.243394</ele>
      </trkpt>
      <trkpt lat="54.694074" lon="25.00598">
        <ele>151.239863</ele>
      </trkpt>
      <trkpt lat="54.693992" lon="25.006108">
        <ele>151.236557</ele>
      </trkpt>
      <trkpt lat="54.693918" lon="25.006235">
        <ele>151.233438</ele>
      </trkpt>
      <trkpt lat="54.69384" lon="25.006361">
        <ele>151.230244</ele>
      </trkpt>
      <trkpt lat="54.693767" lon="25.006477">
        <ele>151.227278</ele>
      </trkpt>
      <trkpt lat="54.693665" lon="25.006645">
        <ele>151.223063</ele>
      </trkpt>
      <trkpt lat="54.693581" lon="25.006779">
        <ele>151.219643</ele>
      </trkpt>
      <trkpt lat="54.693498" lon="25.006921">
        <ele>151.21615</ele>
      </trkpt>
      <trkpt lat="54.693424" lon="25.007053">
        <ele>151.212969</ele>
      </trkpt>
      <trkpt lat="54.693334" lon="25.007204">
        <ele>151.209216</ele>
      </trkpt>
      <trkpt lat="54.693249" lon="25.007311">
        <ele>151.20607</ele>
      </trkpt>
      <trkpt lat="54.693051" lon="25.007667">
        <ele>151.156045</ele>
      </trkpt>
      <trkpt lat="54.692973" lon="25.007801">
        <ele>151.097221</ele>
      </trkpt>
      <trkpt lat="54.692888" lon="25.007959">
        <ele>151.030456</ele>
      </trkpt>
      <trkpt lat="54.692789" lon="25.008123">
        <ele>150.957106</ele>
      </trkpt>
      <trkpt lat="54.692686" lon="25.008293">
        <ele>150.880927</ele>
      </trkpt>
      <trkpt lat="54.692574" lon="25.008458">
        <ele>150.802204</ele>
      </trkpt>
      <trkpt lat="54.692464" lon="25.00862">
        <ele>150.724898</ele>
      </trkpt>
      <trkpt lat="54.692343" lon="25.008794">
        <ele>150.640698</ele>
      </trkpt>
      <trkpt lat="54.692221" lon="25.008973">
        <ele>150.555093</ele>
      </trkpt>
      <trkpt lat="54.692096" lon="25.00915">
        <ele>150.46865</ele>
      </trkpt>
      <trkpt lat="54.691964" lon="25.009327">
        <ele>150.379276</ele>
      </trkpt>
      <trkpt lat="54.69183" lon="25.009509">
        <ele>150.288108</ele>
      </trkpt>
      <trkpt lat="54.691694" lon="25.009682">
        <ele>150.213891</ele>
      </trkpt>
      <trkpt lat="54.691559" lon="25.00985">
        <ele>150.161088</ele>
      </trkpt>
      <trkpt lat="54.691428" lon="25.010011">
        <ele>150.110066</ele>
      </trkpt>
      <trkpt lat="54.691297" lon="25.010171">
        <ele>150.059149</ele>
      </trkpt>
      <trkpt lat="54.691169" lon="25.010329">
        <ele>150.009222</ele>
      </trkpt>
      <trkpt lat="54.691036" lon="25.010488">
        <ele>149.95789</ele>
      </trkpt>
      <trkpt lat="54.690896" lon="25.010657">
        <ele>149.903685</ele>
      </trkpt>
      <trkpt lat="54.690753" lon="25.010829">
        <ele>149.848384</ele>
      </trkpt>
      <trkpt lat="54.690612" lon="25.010985">
        <ele>149.795241</ele>
      </trkpt>
      <trkpt lat="54.690469" lon="25.011137">
        <ele>149.74195</ele>
      </trkpt>
      <trkpt lat="54.69032" lon="25.011287">
        <ele>149.687211</ele>
      </trkpt>
      <trkpt lat="54.690168" lon="25.011432">
        <ele>149.805179</ele>
      </trkpt>
      <trkpt lat="54.690021" lon="25.011566">
        <ele>150.019486</ele>
      </trkpt>
      <trkpt lat="54.689874" lon="25.011696">
        <ele>150.232418</ele>
      </trkpt>
      <trkpt lat="54.689726" lon="25.01182">
        <ele>150.444513</ele>
      </trkpt>
      <trkpt lat="54.689576" lon="25.011945">
        <ele>150.659255</ele>
      </trkpt>
      <trkpt lat="54.689425" lon="25.01207">
        <ele>150.87516</ele>
      </trkpt>
      <trkpt lat="54.689273" lon="25.012193">
        <ele>151.091593</ele>
      </trkpt>
      <trkpt lat="54.689117" lon="25.012318">
        <ele>151.313333</ele>
      </trkpt>
      <trkpt lat="54.688959" lon="25.01244">
        <ele>151.536495</ele>
      </trkpt>
      <trkpt lat="54.688797" lon="25.012557">
        <ele>151.762917</ele>
      </trkpt>
      <trkpt lat="54.688715" lon="25.012619">
        <ele>151.878339</ele>
      </trkpt>
      <trkpt lat="54.688553" lon="25.012731">
        <ele>152.151693</ele>
      </trkpt>
      <trkpt lat="54.68839" lon="25.012846">
        <ele>152.472398</ele>
      </trkpt>
      <trkpt lat="54.688226" lon="25.012959">
        <ele>152.794005</ele>
      </trkpt>
      <trkpt lat="54.688059" lon="25.013071">
        <ele>153.120314</ele>
      </trkpt>
      <trkpt lat="54.68789" lon="25.013175">
        <ele>153.447105</ele>
      </trkpt>
      <trkpt lat="54.687804" lon="25.013225">
        <ele>153.612394</ele>
      </trkpt>
      <trkpt lat="54.687718" lon="25.013276">
        <ele>153.778022</ele>
      </trkpt>
      <trkpt lat="54.687631" lon="25.013329">
        <ele>153.946062</ele>
      </trkpt>
      <trkpt lat="54.687546" lon="25.013386">
        <ele>154.112146</ele>
      </trkpt>
      <trkpt lat="54.687461" lon="25.013443">
        <ele>154.27823</ele>
      </trkpt>
      <trkpt lat="54.687377" lon="25.013499">
        <ele>154.442234</ele>
      </trkpt>
      <trkpt lat="54.687211" lon="25.013603">
        <ele>154.763881</ele>
      </trkpt>
      <trkpt lat="54.687055" lon="25.013706">
        <ele>155.068084</ele>
      </trkpt>
      <trkpt lat="54.686905" lon="25.013801">
        <ele>155.403178</ele>
      </trkpt>
      <trkpt lat="54.686755" lon="25.013897">
        <ele>155.828221</ele>
      </trkpt>
      <trkpt lat="54.686605" lon="25.013979">
        <ele>156.24629</ele>
      </trkpt>
      <trkpt lat="54.686452" lon="25.014057">
        <ele>156.670189</ele>
      </trkpt>
      <trkpt lat="54.686294" lon="25.01415">
        <ele>157.113728</ele>
      </trkpt>
      <trkpt lat="54.686135" lon="25.014246">
        <ele>157.561282</ele>
      </trkpt>
      <trkpt lat="54.685976" lon="25.014351">
        <ele>158.01358</ele>
      </trkpt>
      <trkpt lat="54.685819" lon="25.01444">
        <ele>158.452653</ele>
      </trkpt>
      <trkpt lat="54.685672" lon="25.014533">
        <ele>158.868624</ele>
      </trkpt>
      <trkpt lat="54.685526" lon="25.014618">
        <ele>159.278016</ele>
      </trkpt>
      <trkpt lat="54.685379" lon="25.014714">
        <ele>159.695593</ele>
      </trkpt>
      <trkpt lat="54.685224" lon="25.014799">
        <ele>160.149484</ele>
      </trkpt>
      <trkpt lat="54.68507" lon="25.014889">
        <ele>160.692532</ele>
      </trkpt>
      <trkpt lat="54.684908" lon="25.01499">
        <ele>161.267816</ele>
      </trkpt>
      <trkpt lat="54.684742" lon="25.015086">
        <ele>161.852556</ele>
      </trkpt>
      <trkpt lat="54.684572" lon="25.015179">
        <ele>162.448213</ele>
      </trkpt>
      <trkpt lat="54.684401" lon="25.015268">
        <ele>163.044785</ele>
      </trkpt>
      <trkpt lat="54.684233" lon="25.015352">
        <ele>163.629012</ele>
      </trkpt>
      <trkpt lat="54.684067" lon="25.015436">
        <ele>164.206823</ele>
      </trkpt>
      <trkpt lat="54.683911" lon="25.015522">
        <ele>164.753812</ele>
      </trkpt>
      <trkpt lat="54.683754" lon="25.015605">
        <ele>165.302263</ele>
      </trkpt>
      <trkpt lat="54.683591" lon="25.01568">
        <ele>165.865747</ele>
      </trkpt>
      <trkpt lat="54.683426" lon="25.015754">
        <ele>166.083193</ele>
      </trkpt>
      <trkpt lat="54.683261" lon="25.015835">
        <ele>166.129898</ele>
      </trkpt>
      <trkpt lat="54.683093" lon="25.015911">
        <ele>166.177185</ele>
      </trkpt>
      <trkpt lat="54.682931" lon="25.015988">
        <ele>166.222933</ele>
      </trkpt>
      <trkpt lat="54.682771" lon="25.016063">
        <ele>166.268074</ele>
      </trkpt>
      <trkpt lat="54.682616" lon="25.01614">
        <ele>166.311988</ele>
      </trkpt>
      <trkpt lat="54.682457" lon="25.016223">
        <ele>166.357213</ele>
      </trkpt>
      <trkpt lat="54.682294" lon="25.016304">
        <ele>166.403394</ele>
      </trkpt>
      <trkpt lat="54.682128" lon="25.016389">
        <ele>166.450536</ele>
      </trkpt>
      <trkpt lat="54.681961" lon="25.016475">
        <ele>166.497984</ele>
      </trkpt>
      <trkpt lat="54.681792" lon="25.016559">
        <ele>166.538414</ele>
      </trkpt>
      <trkpt lat="54.681624" lon="25.016638">
        <ele>166.500228</ele>
      </trkpt>
      <trkpt lat="54.681462" lon="25.016714">
        <ele>166.463411</ele>
      </trkpt>
      <trkpt lat="54.681308" lon="25.016787">
        <ele>166.428388</ele>
      </trkpt>
      <trkpt lat="54.681155" lon="25.01686">
        <ele>166.393576</ele>
      </trkpt>
      <trkpt lat="54.680999" lon="25.016934">
        <ele>166.358096</ele>
      </trkpt>
      <trkpt lat="54.680844" lon="25.017015">
        <ele>166.322581</ele>
      </trkpt>
      <trkpt lat="54.680689" lon="25.017097">
        <ele>166.287029</ele>
      </trkpt>
      <trkpt lat="54.680534" lon="25.017177">
        <ele>166.251551</ele>
      </trkpt>
      <trkpt lat="54.680379" lon="25.017256">
        <ele>166.216108</ele>
      </trkpt>
      <trkpt lat="54.680221" lon="25.017339">
        <ele>166.17989</ele>
      </trkpt>
      <trkpt lat="54.680064" lon="25.017412">
        <ele>166.136221</ele>
      </trkpt>
      <trkpt lat="54.679903" lon="25.017496">
        <ele>166.000771</ele>
      </trkpt>
      <trkpt lat="54.679738" lon="25.017585">
        <ele>165.861558</ele>
      </trkpt>
      <trkpt lat="54.679575" lon="25.017671">
        <ele>165.724297</ele>
      </trkpt>
      <trkpt lat="54.679413" lon="25.017758">
        <ele>165.587668</ele>
      </trkpt>
      <trkpt lat="54.679255" lon="25.01785">
        <ele>165.453387</ele>
      </trkpt>
      <trkpt lat="54.679095" lon="25.017937">
        <ele>165.318296</ele>
      </trkpt>
      <trkpt lat="54.678933" lon="25.018031">
        <ele>165.180665</ele>
      </trkpt>
      <trkpt lat="54.678768" lon="25.018123">
        <ele>165.041029</ele>
      </trkpt>
      <trkpt lat="54.678606" lon="25.018216">
        <ele>164.903546</ele>
      </trkpt>
      <trkpt lat="54.678444" lon="25.018308">
        <ele>164.766208</ele>
      </trkpt>
      <trkpt lat="54.678281" lon="25.018406">
        <ele>164.640036</ele>
      </trkpt>
      <trkpt lat="54.678114" lon="25.018495">
        <ele>164.524606</ele>
      </trkpt>
      <trkpt lat="54.677951" lon="25.018584">
        <ele>164.411697</ele>
      </trkpt>
      <trkpt lat="54.677794" lon="25.018668">
        <ele>164.303141</ele>
      </trkpt>
      <trkpt lat="54.677643" lon="25.01876">
        <ele>164.19739</ele>
      </trkpt>
      <trkpt lat="54.67749" lon="25.018854">
        <ele>164.090138</ele>
      </trkpt>
      <trkpt lat="54.677336" lon="25.018941">
        <ele>163.983123</ele>
      </trkpt>
      <trkpt lat="54.677186" lon="25.019039">
        <ele>163.877206</ele>
      </trkpt>
      <trkpt lat="54.677039" lon="25.019156">
        <ele>163.770316</ele>
      </trkpt>
      <trkpt lat="54.676893" lon="25.019288">
        <ele>163.661493</ele>
      </trkpt>
      <trkpt lat="54.676748" lon="25.019442">
        <ele>163.549095</ele>
      </trkpt>
      <trkpt lat="54.676606" lon="25.019608">
        <ele>163.483256</ele>
      </trkpt>
      <trkpt lat="54.676477" lon="25.019787">
        <ele>163.443469</ele>
      </trkpt>
      <trkpt lat="54.676352" lon="25.01998">
        <ele>163.403159</ele>
      </trkpt>
      <trkpt lat="54.676235" lon="25.020171">
        <ele>163.364454</ele>
      </trkpt>
      <trkpt lat="54.676142" lon="25.020358">
        <ele>163.330145</ele>
      </trkpt>
      <trkpt lat="54.676057" lon="25.02056">
        <ele>163.295395</ele>
      </trkpt>
      <trkpt lat="54.675981" lon="25.020786">
        <ele>163.259029</ele>
      </trkpt>
      <trkpt lat="54.675919" lon="25.021005">
        <ele>163.225111</ele>
      </trkpt>
      <trkpt lat="54.675874" lon="25.02124">
        <ele>163.190678</ele>
      </trkpt>
      <trkpt lat="54.675835" lon="25.021492">
        <ele>163.154391</ele>
      </trkpt>
      <trkpt lat="54.675812" lon="25.021762">
        <ele>163.11643</ele>
      </trkpt>
      <trkpt lat="54.675805" lon="25.022045">
        <ele>163.074128</ele>
      </trkpt>
      <trkpt lat="54.675797" lon="25.022337">
        <ele>162.856681</ele>
      </trkpt>
      <trkpt lat="54.675792" lon="25.022629">
        <ele>162.639382</ele>
      </trkpt>
      <trkpt lat="54.675793" lon="25.022931">
        <ele>162.414737</ele>
      </trkpt>
      <trkpt lat="54.675797" lon="25.023234">
        <ele>162.189292</ele>
      </trkpt>
      <trkpt lat="54.675798" lon="25.023536">
        <ele>161.964647</ele>
      </trkpt>
      <trkpt lat="54.675802" lon="25.023834">
        <ele>161.742921</ele>
      </trkpt>
      <trkpt lat="54.675809" lon="25.024134">
        <ele>161.519585</ele>
      </trkpt>
      <trkpt lat="54.675818" lon="25.02443">
        <ele>161.299103</ele>
      </trkpt>
      <trkpt lat="54.675823" lon="25.024721">
        <ele>161.082548</ele>
      </trkpt>
      <trkpt lat="54.675833" lon="25.02501">
        <ele>160.867192</ele>
      </trkpt>
      <trkpt lat="54.675839" lon="25.025286">
        <ele>160.487583</ele>
      </trkpt>
      <trkpt lat="54.675847" lon="25.025555">
        <ele>159.945219</ele>
      </trkpt>
      <trkpt lat="54.675852" lon="25.02583">
        <ele>159.391215</ele>
      </trkpt>
      <trkpt lat="54.675858" lon="25.026116">
        <ele>158.814957</ele>
      </trkpt>
      <trkpt lat="54.675864" lon="25.026394">
        <ele>158.254796</ele>
      </trkpt>
      <trkpt lat="54.675873" lon="25.026663">
        <ele>157.712242</ele>
      </trkpt>
      <trkpt lat="54.675878" lon="25.026924">
        <ele>157.186414</ele>
      </trkpt>
      <trkpt lat="54.675879" lon="25.02718">
        <ele>156.67093</ele>
      </trkpt>
      <trkpt lat="54.675885" lon="25.027434">
        <ele>156.159058</ele>
      </trkpt>
      <trkpt lat="54.675889" lon="25.027683">
        <ele>155.657488</ele>
      </trkpt>
      <trkpt lat="54.675893" lon="25.02794">
        <ele>155.139815</ele>
      </trkpt>
      <trkpt lat="54.675898" lon="25.028202">
        <ele>154.611975</ele>
      </trkpt>
      <trkpt lat="54.675902" lon="25.028445">
        <ele>153.489365</ele>
      </trkpt>
      <trkpt lat="54.675904" lon="25.028696">
        <ele>152.136409</ele>
      </trkpt>
      <trkpt lat="54.675908" lon="25.028946">
        <ele>150.788456</ele>
      </trkpt>
      <trkpt lat="54.675911" lon="25.029183">
        <ele>149.510779</ele>
      </trkpt>
      <trkpt lat="54.675912" lon="25.029411">
        <ele>148.281881</ele>
      </trkpt>
      <trkpt lat="54.675926" lon="25.029651">
        <ele>146.981775</ele>
      </trkpt>
      <trkpt lat="54.675937" lon="25.029896">
        <ele>145.657312</ele>
      </trkpt>
      <trkpt lat="54.675944" lon="25.030142">
        <ele>144.32983</ele>
      </trkpt>
      <trkpt lat="54.675945" lon="25.030364">
        <ele>143.13327</ele>
      </trkpt>
      <trkpt lat="54.675955" lon="25.030563">
        <ele>142.056668</ele>
      </trkpt>
      <trkpt lat="54.67595" lon="25.030731">
        <ele>141.149992</ele>
      </trkpt>
      <trkpt lat="54.675953" lon="25.030893">
        <ele>140.276406</ele>
      </trkpt>
      <trkpt lat="54.675955" lon="25.031055">
        <ele>139.403069</ele>
      </trkpt>
      <trkpt lat="54.67596" lon="25.031214">
        <ele>138.544833</ele>
      </trkpt>
      <trkpt lat="54.675967" lon="25.031372">
        <ele>137.694959</ele>
      </trkpt>
      <trkpt lat="54.67597" lon="25.031531">
        <ele>136.921118</ele>
      </trkpt>
      <trkpt lat="54.675976" lon="25.031695">
        <ele>136.121772</ele>
      </trkpt>
      <trkpt lat="54.675982" lon="25.031888">
        <ele>135.181599</ele>
      </trkpt>
      <trkpt lat="54.675995" lon="25.032103">
        <ele>134.130065</ele>
      </trkpt>
      <trkpt lat="54.676" lon="25.032347">
        <ele>132.942423</ele>
      </trkpt>
      <trkpt lat="54.676008" lon="25.032588">
        <ele>131.768189</ele>
      </trkpt>
      <trkpt lat="54.676022" lon="25.032843">
        <ele>130.522205</ele>
      </trkpt>
      <trkpt lat="54.676029" lon="25.0331">
        <ele>129.270687</ele>
      </trkpt>
      <trkpt lat="54.676039" lon="25.033375">
        <ele>127.930354</ele>
      </trkpt>
      <trkpt lat="54.676049" lon="25.033653">
        <ele>126.575457</ele>
      </trkpt>
      <trkpt lat="54.676054" lon="25.033918">
        <ele>125.285724</ele>
      </trkpt>
      <trkpt lat="54.676066" lon="25.034177">
        <ele>124.021826</ele>
      </trkpt>
      <trkpt lat="54.676073" lon="25.034438">
        <ele>122.750873</ele>
      </trkpt>
      <trkpt lat="54.676082" lon="25.034697">
        <ele>122.201604</ele>
      </trkpt>
      <trkpt lat="54.676081" lon="25.03496">
        <ele>121.741428</ele>
      </trkpt>
      <trkpt lat="54.676084" lon="25.035217">
        <ele>121.291668</ele>
      </trkpt>
      <trkpt lat="54.676086" lon="25.035446">
        <ele>120.890946</ele>
      </trkpt>
      <trkpt lat="54.676088" lon="25.035665">
        <ele>120.507718</ele>
      </trkpt>
      <trkpt lat="54.676099" lon="25.035905">
        <ele>120.086478</ele>
      </trkpt>
      <trkpt lat="54.676111" lon="25.036152">
        <ele>119.652784</ele>
      </trkpt>
      <trkpt lat="54.676122" lon="25.036405">
        <ele>119.208865</ele>
      </trkpt>
      <trkpt lat="54.676128" lon="25.036675">
        <ele>118.736103</ele>
      </trkpt>
      <trkpt lat="54.676133" lon="25.036955">
        <ele>118.24596</ele>
      </trkpt>
      <trkpt lat="54.676142" lon="25.037234">
        <ele>117.75704</ele>
      </trkpt>
      <trkpt lat="54.676148" lon="25.037509">
        <ele>117.275537</ele>
      </trkpt>
      <trkpt lat="54.676155" lon="25.037766">
        <ele>116.393094</ele>
      </trkpt>
      <trkpt lat="54.676164" lon="25.038035">
        <ele>115.311168</ele>
      </trkpt>
      <trkpt lat="54.676169" lon="25.038306">
        <ele>114.222465</ele>
      </trkpt>
      <trkpt lat="54.676173" lon="25.038572">
        <ele>113.15403</ele>
      </trkpt>
      <trkpt lat="54.676174" lon="25.038825">
        <ele>112.138133</ele>
      </trkpt>
      <trkpt lat="54.676179" lon="25.039077">
        <ele>111.125679</ele>
      </trkpt>
      <trkpt lat="54.676184" lon="25.039336">
        <ele>110.085134</ele>
      </trkpt>
      <trkpt lat="54.676192" lon="25.039584">
        <ele>109.087788</ele>
      </trkpt>
      <trkpt lat="54.676201" lon="25.03983">
        <ele>108.098047</ele>
      </trkpt>
      <trkpt lat="54.676204" lon="25.040085">
        <ele>107.073931</ele>
      </trkpt>
      <trkpt lat="54.676209" lon="25.040336">
        <ele>106.065491</ele>
      </trkpt>
      <trkpt lat="54.676218" lon="25.040581">
        <ele>105.079757</ele>
      </trkpt>
      <trkpt lat="54.676224" lon="25.040834">
        <ele>104.668672</ele>
      </trkpt>
      <trkpt lat="54.676228" lon="25.041085">
        <ele>104.669032</ele>
      </trkpt>
      <trkpt lat="54.676236" lon="25.041344">
        <ele>104.669404</ele>
      </trkpt>
      <trkpt lat="54.67624" lon="25.041606">
        <ele>104.66978</ele>
      </trkpt>
      <trkpt lat="54.676246" lon="25.041872">
        <ele>104.670162</ele>
      </trkpt>
      <trkpt lat="54.676252" lon="25.042124">
        <ele>104.670524</ele>
      </trkpt>
      <trkpt lat="54.676256" lon="25.042383">
        <ele>104.670896</ele>
      </trkpt>
      <trkpt lat="54.676262" lon="25.042642">
        <ele>104.671268</ele>
      </trkpt>
      <trkpt lat="54.676266" lon="25.04291">
        <ele>104.671652</ele>
      </trkpt>
      <trkpt lat="54.676272" lon="25.043178">
        <ele>104.672037</ele>
      </trkpt>
      <trkpt lat="54.676278" lon="25.04346">
        <ele>104.672442</ele>
      </trkpt>
      <trkpt lat="54.676287" lon="25.043722">
        <ele>104.672818</ele>
      </trkpt>
      <trkpt lat="54.676296" lon="25.043973">
        <ele>105.118294</ele>
      </trkpt>
      <trkpt lat="54.676302" lon="25.044211">
        <ele>105.702254</ele>
      </trkpt>
      <trkpt lat="54.676312" lon="25.044452">
        <ele>106.294532</ele>
      </trkpt>
      <trkpt lat="54.676313" lon="25.04469">
        <ele>106.877952</ele>
      </trkpt>
      <trkpt lat="54.676319" lon="25.044928">
        <ele>107.461911</ele>
      </trkpt>
      <trkpt lat="54.676325" lon="25.045144">
        <ele>107.991999</ele>
      </trkpt>
      <trkpt lat="54.676337" lon="25.045373">
        <ele>108.555642</ele>
      </trkpt>
      <trkpt lat="54.676339" lon="25.045596">
        <ele>109.102343</ele>
      </trkpt>
      <trkpt lat="54.67634" lon="25.045836">
        <ele>109.690666</ele>
      </trkpt>
      <trkpt lat="54.676338" lon="25.046076">
        <ele>110.279034</ele>
      </trkpt>
      <trkpt lat="54.676346" lon="25.046298">
        <ele>110.824274</ele>
      </trkpt>
      <trkpt lat="54.676349" lon="25.046507">
        <ele>111.336749</ele>
      </trkpt>
      <trkpt lat="54.676369" lon="25.046707">
        <ele>111.834283</ele>
      </trkpt>
      <trkpt lat="54.676388" lon="25.046898">
        <ele>112.296297</ele>
      </trkpt>
      <trkpt lat="54.676419" lon="25.047097">
        <ele>112.202664</ele>
      </trkpt>
      <trkpt lat="54.676455" lon="25.047307">
        <ele>112.103151</ele>
      </trkpt>
      <trkpt lat="54.676509" lon="25.047512">
        <ele>112.000806</ele>
      </trkpt>
      <trkpt lat="54.676588" lon="25.047713">
        <ele>111.890387</ele>
      </trkpt>
      <trkpt lat="54.676683" lon="25.047906">
        <ele>111.775233</ele>
      </trkpt>
      <trkpt lat="54.676796" lon="25.048081">
        <ele>111.656048</ele>
      </trkpt>
      <trkpt lat="54.676913" lon="25.048252">
        <ele>111.535685</ele>
      </trkpt>
      <trkpt lat="54.677038" lon="25.048398">
        <ele>111.417166</ele>
      </trkpt>
      <trkpt lat="54.677165" lon="25.048543">
        <ele>111.297593</ele>
      </trkpt>
      <trkpt lat="54.677295" lon="25.048677">
        <ele>111.178679</ele>
      </trkpt>
      <trkpt lat="54.677426" lon="25.048813">
        <ele>111.058625</ele>
      </trkpt>
      <trkpt lat="54.677559" lon="25.048944">
        <ele>110.938361</ele>
      </trkpt>
      <trkpt lat="54.677689" lon="25.049079">
        <ele>111.061251</ele>
      </trkpt>
      <trkpt lat="54.677799" lon="25.049206">
        <ele>111.33944</ele>
      </trkpt>
      <trkpt lat="54.677901" lon="25.049304">
        <ele>111.584869</ele>
      </trkpt>
      <trkpt lat="54.677996" lon="25.04942">
        <ele>111.829472</ele>
      </trkpt>
      <trkpt lat="54.678082" lon="25.049553">
        <ele>112.072132</ele>
      </trkpt>
      <trkpt lat="54.678167" lon="25.04968">
        <ele>112.308395</ele>
      </trkpt>
      <trkpt lat="54.678238" lon="25.049792">
        <ele>112.510522</ele>
      </trkpt>
      <trkpt lat="54.678317" lon="25.049886">
        <ele>112.712216</ele>
      </trkpt>
      <trkpt lat="54.678445" lon="25.049908">
        <ele>112.982779</ele>
      </trkpt>
      <trkpt lat="54.678535" lon="25.049944">
        <ele>113.177083</ele>
      </trkpt>
      <trkpt lat="54.678631" lon="25.049978">
        <ele>113.3832</ele>
      </trkpt>
      <trkpt lat="54.678723" lon="25.050024">
        <ele>113.584638</ele>
      </trkpt>
      <trkpt lat="54.678824" lon="25.05008">
        <ele>113.807731</ele>
      </trkpt>
      <trkpt lat="54.67893" lon="25.050133">
        <ele>114.039822</ele>
      </trkpt>
      <trkpt lat="54.679043" lon="25.050197">
        <ele>114.289926</ele>
      </trkpt>
      <trkpt lat="54.679158" lon="25.050254">
        <ele>114.541555</ele>
      </trkpt>
      <trkpt lat="54.679278" lon="25.050293">
        <ele>114.763807</ele>
      </trkpt>
      <trkpt lat="54.679412" lon="25.050297">
        <ele>114.970762</ele>
      </trkpt>
      <trkpt lat="54.679555" lon="25.050276">
        <ele>115.192379</ele>
      </trkpt>
      <trkpt lat="54.679699" lon="25.050244">
        <ele>115.416573</ele>
      </trkpt>
      <trkpt lat="54.679832" lon="25.050209">
        <ele>115.624317</ele>
      </trkpt>
      <trkpt lat="54.679962" lon="25.050185">
        <ele>115.826205</ele>
      </trkpt>
      <trkpt lat="54.680093" lon="25.050186">
        <ele>116.028499</ele>
      </trkpt>
      <trkpt lat="54.680218" lon="25.050234">
        <ele>116.226225</ele>
      </trkpt>
      <trkpt lat="54.680345" lon="25.050305">
        <ele>116.432329</ele>
      </trkpt>
      <trkpt lat="54.680472" lon="25.050385">
        <ele>116.641045</ele>
      </trkpt>
      <trkpt lat="54.680583" lon="25.050464">
        <ele>116.826395</ele>
      </trkpt>
      <trkpt lat="54.680681" lon="25.050558">
        <ele>116.999439</ele>
      </trkpt>
      <trkpt lat="54.680775" lon="25.050651">
        <ele>117.166662</ele>
      </trkpt>
      <trkpt lat="54.680861" lon="25.05075">
        <ele>117.326187</ele>
      </trkpt>
      <trkpt lat="54.680948" lon="25.050858">
        <ele>117.42911</ele>
      </trkpt>
      <trkpt lat="54.681043" lon="25.050948">
        <ele>117.368005</ele>
      </trkpt>
      <trkpt lat="54.681152" lon="25.05104">
        <ele>117.299584</ele>
      </trkpt>
      <trkpt lat="54.681256" lon="25.051099">
        <ele>117.237839</ele>
      </trkpt>
      <trkpt lat="54.681352" lon="25.051155">
        <ele>117.180685</ele>
      </trkpt>
      <trkpt lat="54.681457" lon="25.051234">
        <ele>117.11609</ele>
      </trkpt>
      <trkpt lat="54.681564" lon="25.051352">
        <ele>117.044503</ele>
      </trkpt>
      <trkpt lat="54.681681" lon="25.051466">
        <ele>116.968747</ele>
      </trkpt>
      <trkpt lat="54.681807" lon="25.051571">
        <ele>116.889847</ele>
      </trkpt>
      <trkpt lat="54.681934" lon="25.051665">
        <ele>116.811919</ele>
      </trkpt>
      <trkpt lat="54.682062" lon="25.051751">
        <ele>116.734453</ele>
      </trkpt>
      <trkpt lat="54.682178" lon="25.051851">
        <ele>116.661337</ele>
      </trkpt>
      <trkpt lat="54.682273" lon="25.051988">
        <ele>116.591562</ele>
      </trkpt>
      <trkpt lat="54.682362" lon="25.052162">
        <ele>116.515792</ele>
      </trkpt>
      <trkpt lat="54.682432" lon="25.05234">
        <ele>116.445582</ele>
      </trkpt>
      <trkpt lat="54.682472" lon="25.052499">
        <ele>116.608165</ele>
      </trkpt>
      <trkpt lat="54.682514" lon="25.052659">
        <ele>116.849107</ele>
      </trkpt>
      <trkpt lat="54.682573" lon="25.052826">
        <ele>117.117464</ele>
      </trkpt>
      <trkpt lat="54.682647" lon="25.052969">
        <ele>117.380619</ele>
      </trkpt>
      <trkpt lat="54.682742" lon="25.053092">
        <ele>117.662067</ele>
      </trkpt>
      <trkpt lat="54.682842" lon="25.053208">
        <ele>117.947641</ele>
      </trkpt>
      <trkpt lat="54.682935" lon="25.053344">
        <ele>118.236479</ele>
      </trkpt>
      <trkpt lat="54.683014" lon="25.053479">
        <ele>118.499864</ele>
      </trkpt>
      <trkpt lat="54.683088" lon="25.053596">
        <ele>118.737647</ele>
      </trkpt>
      <trkpt lat="54.683161" lon="25.053717">
        <ele>118.977445</ele>
      </trkpt>
      <trkpt lat="54.683249" lon="25.05383">
        <ele>119.237386</ele>
      </trkpt>
      <trkpt lat="54.683347" lon="25.053928">
        <ele>119.505868</ele>
      </trkpt>
      <trkpt lat="54.683447" lon="25.05399">
        <ele>119.757823</ele>
      </trkpt>
      <trkpt lat="54.683547" lon="25.053991">
        <ele>119.995007</ele>
      </trkpt>
      <trkpt lat="54.683648" lon="25.053961">
        <ele>120.238065</ele>
      </trkpt>
      <trkpt lat="54.683739" lon="25.053919">
        <ele>120.46145</ele>
      </trkpt>
      <trkpt lat="54.683852" lon="25.053887">
        <ele>120.784794</ele>
      </trkpt>
      <trkpt lat="54.683945" lon="25.053983">
        <ele>121.412385</ele>
      </trkpt>
      <trkpt lat="54.683949" lon="25.054216">
        <ele>122.193273</ele>
      </trkpt>
      <trkpt lat="54.683957" lon="25.054392">
        <ele>122.784688</ele>
      </trkpt>
      <trkpt lat="54.683957" lon="25.054585">
        <ele>123.431233</ele>
      </trkpt>
      <trkpt lat="54.683968" lon="25.054751">
        <ele>123.990969</ele>
      </trkpt>
      <trkpt lat="54.683975" lon="25.054913">
        <ele>124.535179</ele>
      </trkpt>
      <trkpt lat="54.68397" lon="25.055074">
        <ele>125.075302</ele>
      </trkpt>
      <trkpt lat="54.683982" lon="25.055257">
        <ele>125.692278</ele>
      </trkpt>
      <trkpt lat="54.683993" lon="25.055441">
        <ele>126.31196</ele>
      </trkpt>
      <trkpt lat="54.683999" lon="25.055638">
        <ele>126.972819</ele>
      </trkpt>
      <trkpt lat="54.683918" lon="25.055752">
        <ele>127.577941</ele>
      </trkpt>
      <trkpt lat="54.683839" lon="25.055882">
        <ele>128.209794</ele>
      </trkpt>
      <trkpt lat="54.683778" lon="25.056014">
        <ele>128.775917</ele>
      </trkpt>
      <trkpt lat="54.683711" lon="25.056136">
        <ele>129.339638</ele>
      </trkpt>
      <trkpt lat="54.683635" lon="25.05627">
        <ele>129.968507</ele>
      </trkpt>
      <trkpt lat="54.68356" lon="25.056405">
        <ele>130.595743</ele>
      </trkpt>
      <trkpt lat="54.68349" lon="25.056536">
        <ele>131.152859</ele>
      </trkpt>
      <trkpt lat="54.683422" lon="25.056652">
        <ele>131.399982</ele>
      </trkpt>
      <trkpt lat="54.683209" lon="25.056965">
        <ele>132.123164</ele>
      </trkpt>
      <trkpt lat="54.683113" lon="25.05712">
        <ele>132.462968</ele>
      </trkpt>
      <trkpt lat="54.683039" lon="25.057266">
        <ele>132.753421</ele>
      </trkpt>
      <trkpt lat="54.68295" lon="25.057439">
        <ele>133.099842</ele>
      </trkpt>
      <trkpt lat="54.682893" lon="25.057572">
        <ele>133.347503</ele>
      </trkpt>
      <trkpt lat="54.682821" lon="25.057711">
        <ele>133.626689</ele>
      </trkpt>
      <trkpt lat="54.682737" lon="25.057855">
        <ele>133.932703</ele>
      </trkpt>
      <trkpt lat="54.682655" lon="25.057999">
        <ele>134.235065</ele>
      </trkpt>
      <trkpt lat="54.682574" lon="25.058159">
        <ele>134.553208</ele>
      </trkpt>
      <trkpt lat="54.682481" lon="25.058303">
        <ele>134.876182</ele>
      </trkpt>
      <trkpt lat="54.682387" lon="25.058459">
        <ele>135.213257</ele>
      </trkpt>
      <trkpt lat="54.682299" lon="25.058622">
        <ele>135.546882</ele>
      </trkpt>
      <trkpt lat="54.68222" lon="25.058779">
        <ele>135.725361</ele>
      </trkpt>
      <trkpt lat="54.682145" lon="25.058935">
        <ele>135.548194</ele>
      </trkpt>
      <trkpt lat="54.682059" lon="25.059104">
        <ele>135.351599</ele>
      </trkpt>
      <trkpt lat="54.681975" lon="25.059284">
        <ele>135.149606</ele>
      </trkpt>
      <trkpt lat="54.681894" lon="25.059456">
        <ele>134.955892</ele>
      </trkpt>
      <trkpt lat="54.681813" lon="25.059624">
        <ele>134.764873</ele>
      </trkpt>
      <trkpt lat="54.681733" lon="25.059792">
        <ele>134.574818</ele>
      </trkpt>
      <trkpt lat="54.681659" lon="25.059992">
        <ele>134.367473</ele>
      </trkpt>
      <trkpt lat="54.681578" lon="25.060172">
        <ele>134.168293</ele>
      </trkpt>
      <trkpt lat="54.681495" lon="25.060347">
        <ele>133.970638</ele>
      </trkpt>
      <trkpt lat="54.681415" lon="25.060517">
        <ele>133.779231</ele>
      </trkpt>
      <trkpt lat="54.681338" lon="25.060706">
        <ele>133.577332</ele>
      </trkpt>
      <trkpt lat="54.681247" lon="25.060917">
        <ele>133.347464</ele>
      </trkpt>
      <trkpt lat="54.681159" lon="25.061123">
        <ele>133.123803</ele>
      </trkpt>
      <trkpt lat="54.681069" lon="25.06132">
        <ele>132.912568</ele>
      </trkpt>
      <trkpt lat="54.680986" lon="25.061521">
        <ele>132.708172</ele>
      </trkpt>
      <trkpt lat="54.680907" lon="25.061722">
        <ele>132.507049</ele>
      </trkpt>
      <trkpt lat="54.680822" lon="25.061929">
        <ele>132.296948</ele>
      </trkpt>
      <trkpt lat="54.68073" lon="25.062136">
        <ele>132.08089</ele>
      </trkpt>
      <trkpt lat="54.680643" lon="25.062356">
        <ele>131.860326</ele>
      </trkpt>
      <trkpt lat="54.680551" lon="25.062585">
        <ele>131.629567</ele>
      </trkpt>
      <trkpt lat="54.680471" lon="25.06281">
        <ele>131.410986</ele>
      </trkpt>
      <trkpt lat="54.680387" lon="25.063041">
        <ele>131.185165</ele>
      </trkpt>
      <trkpt lat="54.680302" lon="25.063271">
        <ele>130.959276</ele>
      </trkpt>
      <trkpt lat="54.680219" lon="25.063484">
        <ele>130.746719</ele>
      </trkpt>
      <trkpt lat="54.680135" lon="25.063705">
        <ele>130.527857</ele>
      </trkpt>
      <trkpt lat="54.680061" lon="25.063934">
        <ele>130.165112</ele>
      </trkpt>
      <trkpt lat="54.679987" lon="25.064161">
        <ele>129.767288</ele>
      </trkpt>
      <trkpt lat="54.679915" lon="25.064384">
        <ele>129.377373</ele>
      </trkpt>
      <trkpt lat="54.679842" lon="25.06461">
        <ele>128.982172</ele>
      </trkpt>
      <trkpt lat="54.679773" lon="25.064841">
        <ele>128.585247</ele>
      </trkpt>
      <trkpt lat="54.679699" lon="25.065066">
        <ele>128.190078</ele>
      </trkpt>
      <trkpt lat="54.679633" lon="25.065304">
        <ele>127.787117</ele>
      </trkpt>
      <trkpt lat="54.679568" lon="25.065542">
        <ele>127.385291</ele>
      </trkpt>
      <trkpt lat="54.679496" lon="25.065791">
        <ele>126.960278</ele>
      </trkpt>
      <trkpt lat="54.679427" lon="25.066033">
        <ele>126.54836</ele>
      </trkpt>
      <trkpt lat="54.679359" lon="25.066267">
        <ele>126.14855</ele>
      </trkpt>
      <trkpt lat="54.679291" lon="25.066488">
        <ele>125.766368</ele>
      </trkpt>
      <trkpt lat="54.679229" lon="25.066705">
        <ele>125.152176</ele>
      </trkpt>
      <trkpt lat="54.679173" lon="25.06693">
        <ele>124.506745</ele>
      </trkpt>
      <trkpt lat="54.679104" lon="25.067153">
        <ele>123.840328</ele>
      </trkpt>
      <trkpt lat="54.679043" lon="25.067381">
        <ele>123.178385</ele>
      </trkpt>
      <trkpt lat="54.678991" lon="25.067615">
        <ele>122.517862</ele>
      </trkpt>
      <trkpt lat="54.678947" lon="25.067843">
        <ele>121.88454</ele>
      </trkpt>
      <trkpt lat="54.678903" lon="25.068043">
        <ele>121.320712</ele>
      </trkpt>
      <trkpt lat="54.678855" lon="25.068259">
        <ele>120.710996</ele>
      </trkpt>
      <trkpt lat="54.678793" lon="25.068484">
        <ele>120.054268</ele>
      </trkpt>
      <trkpt lat="54.67874" lon="25.068728">
        <ele>119.367492</ele>
      </trkpt>
      <trkpt lat="54.678692" lon="25.068973">
        <ele>118.685899</ele>
      </trkpt>
      <trkpt lat="54.678636" lon="25.069211">
        <ele>118.008864</ele>
      </trkpt>
      <trkpt lat="54.678585" lon="25.069456">
        <ele>117.299113</ele>
      </trkpt>
      <trkpt lat="54.678535" lon="25.069705">
        <ele>116.527927</ele>
      </trkpt>
      <trkpt lat="54.678494" lon="25.06997">
        <ele>115.725336</ele>
      </trkpt>
      <trkpt lat="54.678459" lon="25.070217">
        <ele>114.9813</ele>
      </trkpt>
      <trkpt lat="54.678423" lon="25.070423">
        <ele>114.351674</ele>
      </trkpt>
      <trkpt lat="54.678389" lon="25.070604">
        <ele>113.794872</ele>
      </trkpt>
      <trkpt lat="54.678353" lon="25.070774">
        <ele>113.265189</ele>
      </trkpt>
      <trkpt lat="54.678317" lon="25.070953">
        <ele>112.710706</ele>
      </trkpt>
      <trkpt lat="54.678291" lon="25.071137">
        <ele>112.156529</ele>
      </trkpt>
      <trkpt lat="54.678254" lon="25.071348">
        <ele>111.511434</ele>
      </trkpt>
      <trkpt lat="54.678203" lon="25.071588">
        <ele>110.763336</ele>
      </trkpt>
      <trkpt lat="54.678161" lon="25.07183">
        <ele>110.024099</ele>
      </trkpt>
      <trkpt lat="54.67811" lon="25.072083">
        <ele>109.24019</ele>
      </trkpt>
      <trkpt lat="54.678051" lon="25.072334">
        <ele>108.44746</ele>
      </trkpt>
      <trkpt lat="54.678003" lon="25.072565">
        <ele>108.189539</ele>
      </trkpt>
      <trkpt lat="54.67797" lon="25.072752">
        <ele>107.990447</ele>
      </trkpt>
      <trkpt lat="54.677896" lon="25.072904">
        <ele>107.788105</ele>
      </trkpt>
      <trkpt lat="54.677792" lon="25.07292">
        <ele>107.604216</ele>
      </trkpt>
      <trkpt lat="54.677697" lon="25.072853">
        <ele>107.423525</ele>
      </trkpt>
      <trkpt lat="54.677607" lon="25.072778">
        <ele>107.247577</ele>
      </trkpt>
      <trkpt lat="54.677504" lon="25.072761">
        <ele>107.065348</ele>
      </trkpt>
      <trkpt lat="54.677412" lon="25.072777">
        <ele>106.902499</ele>
      </trkpt>
      <trkpt lat="54.677279" lon="25.072805">
        <ele>106.666528</ele>
      </trkpt>
      <trkpt lat="54.677168" lon="25.072781">
        <ele>106.469512</ele>
      </trkpt>
      <trkpt lat="54.677049" lon="25.072759">
        <ele>106.258734</ele>
      </trkpt>
      <trkpt lat="54.676926" lon="25.072739">
        <ele>106.041149</ele>
      </trkpt>
      <trkpt lat="54.676834" lon="25.072758">
        <ele>105.877966</ele>
      </trkpt>
      <trkpt lat="54.676705" lon="25.072772">
        <ele>105.650323</ele>
      </trkpt>
      <trkpt lat="54.676589" lon="25.072801">
        <ele>105.443899</ele>
      </trkpt>
      <trkpt lat="54.67646" lon="25.072806">
        <ele>105.259407</ele>
      </trkpt>
      <trkpt lat="54.676324" lon="25.072813">
        <ele>105.221497</ele>
      </trkpt>
      <trkpt lat="54.676204" lon="25.07283">
        <ele>105.18795</ele>
      </trkpt>
      <trkpt lat="54.67608" lon="25.072846">
        <ele>105.153304</ele>
      </trkpt>
      <trkpt lat="54.675972" lon="25.072874">
        <ele>105.122876</ele>
      </trkpt>
      <trkpt lat="54.675869" lon="25.072883">
        <ele>105.094141</ele>
      </trkpt>
      <trkpt lat="54.675754" lon="25.072935">
        <ele>105.061021</ele>
      </trkpt>
      <trkpt lat="54.675646" lon="25.073055">
        <ele>105.025255</ele>
      </trkpt>
      <trkpt lat="54.675566" lon="25.073162">
        <ele>104.997076</ele>
      </trkpt>
      <trkpt lat="54.675487" lon="25.073266">
        <ele>104.969414</ele>
      </trkpt>
      <trkpt lat="54.675395" lon="25.073358">
        <ele>104.939803</ele>
      </trkpt>
      <trkpt lat="54.675297" lon="25.073456">
        <ele>104.908262</ele>
      </trkpt>
      <trkpt lat="54.675213" lon="25.073567">
        <ele>104.878807</ele>
      </trkpt>
      <trkpt lat="54.675125" lon="25.073678">
        <ele>104.84846</ele>
      </trkpt>
      <trkpt lat="54.675034" lon="25.073795">
        <ele>104.816866</ele>
      </trkpt>
      <trkpt lat="54.674948" lon="25.073915">
        <ele>104.786077</ele>
      </trkpt>
      <trkpt lat="54.674856" lon="25.074037">
        <ele>104.749273</ele>
      </trkpt>
      <trkpt lat="54.674765" lon="25.074165">
        <ele>104.704833</ele>
      </trkpt>
      <trkpt lat="54.674678" lon="25.074287">
        <ele>104.662399</ele>
      </trkpt>
      <trkpt lat="54.674594" lon="25.074389">
        <ele>104.623513</ele>
      </trkpt>
      <trkpt lat="54.674502" lon="25.074489">
        <ele>104.582346</ele>
      </trkpt>
      <trkpt lat="54.674425" lon="25.074594">
        <ele>104.545196</ele>
      </trkpt>
      <trkpt lat="54.674331" lon="25.074749">
        <ele>104.49599</ele>
      </trkpt>
      <trkpt lat="54.674265" lon="25.074861">
        <ele>104.460958</ele>
      </trkpt>
      <trkpt lat="54.674201" lon="25.075002">
        <ele>104.42169</ele>
      </trkpt>
      <trkpt lat="54.674146" lon="25.075152">
        <ele>104.38278</ele>
      </trkpt>
      <trkpt lat="54.674088" lon="25.075307">
        <ele>104.342334</ele>
      </trkpt>
      <trkpt lat="54.67402" lon="25.075451">
        <ele>104.301606</ele>
      </trkpt>
      <trkpt lat="54.673945" lon="25.075601">
        <ele>104.258164</ele>
      </trkpt>
      <trkpt lat="54.673876" lon="25.075754">
        <ele>104.215658</ele>
      </trkpt>
      <trkpt lat="54.673806" lon="25.075914">
        <ele>104.171704</ele>
      </trkpt>
      <trkpt lat="54.673738" lon="25.076062">
        <ele>104.130293</ele>
      </trkpt>
      <trkpt lat="54.673668" lon="25.076228">
        <ele>104.085284</ele>
      </trkpt>
      <trkpt lat="54.673623" lon="25.076363">
        <ele>103.981229</ele>
      </trkpt>
      <trkpt lat="54.673632" lon="25.076551">
        <ele>103.854185</ele>
      </trkpt>
      <trkpt lat="54.673741" lon="25.076712">
        <ele>103.687232</ele>
      </trkpt>
      <trkpt lat="54.673826" lon="25.076814">
        <ele>103.566736</ele>
      </trkpt>
      <trkpt lat="54.673901" lon="25.07691">
        <ele>103.458061</ele>
      </trkpt>
      <trkpt lat="54.673989" lon="25.077025">
        <ele>103.329597</ele>
      </trkpt>
      <trkpt lat="54.674077" lon="25.077155">
        <ele>103.194803</ele>
      </trkpt>
      <trkpt lat="54.674128" lon="25.077286">
        <ele>103.088447</ele>
      </trkpt>
      <trkpt lat="54.674076" lon="25.077474">
        <ele>102.948098</ele>
      </trkpt>
      <trkpt lat="54.674004" lon="25.077624">
        <ele>102.816809</ele>
      </trkpt>
      <trkpt lat="54.673949" lon="25.077759">
        <ele>102.705592</ele>
      </trkpt>
      <trkpt lat="54.673886" lon="25.077891">
        <ele>102.590325</ele>
      </trkpt>
      <trkpt lat="54.673825" lon="25.07803">
        <ele>102.472806</ele>
      </trkpt>
      <trkpt lat="54.673771" lon="25.078168">
        <ele>102.360588</ele>
      </trkpt>
      <trkpt lat="54.673713" lon="25.078301">
        <ele>102.2484</ele>
      </trkpt>
      <trkpt lat="54.673638" lon="25.078463">
        <ele>102.108639</ele>
      </trkpt>
      <trkpt lat="54.673603" lon="25.078642">
        <ele>101.981271</ele>
      </trkpt>
      <trkpt lat="54.673684" lon="25.078804">
        <ele>101.835159</ele>
      </trkpt>
      <trkpt lat="54.673763" lon="25.078917">
        <ele>101.7142</ele>
      </trkpt>
      <trkpt lat="54.67384" lon="25.079022">
        <ele>101.598506</ele>
      </trkpt>
      <trkpt lat="54.673866" lon="25.079215">
        <ele>101.463308</ele>
      </trkpt>
      <trkpt lat="54.673804" lon="25.079338">
        <ele>101.351985</ele>
      </trkpt>
      <trkpt lat="54.67375" lon="25.079481">
        <ele>101.235464</ele>
      </trkpt>
      <trkpt lat="54.673682" lon="25.079623">
        <ele>101.109678</ele>
      </trkpt>
      <trkpt lat="54.673592" lon="25.079784">
        <ele>100.956901</ele>
      </trkpt>
      <trkpt lat="54.673531" lon="25.079955">
        <ele>100.819824</ele>
      </trkpt>
      <trkpt lat="54.673455" lon="25.08009">
        <ele>100.69128</ele>
      </trkpt>
      <trkpt lat="54.673393" lon="25.08024">
        <ele>100.565488</ele>
      </trkpt>
      <trkpt lat="54.673435" lon="25.080414">
        <ele>100.43685</ele>
      </trkpt>
      <trkpt lat="54.673437" lon="25.080588">
        <ele>100.318117</ele>
      </trkpt>
      <trkpt lat="54.673502" lon="25.080708">
        <ele>100.205938</ele>
      </trkpt>
      <trkpt lat="54.67357" lon="25.080836">
        <ele>100.087351</ele>
      </trkpt>
      <trkpt lat="54.673656" lon="25.080968">
        <ele>99.951683</ele>
      </trkpt>
      <trkpt lat="54.673733" lon="25.081072">
        <ele>99.820858</ele>
      </trkpt>
      <trkpt lat="54.673825" lon="25.081158">
        <ele>99.636413</ele>
      </trkpt>
      <trkpt lat="54.673919" lon="25.081248">
        <ele>99.446916</ele>
      </trkpt>
      <trkpt lat="54.673998" lon="25.081329">
        <ele>99.284939</ele>
      </trkpt>
      <trkpt lat="54.674095" lon="25.081324">
        <ele>99.113786</ele>
      </trkpt>
      <trkpt lat="54.674207" lon="25.081397">
        <ele>98.902691</ele>
      </trkpt>
      <trkpt lat="54.674329" lon="25.081455">
        <ele>98.679541</ele>
      </trkpt>
      <trkpt lat="54.674439" lon="25.081503">
        <ele>98.479456</ele>
      </trkpt>
      <trkpt lat="54.674545" lon="25.081546">
        <ele>98.287431</ele>
      </trkpt>
      <trkpt lat="54.674646" lon="25.081588">
        <ele>98.104223</ele>
      </trkpt>
      <trkpt lat="54.674772" lon="25.081655">
        <ele>97.871732</ele>
      </trkpt>
      <trkpt lat="54.674869" lon="25.081734">
        <ele>97.682635</ele>
      </trkpt>
      <trkpt lat="54.67497" lon="25.081765">
        <ele>97.50172</ele>
      </trkpt>
      <trkpt lat="54.675058" lon="25.081816">
        <ele>97.338034</ele>
      </trkpt>
      <trkpt lat="54.675145" lon="25.081896">
        <ele>97.164253</ele>
      </trkpt>
      <trkpt lat="54.675221" lon="25.081987">
        <ele>97.001224</ele>
      </trkpt>
      <trkpt lat="54.675301" lon="25.082067">
        <ele>96.838242</ele>
      </trkpt>
      <trkpt lat="54.67539" lon="25.082182">
        <ele>96.682599</ele>
      </trkpt>
      <trkpt lat="54.675497" lon="25.082286">
        <ele>96.629769</ele>
      </trkpt>
      <trkpt lat="54.675578" lon="25.082356">
        <ele>96.590794</ele>
      </trkpt>
      <trkpt lat="54.675692" lon="25.08247">
        <ele>96.534113</ele>
      </trkpt>
      <trkpt lat="54.675795" lon="25.082569">
        <ele>96.483393</ele>
      </trkpt>
      <trkpt lat="54.675891" lon="25.082643">
        <ele>96.438154</ele>
      </trkpt>
      <trkpt lat="54.675948" lon="25.082767">
        <ele>96.398729</ele>
      </trkpt>
      <trkpt lat="54.675927" lon="25.082937">
        <ele>96.355466</ele>
      </trkpt>
      <trkpt lat="54.675886" lon="25.08313">
        <ele>96.304294</ele>
      </trkpt>
      <trkpt lat="54.675837" lon="25.08334">
        <ele>96.247935</ele>
      </trkpt>
      <trkpt lat="54.675804" lon="25.083489">
        <ele>96.208226</ele>
      </trkpt>
      <trkpt lat="54.675772" lon="25.083693">
        <ele>96.15562</ele>
      </trkpt>
      <trkpt lat="54.67573" lon="25.083865">
        <ele>96.109153</ele>
      </trkpt>
      <trkpt lat="54.675698" lon="25.084025">
        <ele>96.067018</ele>
      </trkpt>
      <trkpt lat="54.675651" lon="25.08419">
        <ele>96.021241</ele>
      </trkpt>
      <trkpt lat="54.675604" lon="25.084407">
        <ele>95.963571</ele>
      </trkpt>
      <trkpt lat="54.675567" lon="25.084565">
        <ele>95.92147</ele>
      </trkpt>
      <trkpt lat="54.675526" lon="25.084739">
        <ele>95.929203</ele>
      </trkpt>
      <trkpt lat="54.675479" lon="25.084909">
        <ele>95.936959</ele>
      </trkpt>
      <trkpt lat="54.675433" lon="25.085078">
        <ele>95.944647</ele>
      </trkpt>
      <trkpt lat="54.675402" lon="25.085252">
        <ele>95.952141</ele>
      </trkpt>
      <trkpt lat="54.675356" lon="25.085426">
        <ele>95.960015</ele>
      </trkpt>
      <trkpt lat="54.67531" lon="25.085608">
        <ele>95.968191</ele>
      </trkpt>
      <trkpt lat="54.675263" lon="25.085781">
        <ele>95.976058</ele>
      </trkpt>
      <trkpt lat="54.675218" lon="25.085944">
        <ele>95.983493</ele>
      </trkpt>
      <trkpt lat="54.675171" lon="25.086104">
        <ele>95.990879</ele>
      </trkpt>
      <trkpt lat="54.675129" lon="25.086272">
        <ele>95.998412</ele>
      </trkpt>
      <trkpt lat="54.675083" lon="25.086439">
        <ele>96.006026</ele>
      </trkpt>
      <trkpt lat="54.67503" lon="25.086596">
        <ele>96.013509</ele>
      </trkpt>
      <trkpt lat="54.674982" lon="25.086742">
        <ele>96.020422</ele>
      </trkpt>
      <trkpt lat="54.674938" lon="25.086896">
        <ele>96.027492</ele>
      </trkpt>
      <trkpt lat="54.674893" lon="25.08706">
        <ele>96.034963</ele>
      </trkpt>
      <trkpt lat="54.674851" lon="25.087204">
        <ele>96.041602</ele>
      </trkpt>
      <trkpt lat="54.67479" lon="25.087399">
        <ele>96.063079</ele>
      </trkpt>
      <trkpt lat="54.674724" lon="25.08756">
        <ele>96.150228</ele>
      </trkpt>
      <trkpt lat="54.67468" lon="25.087736">
        <ele>96.234899</ele>
      </trkpt>
      <trkpt lat="54.674619" lon="25.087924">
        <ele>96.330094</ele>
      </trkpt>
      <trkpt lat="54.674565" lon="25.088113">
        <ele>96.423186</ele>
      </trkpt>
      <trkpt lat="54.674515" lon="25.088267">
        <ele>96.501177</ele>
      </trkpt>
      <trkpt lat="54.674483" lon="25.088484">
        <ele>96.600068</ele>
      </trkpt>
      <trkpt lat="54.674438" lon="25.088634">
        <ele>96.67469</ele>
      </trkpt>
      <trkpt lat="54.67439" lon="25.088794">
        <ele>96.754287</ele>
      </trkpt>
      <trkpt lat="54.674338" lon="25.088947">
        <ele>96.832656</ele>
      </trkpt>
      <trkpt lat="54.674287" lon="25.089111">
        <ele>96.914886</ele>
      </trkpt>
      <trkpt lat="54.674255" lon="25.089284">
        <ele>96.995094</ele>
      </trkpt>
      <trkpt lat="54.674203" lon="25.089448">
        <ele>97.077687</ele>
      </trkpt>
      <trkpt lat="54.674159" lon="25.089621">
        <ele>97.161145</ele>
      </trkpt>
      <trkpt lat="54.674109" lon="25.08978">
        <ele>97.241069</ele>
      </trkpt>
      <trkpt lat="54.674057" lon="25.089941">
        <ele>97.322504</ele>
      </trkpt>
      <trkpt lat="54.674002" lon="25.090092">
        <ele>97.401311</ele>
      </trkpt>
      <trkpt lat="54.673952" lon="25.090229">
        <ele>97.45261</ele>
      </trkpt>
      <trkpt lat="54.673916" lon="25.090429">
        <ele>97.507497</ele>
      </trkpt>
      <trkpt lat="54.673837" lon="25.090519">
        <ele>97.550367</ele>
      </trkpt>
      <trkpt lat="54.673727" lon="25.090435">
        <ele>97.604859</ele>
      </trkpt>
      <trkpt lat="54.673663" lon="25.090576">
        <ele>97.65183</ele>
      </trkpt>
      <trkpt lat="54.673564" lon="25.090584">
        <ele>97.696742</ele>
      </trkpt>
      <trkpt lat="54.673456" lon="25.090484">
        <ele>97.752258</ele>
      </trkpt>
      <trkpt lat="54.673344" lon="25.090394">
        <ele>97.808224</ele>
      </trkpt>
      <trkpt lat="54.67325" lon="25.090336">
        <ele>97.853452</ele>
      </trkpt>
      <trkpt lat="54.673159" lon="25.090264">
        <ele>97.898802</ele>
      </trkpt>
      <trkpt lat="54.673071" lon="25.090177">
        <ele>97.944737</ele>
      </trkpt>
      <trkpt lat="54.672977" lon="25.0901">
        <ele>97.991872</ele>
      </trkpt>
      <trkpt lat="54.672884" lon="25.090027">
        <ele>98.038154</ele>
      </trkpt>
      <trkpt lat="54.672793" lon="25.089949">
        <ele>98.08418</ele>
      </trkpt>
      <trkpt lat="54.672697" lon="25.089873">
        <ele>98.132026</ele>
      </trkpt>
      <trkpt lat="54.672599" lon="25.089794">
        <ele>98.181024</ele>
      </trkpt>
      <trkpt lat="54.672504" lon="25.089716">
        <ele>98.228681</ele>
      </trkpt>
      <trkpt lat="54.67241" lon="25.089646">
        <ele>98.357641</ele>
      </trkpt>
      <trkpt lat="54.672321" lon="25.089562">
        <ele>98.506412</ele>
      </trkpt>
      <trkpt lat="54.672233" lon="25.089492">
        <ele>98.648537</ele>
      </trkpt>
      <trkpt lat="54.672145" lon="25.089427">
        <ele>98.788943</ele>
      </trkpt>
      <trkpt lat="54.67206" lon="25.089362">
        <ele>98.925311</ele>
      </trkpt>
      <trkpt lat="54.671976" lon="25.089279">
        <ele>99.067263</ele>
      </trkpt>
      <trkpt lat="54.671855" lon="25.089188">
        <ele>99.260866</ele>
      </trkpt>
      <trkpt lat="54.671748" lon="25.089146">
        <ele>99.421859</ele>
      </trkpt>
      <trkpt lat="54.671661" lon="25.089215">
        <ele>99.562297</ele>
      </trkpt>
      <trkpt lat="54.671594" lon="25.089377">
        <ele>99.731287</ele>
      </trkpt>
      <trkpt lat="54.67154" lon="25.089561">
        <ele>99.906361</ele>
      </trkpt>
      <trkpt lat="54.671495" lon="25.0897">
        <ele>100.041524</ele>
      </trkpt>
      <trkpt lat="54.671434" lon="25.0899">
        <ele>100.233377</ele>
      </trkpt>
      <trkpt lat="54.67138" lon="25.090071">
        <ele>100.398691</ele>
      </trkpt>
      <trkpt lat="54.671347" lon="25.090244">
        <ele>100.553258</ele>
      </trkpt>
      <trkpt lat="54.671311" lon="25.090428">
        <ele>100.718072</ele>
      </trkpt>
      <trkpt lat="54.671271" lon="25.09057">
        <ele>100.852091</ele>
      </trkpt>
      <trkpt lat="54.671231" lon="25.090718">
        <ele>100.979306</ele>
      </trkpt>
      <trkpt lat="54.671206" lon="25.090874">
        <ele>101.102854</ele>
      </trkpt>
      <trkpt lat="54.671135" lon="25.091016">
        <ele>101.246126</ele>
      </trkpt>
      <trkpt lat="54.671089" lon="25.09118">
        <ele>101.38524</ele>
      </trkpt>
      <trkpt lat="54.671092" lon="25.091351">
        <ele>101.51581</ele>
      </trkpt>
      <trkpt lat="54.67101" lon="25.091503">
        <ele>101.674464</ele>
      </trkpt>
      <trkpt lat="54.670981" lon="25.091714">
        <ele>101.839989</ele>
      </trkpt>
      <trkpt lat="54.67093" lon="25.091915">
        <ele>102.007513</ele>
      </trkpt>
      <trkpt lat="54.67088" lon="25.092111">
        <ele>102.171014</ele>
      </trkpt>
      <trkpt lat="54.670831" lon="25.092319">
        <ele>102.342431</ele>
      </trkpt>
      <trkpt lat="54.670767" lon="25.092514">
        <ele>102.513559</ele>
      </trkpt>
      <trkpt lat="54.670695" lon="25.092707">
        <ele>102.688854</ele>
      </trkpt>
      <trkpt lat="54.670629" lon="25.092895">
        <ele>102.856711</ele>
      </trkpt>
      <trkpt lat="54.67058" lon="25.093035">
        <ele>102.98161</ele>
      </trkpt>
      <trkpt lat="54.670531" lon="25.093191">
        <ele>103.117104</ele>
      </trkpt>
      <trkpt lat="54.670485" lon="25.093335">
        <ele>103.242662</ele>
      </trkpt>
      <trkpt lat="54.670418" lon="25.093521">
        <ele>103.406825</ele>
      </trkpt>
      <trkpt lat="54.670372" lon="25.09368">
        <ele>103.53988</ele>
      </trkpt>
      <trkpt lat="54.67033" lon="25.09387">
        <ele>103.692109</ele>
      </trkpt>
      <trkpt lat="54.670285" lon="25.094051">
        <ele>103.839557</ele>
      </trkpt>
      <trkpt lat="54.670233" lon="25.09422">
        <ele>103.982825</ele>
      </trkpt>
      <trkpt lat="54.670181" lon="25.09438">
        <ele>104.120183</ele>
      </trkpt>
      <trkpt lat="54.670142" lon="25.094545">
        <ele>104.253585</ele>
      </trkpt>
      <trkpt lat="54.670101" lon="25.094705">
        <ele>104.384557</ele>
      </trkpt>
      <trkpt lat="54.67005" lon="25.094902">
        <ele>104.546091</ele>
      </trkpt>
      <trkpt lat="54.669986" lon="25.095097">
        <ele>104.713895</ele>
      </trkpt>
      <trkpt lat="54.669927" lon="25.09529">
        <ele>104.877276</ele>
      </trkpt>
      <trkpt lat="54.669897" lon="25.095445">
        <ele>104.999602</ele>
      </trkpt>
      <trkpt lat="54.669856" lon="25.095593">
        <ele>105.122419</ele>
      </trkpt>
      <trkpt lat="54.669813" lon="25.095738">
        <ele>105.244374</ele>
      </trkpt>
      <trkpt lat="54.669766" lon="25.095876">
        <ele>105.364234</ele>
      </trkpt>
      <trkpt lat="54.669712" lon="25.096084">
        <ele>105.534869</ele>
      </trkpt>
      <trkpt lat="54.669656" lon="25.096277">
        <ele>105.554895</ele>
      </trkpt>
      <trkpt lat="54.669609" lon="25.096436">
        <ele>105.527582</ele>
      </trkpt>
      <trkpt lat="54.669544" lon="25.09656">
        <ele>105.501984</ele>
      </trkpt>
      <trkpt lat="54.669502" lon="25.096723">
        <ele>105.47469</ele>
      </trkpt>
      <trkpt lat="54.669448" lon="25.096893">
        <ele>105.445023</ele>
      </trkpt>
      <trkpt lat="54.6694" lon="25.097049">
        <ele>105.417995</ele>
      </trkpt>
      <trkpt lat="54.669349" lon="25.097205">
        <ele>105.390585</ele>
      </trkpt>
      <trkpt lat="54.669338" lon="25.097364">
        <ele>105.366092</ele>
      </trkpt>
      <trkpt lat="54.66931" lon="25.097522">
        <ele>105.340816</ele>
      </trkpt>
      <trkpt lat="54.669231" lon="25.097637">
        <ele>105.313504</ele>
      </trkpt>
      <trkpt lat="54.66919" lon="25.097779">
        <ele>105.289227</ele>
      </trkpt>
      <trkpt lat="54.669133" lon="25.097953">
        <ele>105.25864</ele>
      </trkpt>
      <trkpt lat="54.669071" lon="25.098125">
        <ele>105.227639</ele>
      </trkpt>
      <trkpt lat="54.669005" lon="25.098295">
        <ele>105.196321</ele>
      </trkpt>
      <trkpt lat="54.668946" lon="25.09847">
        <ele>105.165337</ele>
      </trkpt>
      <trkpt lat="54.668902" lon="25.098624">
        <ele>105.139064</ele>
      </trkpt>
      <trkpt lat="54.668862" lon="25.098772">
        <ele>105.114076</ele>
      </trkpt>
      <trkpt lat="54.668826" lon="25.098917">
        <ele>105.087555</ele>
      </trkpt>
      <trkpt lat="54.668787" lon="25.099091">
        <ele>105.053875</ele>
      </trkpt>
      <trkpt lat="54.668761" lon="25.099298">
        <ele>105.015645</ele>
      </trkpt>
      <trkpt lat="54.668714" lon="25.099501">
        <ele>104.97618</ele>
      </trkpt>
      <trkpt lat="54.668648" lon="25.099691">
        <ele>104.936178</ele>
      </trkpt>
      <trkpt lat="54.668592" lon="25.099886">
        <ele>104.896884</ele>
      </trkpt>
      <trkpt lat="54.668552" lon="25.100072">
        <ele>104.861068</ele>
      </trkpt>
      <trkpt lat="54.668504" lon="25.100217">
        <ele>104.830914</ele>
      </trkpt>
      <trkpt lat="54.668429" lon="25.100357">
        <ele>104.796472</ele>
      </trkpt>
      <trkpt lat="54.66837" lon="25.100533">
        <ele>104.759756</ele>
      </trkpt>
      <trkpt lat="54.668317" lon="25.100724">
        <ele>104.721521</ele>
      </trkpt>
      <trkpt lat="54.668266" lon="25.100909">
        <ele>104.684532</ele>
      </trkpt>
      <trkpt lat="54.668202" lon="25.10109">
        <ele>104.646242</ele>
      </trkpt>
      <trkpt lat="54.66816" lon="25.101286">
        <ele>104.608517</ele>
      </trkpt>
      <trkpt lat="54.668136" lon="25.101484">
        <ele>104.572005</ele>
      </trkpt>
      <trkpt lat="54.668112" lon="25.101646">
        <ele>104.54192</ele>
      </trkpt>
      <trkpt lat="54.668153" lon="25.101827">
        <ele>104.59439</ele>
      </trkpt>
      <trkpt lat="54.668221" lon="25.101936">
        <ele>104.637667</ele>
      </trkpt>
      <trkpt lat="54.668276" lon="25.102064">
        <ele>104.68071</ele>
      </trkpt>
      <trkpt lat="54.668226" lon="25.102197">
        <ele>104.723528</ele>
      </trkpt>
      <trkpt lat="54.668315" lon="25.102253">
        <ele>104.767732</ele>
      </trkpt>
      <trkpt lat="54.668331" lon="25.102412">
        <ele>104.811294</ele>
      </trkpt>
      <trkpt lat="54.668267" lon="25.102547">
        <ele>104.858413</ele>
      </trkpt>
      <trkpt lat="54.668188" lon="25.102633">
        <ele>104.901984</ele>
      </trkpt>
      <trkpt lat="54.668091" lon="25.102667">
        <ele>104.948178</ele>
      </trkpt>
      <trkpt lat="54.668123" lon="25.102863">
        <ele>105.003151</ele>
      </trkpt>
      <trkpt lat="54.668171" lon="25.103019">
        <ele>105.050847</ele>
      </trkpt>
      <trkpt lat="54.668221" lon="25.10316">
        <ele>105.095491</ele>
      </trkpt>
      <trkpt lat="54.668274" lon="25.103307">
        <ele>105.142249</ele>
      </trkpt>
      <trkpt lat="54.668344" lon="25.103462">
        <ele>105.195332</ele>
      </trkpt>
      <trkpt lat="54.668411" lon="25.103635">
        <ele>105.251532</ele>
      </trkpt>
      <trkpt lat="54.668492" lon="25.103788">
        <ele>105.307522</ele>
      </trkpt>
      <trkpt lat="54.668568" lon="25.103933">
        <ele>105.360343</ele>
      </trkpt>
      <trkpt lat="54.66865" lon="25.104059">
        <ele>105.466092</ele>
      </trkpt>
      <trkpt lat="54.668732" lon="25.104132">
        <ele>105.58694</ele>
      </trkpt>
      <trkpt lat="54.668831" lon="25.104214">
        <ele>105.730773</ele>
      </trkpt>
      <trkpt lat="54.668877" lon="25.10435">
        <ele>105.850158</ele>
      </trkpt>
      <trkpt lat="54.669026" lon="25.10439">
        <ele>106.047731</ele>
      </trkpt>
      <trkpt lat="54.669115" lon="25.104452">
        <ele>106.173455</ele>
      </trkpt>
      <trkpt lat="54.669159" lon="25.104636">
        <ele>106.324329</ele>
      </trkpt>
      <trkpt lat="54.669139" lon="25.104793">
        <ele>106.446147</ele>
      </trkpt>
      <trkpt lat="54.669167" lon="25.104615">
        <ele>106.585925</ele>
      </trkpt>
      <trkpt lat="54.669133" lon="25.104467">
        <ele>106.706595</ele>
      </trkpt>
      <trkpt lat="54.669041" lon="25.104436">
        <ele>106.82941</ele>
      </trkpt>
      <trkpt lat="54.668964" lon="25.10453">
        <ele>106.952912</ele>
      </trkpt>
      <trkpt lat="54.668804" lon="25.104387">
        <ele>107.188907</ele>
      </trkpt>
      <trkpt lat="54.668704" lon="25.104381">
        <ele>107.320015</ele>
      </trkpt>
      <trkpt lat="54.668601" lon="25.104419">
        <ele>107.458013</ele>
      </trkpt>
      <trkpt lat="54.668556" lon="25.104273">
        <ele>107.583377</ele>
      </trkpt>
      <trkpt lat="54.668483" lon="25.104389">
        <ele>107.713283</ele>
      </trkpt>
      <trkpt lat="54.668602" lon="25.104331">
        <ele>107.400373</ele>
      </trkpt>
      <trkpt lat="54.668667" lon="25.104482">
        <ele>107.049157</ele>
      </trkpt>
      <trkpt lat="54.668662" lon="25.104675">
        <ele>106.688699</ele>
      </trkpt>
      <trkpt lat="54.668624" lon="25.104837">
        <ele>106.362524</ele>
      </trkpt>
      <trkpt lat="54.668649" lon="25.105001">
        <ele>106.046083</ele>
      </trkpt>
      <trkpt lat="54.668702" lon="25.105151">
        <ele>105.718112</ele>
      </trkpt>
      <trkpt lat="54.668709" lon="25.105314">
        <ele>105.413151</ele>
      </trkpt>
      <trkpt lat="54.668817" lon="25.105397">
        <ele>105.031847</ele>
      </trkpt>
      <trkpt lat="54.66879" lon="25.105577">
        <ele>104.684893</ele>
      </trkpt>
      <trkpt lat="54.668789" lon="25.105788">
        <ele>104.2912</ele>
      </trkpt>
      <trkpt lat="54.668793" lon="25.106004">
        <ele>103.887985</ele>
      </trkpt>
      <trkpt lat="54.668785" lon="25.106206">
        <ele>103.510215</ele>
      </trkpt>
      <trkpt lat="54.668754" lon="25.106417">
        <ele>103.104029</ele>
      </trkpt>
      <trkpt lat="54.668712" lon="25.106617">
        <ele>102.707031</ele>
      </trkpt>
      <trkpt lat="54.668679" lon="25.106773">
        <ele>102.397107</ele>
      </trkpt>
      <trkpt lat="54.668645" lon="25.106939">
        <ele>102.068534</ele>
      </trkpt>
      <trkpt lat="54.668608" lon="25.107107">
        <ele>101.783714</ele>
      </trkpt>
      <trkpt lat="54.668574" lon="25.107276">
        <ele>101.53347</ele>
      </trkpt>
      <trkpt lat="54.66854" lon="25.107449">
        <ele>101.277935</ele>
      </trkpt>
      <trkpt lat="54.668502" lon="25.107625">
        <ele>101.015199</ele>
      </trkpt>
      <trkpt lat="54.66847" lon="25.107803">
        <ele>100.75451</ele>
      </trkpt>
      <trkpt lat="54.668438" lon="25.107983">
        <ele>100.491149</ele>
      </trkpt>
      <trkpt lat="54.668408" lon="25.108163">
        <ele>100.229168</ele>
      </trkpt>
      <trkpt lat="54.668385" lon="25.108322">
        <ele>99.999951</ele>
      </trkpt>
      <trkpt lat="54.668375" lon="25.108513">
        <ele>99.731739</ele>
      </trkpt>
      <trkpt lat="54.668418" lon="25.108703">
        <ele>99.446395</ele>
      </trkpt>
      <trkpt lat="54.668383" lon="25.108892">
        <ele>99.168852</ele>
      </trkpt>
      <trkpt lat="54.668305" lon="25.109096">
        <ele>98.826833</ele>
      </trkpt>
      <trkpt lat="54.668261" lon="25.109265">
        <ele>98.567633</ele>
      </trkpt>
      <trkpt lat="54.66821" lon="25.109431">
        <ele>98.304749</ele>
      </trkpt>
      <trkpt lat="54.668173" lon="25.109578">
        <ele>98.080536</ele>
      </trkpt>
      <trkpt lat="54.668127" lon="25.109788">
        <ele>97.766481</ele>
      </trkpt>
      <trkpt lat="54.668085" lon="25.109959">
        <ele>97.639986</ele>
      </trkpt>
      <trkpt lat="54.668055" lon="25.110116">
        <ele>97.800027</ele>
      </trkpt>
      <trkpt lat="54.668022" lon="25.11029">
        <ele>97.977267</ele>
      </trkpt>
      <trkpt lat="54.667977" lon="25.110479">
        <ele>98.175098</ele>
      </trkpt>
      <trkpt lat="54.667933" lon="25.110642">
        <ele>98.349206</ele>
      </trkpt>
      <trkpt lat="54.667897" lon="25.11083">
        <ele>98.540888</ele>
      </trkpt>
      <trkpt lat="54.667853" lon="25.111029">
        <ele>98.747099</ele>
      </trkpt>
      <trkpt lat="54.667801" lon="25.111247">
        <ele>98.975347</ele>
      </trkpt>
      <trkpt lat="54.667751" lon="25.111477">
        <ele>99.213174</ele>
      </trkpt>
      <trkpt lat="54.667699" lon="25.111683">
        <ele>99.43073</ele>
      </trkpt>
      <trkpt lat="54.66765" lon="25.111887">
        <ele>99.644537</ele>
      </trkpt>
      <trkpt lat="54.6676" lon="25.112086">
        <ele>99.854545</ele>
      </trkpt>
      <trkpt lat="54.667545" lon="25.112295">
        <ele>100.076798</ele>
      </trkpt>
      <trkpt lat="54.667492" lon="25.112507">
        <ele>100.300348</ele>
      </trkpt>
      <trkpt lat="54.667439" lon="25.112738">
        <ele>100.540889</ele>
      </trkpt>
      <trkpt lat="54.667381" lon="25.112964">
        <ele>101.011057</ele>
      </trkpt>
      <trkpt lat="54.667325" lon="25.113187">
        <ele>101.540911</ele>
      </trkpt>
      <trkpt lat="54.667271" lon="25.113412">
        <ele>102.071833</ele>
      </trkpt>
      <trkpt lat="54.667211" lon="25.113642">
        <ele>102.621742</ele>
      </trkpt>
      <trkpt lat="54.667155" lon="25.113878">
        <ele>103.177701</ele>
      </trkpt>
      <trkpt lat="54.6671" lon="25.114108">
        <ele>103.720135</ele>
      </trkpt>
      <trkpt lat="54.667046" lon="25.114331">
        <ele>104.247036</ele>
      </trkpt>
      <trkpt lat="54.666999" lon="25.114553">
        <ele>104.762275</ele>
      </trkpt>
      <trkpt lat="54.666949" lon="25.114786">
        <ele>105.303919</ele>
      </trkpt>
      <trkpt lat="54.6669" lon="25.115016">
        <ele>105.838124</ele>
      </trkpt>
      <trkpt lat="54.66685" lon="25.115257">
        <ele>106.396148</ele>
      </trkpt>
      <trkpt lat="54.666801" lon="25.1155">
        <ele>106.957027</ele>
      </trkpt>
      <trkpt lat="54.666743" lon="25.115741">
        <ele>107.531457</ele>
      </trkpt>
      <trkpt lat="54.666678" lon="25.115977">
        <ele>108.121852</ele>
      </trkpt>
      <trkpt lat="54.666614" lon="25.116211">
        <ele>108.706493</ele>
      </trkpt>
      <trkpt lat="54.666546" lon="25.116433">
        <ele>109.273893</ele>
      </trkpt>
      <trkpt lat="54.666474" lon="25.116652">
        <ele>109.842871</ele>
      </trkpt>
      <trkpt lat="54.666403" lon="25.116879">
        <ele>110.425759</ele>
      </trkpt>
      <trkpt lat="54.666332" lon="25.117112">
        <ele>111.020603</ele>
      </trkpt>
      <trkpt lat="54.666261" lon="25.117348">
        <ele>111.62145</ele>
      </trkpt>
      <trkpt lat="54.666188" lon="25.117573">
        <ele>112.204152</ele>
      </trkpt>
      <trkpt lat="54.666117" lon="25.117802">
        <ele>112.79102</ele>
      </trkpt>
      <trkpt lat="54.666045" lon="25.118018">
        <ele>113.354122</ele>
      </trkpt>
      <trkpt lat="54.665976" lon="25.118238">
        <ele>113.919392</ele>
      </trkpt>
      <trkpt lat="54.665902" lon="25.11846">
        <ele>114.501231</ele>
      </trkpt>
      <trkpt lat="54.665827" lon="25.118683">
        <ele>115.101975</ele>
      </trkpt>
      <trkpt lat="54.665755" lon="25.118897">
        <ele>115.678528</ele>
      </trkpt>
      <trkpt lat="54.665679" lon="25.119113">
        <ele>116.267321</ele>
      </trkpt>
      <trkpt lat="54.665603" lon="25.11933">
        <ele>116.858106</ele>
      </trkpt>
      <trkpt lat="54.665525" lon="25.119544">
        <ele>117.447181</ele>
      </trkpt>
      <trkpt lat="54.665453" lon="25.119758">
        <ele>118.023737</ele>
      </trkpt>
      <trkpt lat="54.665385" lon="25.119961">
        <ele>118.570054</ele>
      </trkpt>
      <trkpt lat="54.665315" lon="25.120161">
        <ele>119.114462</ele>
      </trkpt>
      <trkpt lat="54.66525" lon="25.120361">
        <ele>119.648726</ele>
      </trkpt>
      <trkpt lat="54.665181" lon="25.120567">
        <ele>120.203108</ele>
      </trkpt>
      <trkpt lat="54.665108" lon="25.120781">
        <ele>120.781704</ele>
      </trkpt>
      <trkpt lat="54.665032" lon="25.121001">
        <ele>121.378481</ele>
      </trkpt>
      <trkpt lat="54.664958" lon="25.121211">
        <ele>121.887559</ele>
      </trkpt>
      <trkpt lat="54.664882" lon="25.121428">
        <ele>122.357229</ele>
      </trkpt>
      <trkpt lat="54.664811" lon="25.121634">
        <ele>122.801201</ele>
      </trkpt>
      <trkpt lat="54.664738" lon="25.12184">
        <ele>123.248484</ele>
      </trkpt>
      <trkpt lat="54.664672" lon="25.122047">
        <ele>123.6861</ele>
      </trkpt>
      <trkpt lat="54.664605" lon="25.122236">
        <ele>124.096513</ele>
      </trkpt>
      <trkpt lat="54.664553" lon="25.122398">
        <ele>124.439535</ele>
      </trkpt>
      <trkpt lat="54.664494" lon="25.12252">
        <ele>124.733963</ele>
      </trkpt>
      <trkpt lat="54.664425" lon="25.122653">
        <ele>125.064748</ele>
      </trkpt>
      <trkpt lat="54.664376" lon="25.122845">
        <ele>125.453286</ele>
      </trkpt>
      <trkpt lat="54.66435" lon="25.123002">
        <ele>125.755638</ele>
      </trkpt>
      <trkpt lat="54.664298" lon="25.123173">
        <ele>126.113323</ele>
      </trkpt>
      <trkpt lat="54.664233" lon="25.123342">
        <ele>126.48908</ele>
      </trkpt>
      <trkpt lat="54.664163" lon="25.123546">
        <ele>126.928237</ele>
      </trkpt>
      <trkpt lat="54.664089" lon="25.123757">
        <ele>127.385096</ele>
      </trkpt>
      <trkpt lat="54.664014" lon="25.123962">
        <ele>127.55705</ele>
      </trkpt>
      <trkpt lat="54.663938" lon="25.124176">
        <ele>127.72618</ele>
      </trkpt>
      <trkpt lat="54.663866" lon="25.124391">
        <ele>127.893504</ele>
      </trkpt>
      <trkpt lat="54.663797" lon="25.124598">
        <ele>128.054414</ele>
      </trkpt>
      <trkpt lat="54.663733" lon="25.124798">
        <ele>128.208356</ele>
      </trkpt>
      <trkpt lat="54.663665" lon="25.125001">
        <ele>128.366352</ele>
      </trkpt>
      <trkpt lat="54.663608" lon="25.125183">
        <ele>128.505747</ele>
      </trkpt>
      <trkpt lat="54.663555" lon="25.125349">
        <ele>128.633452</ele>
      </trkpt>
      <trkpt lat="54.663499" lon="25.125509">
        <ele>128.759407</ele>
      </trkpt>
      <trkpt lat="54.663463" lon="25.125658">
        <ele>128.868163</ele>
      </trkpt>
      <trkpt lat="54.663435" lon="25.125808">
        <ele>128.97432</ele>
      </trkpt>
      <trkpt lat="54.663366" lon="25.126019">
        <ele>129.137572</ele>
      </trkpt>
      <trkpt lat="54.663314" lon="25.126165">
        <ele>129.253053</ele>
      </trkpt>
      <trkpt lat="54.663265" lon="25.12631">
        <ele>129.366158</ele>
      </trkpt>
      <trkpt lat="54.663205" lon="25.126442">
        <ele>129.479231</ele>
      </trkpt>
      <trkpt lat="54.663135" lon="25.126586">
        <ele>129.607957</ele>
      </trkpt>
      <trkpt lat="54.663067" lon="25.126767">
        <ele>129.755944</ele>
      </trkpt>
      <trkpt lat="54.662997" lon="25.12697">
        <ele>129.917993</ele>
      </trkpt>
      <trkpt lat="54.662923" lon="25.127183">
        <ele>130.08836</ele>
      </trkpt>
      <trkpt lat="54.662847" lon="25.127404">
        <ele>130.264652</ele>
      </trkpt>
      <trkpt lat="54.662768" lon="25.127629">
        <ele>130.445127</ele>
      </trkpt>
      <trkpt lat="54.662689" lon="25.127853">
        <ele>130.625017</ele>
      </trkpt>
      <trkpt lat="54.662607" lon="25.128081">
        <ele>130.809107</ele>
      </trkpt>
      <trkpt lat="54.662529" lon="25.128311">
        <ele>130.99192</ele>
      </trkpt>
      <trkpt lat="54.662452" lon="25.12854">
        <ele>131.173543</ele>
      </trkpt>
      <trkpt lat="54.662376" lon="25.128759">
        <ele>131.348659</ele>
      </trkpt>
      <trkpt lat="54.662298" lon="25.128979">
        <ele>131.525592</ele>
      </trkpt>
      <trkpt lat="54.662221" lon="25.129207">
        <ele>131.697847</ele>
      </trkpt>
      <trkpt lat="54.662143" lon="25.129443">
        <ele>131.864108</ele>
      </trkpt>
      <trkpt lat="54.662059" lon="25.129681">
        <ele>132.03465</ele>
      </trkpt>
      <trkpt lat="54.66198" lon="25.12992">
        <ele>132.20303</ele>
      </trkpt>
      <trkpt lat="54.661896" lon="25.130161">
        <ele>132.375141</ele>
      </trkpt>
      <trkpt lat="54.661814" lon="25.130397">
        <ele>132.543542</ele>
      </trkpt>
      <trkpt lat="54.661734" lon="25.130627">
        <ele>132.707708</ele>
      </trkpt>
      <trkpt lat="54.661654" lon="25.130852">
        <ele>132.869261</ele>
      </trkpt>
      <trkpt lat="54.661581" lon="25.131076">
        <ele>133.02653</ele>
      </trkpt>
      <trkpt lat="54.6615" lon="25.131309">
        <ele>133.192814</ele>
      </trkpt>
      <trkpt lat="54.66142" lon="25.131534">
        <ele>133.354368</ele>
      </trkpt>
      <trkpt lat="54.661336" lon="25.131746">
        <ele>133.511554</ele>
      </trkpt>
      <trkpt lat="54.661256" lon="25.131966">
        <ele>133.679219</ele>
      </trkpt>
      <trkpt lat="54.661182" lon="25.132198">
        <ele>133.851143</ele>
      </trkpt>
      <trkpt lat="54.661115" lon="25.132434">
        <ele>134.021741</ele>
      </trkpt>
      <trkpt lat="54.661042" lon="25.132663">
        <ele>134.191419</ele>
      </trkpt>
      <trkpt lat="54.660964" lon="25.132892">
        <ele>134.363874</ele>
      </trkpt>
      <trkpt lat="54.660885" lon="25.133118">
        <ele>134.535232</ele>
      </trkpt>
      <trkpt lat="54.660809" lon="25.133342">
        <ele>134.703754</ele>
      </trkpt>
      <trkpt lat="54.660727" lon="25.133572">
        <ele>134.879082</ele>
      </trkpt>
      <trkpt lat="54.660639" lon="25.133801">
        <ele>135.057493</ele>
      </trkpt>
      <trkpt lat="54.660559" lon="25.134029">
        <ele>135.230544</ele>
      </trkpt>
      <trkpt lat="54.660479" lon="25.134249">
        <ele>135.399177</ele>
      </trkpt>
      <trkpt lat="54.660402" lon="25.13448">
        <ele>135.546645</ele>
      </trkpt>
      <trkpt lat="54.660329" lon="25.13471">
        <ele>135.554921</ele>
      </trkpt>
      <trkpt lat="54.660257" lon="25.134928">
        <ele>135.56284</ele>
      </trkpt>
      <trkpt lat="54.660188" lon="25.135161">
        <ele>135.571098</ele>
      </trkpt>
      <trkpt lat="54.66011" lon="25.135387">
        <ele>135.5794</ele>
      </trkpt>
      <trkpt lat="54.660037" lon="25.135597">
        <ele>135.587129</ele>
      </trkpt>
      <trkpt lat="54.65997" lon="25.135803">
        <ele>135.594585</ele>
      </trkpt>
      <trkpt lat="54.659887" lon="25.135993">
        <ele>135.602096</ele>
      </trkpt>
      <trkpt lat="54.659822" lon="25.136173">
        <ele>135.60879</ele>
      </trkpt>
      <trkpt lat="54.659758" lon="25.136354">
        <ele>135.615483</ele>
      </trkpt>
      <trkpt lat="54.659689" lon="25.13655">
        <ele>135.622721</ele>
      </trkpt>
      <trkpt lat="54.659621" lon="25.136748">
        <ele>135.629985</ele>
      </trkpt>
      <trkpt lat="54.659557" lon="25.136946">
        <ele>135.637141</ele>
      </trkpt>
      <trkpt lat="54.65948" lon="25.137126">
        <ele>135.643743</ele>
      </trkpt>
      <trkpt lat="54.659385" lon="25.137288">
        <ele>135.646657</ele>
      </trkpt>
      <trkpt lat="54.659293" lon="25.137459">
        <ele>135.649607</ele>
      </trkpt>
      <trkpt lat="54.659207" lon="25.137638">
        <ele>135.652546</ele>
      </trkpt>
      <trkpt lat="54.659142" lon="25.137833">
        <ele>135.655389</ele>
      </trkpt>
      <trkpt lat="54.659091" lon="25.138031">
        <ele>135.658127</ele>
      </trkpt>
      <trkpt lat="54.659054" lon="25.138229">
        <ele>135.660755</ele>
      </trkpt>
      <trkpt lat="54.65901" lon="25.138446">
        <ele>135.663659</ele>
      </trkpt>
      <trkpt lat="54.65895" lon="25.138657">
        <ele>135.666629</ele>
      </trkpt>
      <trkpt lat="54.658875" lon="25.138867">
        <ele>135.669747</ele>
      </trkpt>
      <trkpt lat="54.658801" lon="25.139085">
        <ele>135.672939</ele>
      </trkpt>
      <trkpt lat="54.658732" lon="25.139294">
        <ele>135.675979</ele>
      </trkpt>
      <trkpt lat="54.658661" lon="25.139499">
        <ele>135.678997</ele>
      </trkpt>
      <trkpt lat="54.658585" lon="25.139707">
        <ele>135.682105</ele>
      </trkpt>
      <trkpt lat="54.658513" lon="25.139934">
        <ele>135.741745</ele>
      </trkpt>
      <trkpt lat="54.65844" lon="25.140147">
        <ele>135.811081</ele>
      </trkpt>
      <trkpt lat="54.658365" lon="25.140363">
        <ele>135.881634</ele>
      </trkpt>
      <trkpt lat="54.658292" lon="25.140578">
        <ele>135.951453</ele>
      </trkpt>
      <trkpt lat="54.65821" lon="25.140793">
        <ele>136.023575</ele>
      </trkpt>
      <trkpt lat="54.658134" lon="25.141013">
        <ele>136.095339</ele>
      </trkpt>
      <trkpt lat="54.658067" lon="25.141225">
        <ele>136.162995</ele>
      </trkpt>
      <trkpt lat="54.658006" lon="25.141414">
        <ele>136.223607</ele>
      </trkpt>
      <trkpt lat="54.657944" lon="25.141588">
        <ele>136.280841</ele>
      </trkpt>
      <trkpt lat="54.657885" lon="25.14174">
        <ele>136.332106</ele>
      </trkpt>
      <trkpt lat="54.657824" lon="25.141913">
        <ele>136.388848</ele>
      </trkpt>
      <trkpt lat="54.657768" lon="25.14206">
        <ele>136.438142</ele>
      </trkpt>
      <trkpt lat="54.65767" lon="25.142128">
        <ele>136.489268</ele>
      </trkpt>
      <trkpt lat="54.657577" lon="25.142178">
        <ele>136.536421</ele>
      </trkpt>
      <trkpt lat="54.657526" lon="25.142359">
        <ele>136.607733</ele>
      </trkpt>
      <trkpt lat="54.657502" lon="25.142529">
        <ele>136.675363</ele>
      </trkpt>
      <trkpt lat="54.657482" lon="25.142723">
        <ele>136.751522</ele>
      </trkpt>
      <trkpt lat="54.657433" lon="25.142872">
        <ele>136.817763</ele>
      </trkpt>
      <trkpt lat="54.657364" lon="25.143074">
        <ele>136.908428</ele>
      </trkpt>
      <trkpt lat="54.65732" lon="25.143216">
        <ele>136.970686</ele>
      </trkpt>
      <trkpt lat="54.65728" lon="25.143382">
        <ele>137.040186</ele>
      </trkpt>
      <trkpt lat="54.657227" lon="25.143599">
        <ele>137.131222</ele>
      </trkpt>
      <trkpt lat="54.65717" lon="25.14374">
        <ele>137.197704</ele>
      </trkpt>
      <trkpt lat="54.657089" lon="25.143914">
        <ele>137.284024</ele>
      </trkpt>
      <trkpt lat="54.65704" lon="25.144077">
        <ele>137.35502</ele>
      </trkpt>
      <trkpt lat="54.657426" lon="25.144611">
        <ele>137.685327</ele>
      </trkpt>
      <trkpt lat="54.657364" lon="25.144798">
        <ele>137.832168</ele>
      </trkpt>
      <trkpt lat="54.657313" lon="25.144958">
        <ele>138.237611</ele>
      </trkpt>
      <trkpt lat="54.657254" lon="25.145135">
        <ele>138.690995</ele>
      </trkpt>
      <trkpt lat="54.657189" lon="25.145324">
        <ele>139.178994</ele>
      </trkpt>
      <trkpt lat="54.657129" lon="25.145521">
        <ele>139.673114</ele>
      </trkpt>
      <trkpt lat="54.657069" lon="25.145734">
        <ele>140.198916</ele>
      </trkpt>
      <trkpt lat="54.657005" lon="25.145952">
        <ele>140.741487</ele>
      </trkpt>
      <trkpt lat="54.656954" lon="25.146163">
        <ele>141.249017</ele>
      </trkpt>
      <trkpt lat="54.656902" lon="25.146391">
        <ele>141.792951</ele>
      </trkpt>
      <trkpt lat="54.656846" lon="25.146627">
        <ele>142.359086</ele>
      </trkpt>
      <trkpt lat="54.656798" lon="25.146857">
        <ele>142.901755</ele>
      </trkpt>
      <trkpt lat="54.656756" lon="25.147091">
        <ele>143.445522</ele>
      </trkpt>
      <trkpt lat="54.656722" lon="25.14733">
        <ele>143.991767</ele>
      </trkpt>
      <trkpt lat="54.65669" lon="25.147573">
        <ele>144.544884</ele>
      </trkpt>
      <trkpt lat="54.656657" lon="25.147829">
        <ele>144.585366</ele>
      </trkpt>
      <trkpt lat="54.656625" lon="25.148084">
        <ele>144.498455</ele>
      </trkpt>
      <trkpt lat="54.656601" lon="25.148322">
        <ele>144.417986</ele>
      </trkpt>
      <trkpt lat="54.656592" lon="25.148569">
        <ele>144.335551</ele>
      </trkpt>
      <trkpt lat="54.656578" lon="25.1488">
        <ele>144.258188</ele>
      </trkpt>
      <trkpt lat="54.656578" lon="25.149018">
        <ele>144.185576</ele>
      </trkpt>
      <trkpt lat="54.656563" lon="25.149236">
        <ele>144.112452</ele>
      </trkpt>
      <trkpt lat="54.656559" lon="25.149452">
        <ele>144.040469</ele>
      </trkpt>
      <trkpt lat="54.656568" lon="25.149662">
        <ele>143.97033</ele>
      </trkpt>
      <trkpt lat="54.656578" lon="25.149882">
        <ele>143.896826</ele>
      </trkpt>
      <trkpt lat="54.656581" lon="25.150118">
        <ele>143.8182</ele>
      </trkpt>
      <trkpt lat="54.656581" lon="25.150359">
        <ele>143.737927</ele>
      </trkpt>
      <trkpt lat="54.656592" lon="25.150616">
        <ele>143.65209</ele>
      </trkpt>
      <trkpt lat="54.656618" lon="25.150886">
        <ele>143.430227</ele>
      </trkpt>
      <trkpt lat="54.656655" lon="25.151159">
        <ele>143.13161</ele>
      </trkpt>
      <trkpt lat="54.656686" lon="25.151441">
        <ele>142.825907</ele>
      </trkpt>
      <trkpt lat="54.656725" lon="25.151714">
        <ele>142.526429</ele>
      </trkpt>
      <trkpt lat="54.656772" lon="25.151986">
        <ele>142.224103</ele>
      </trkpt>
      <trkpt lat="54.656817" lon="25.152243">
        <ele>141.938136</ele>
      </trkpt>
      <trkpt lat="54.656871" lon="25.152503">
        <ele>141.643933</ele>
      </trkpt>
      <trkpt lat="54.656924" lon="25.152767">
        <ele>141.346325</ele>
      </trkpt>
      <trkpt lat="54.656971" lon="25.153026">
        <ele>141.057239</ele>
      </trkpt>
      <trkpt lat="54.65702" lon="25.153267">
        <ele>140.785186</ele>
      </trkpt>
      <trkpt lat="54.657079" lon="25.153494">
        <ele>140.520153</ele>
      </trkpt>
      <trkpt lat="54.65714" lon="25.153719">
        <ele>140.325385</ele>
      </trkpt>
      <trkpt lat="54.657204" lon="25.153939">
        <ele>140.405595</ele>
      </trkpt>
      <trkpt lat="54.657272" lon="25.154158">
        <ele>140.486554</ele>
      </trkpt>
      <trkpt lat="54.657339" lon="25.154373">
        <ele>140.566099</ele>
      </trkpt>
      <trkpt lat="54.65741" lon="25.154567">
        <ele>140.640874</ele>
      </trkpt>
      <trkpt lat="54.657481" lon="25.154745">
        <ele>140.711299</ele>
      </trkpt>
      <trkpt lat="54.657546" lon="25.154913">
        <ele>140.777131</ele>
      </trkpt>
      <trkpt lat="54.657604" lon="25.155035">
        <ele>140.828567</ele>
      </trkpt>
      <trkpt lat="54.657683" lon="25.155138">
        <ele>140.884283</ele>
      </trkpt>
      <trkpt lat="54.657711" lon="25.155319">
        <ele>140.94531</ele>
      </trkpt>
      <trkpt lat="54.657752" lon="25.155525">
        <ele>141.016268</ele>
      </trkpt>
      <trkpt lat="54.657804" lon="25.155679">
        <ele>141.074348</ele>
      </trkpt>
      <trkpt lat="54.65786" lon="25.155855">
        <ele>141.139774</ele>
      </trkpt>
      <trkpt lat="54.657923" lon="25.156031">
        <ele>141.207188</ele>
      </trkpt>
      <trkpt lat="54.657982" lon="25.156194">
        <ele>141.269817</ele>
      </trkpt>
      <trkpt lat="54.658023" lon="25.156332">
        <ele>141.320348</ele>
      </trkpt>
      <trkpt lat="54.658063" lon="25.156479">
        <ele>141.170404</ele>
      </trkpt>
      <trkpt lat="54.658138" lon="25.156597">
        <ele>141.002438</ele>
      </trkpt>
      <trkpt lat="54.65819" lon="25.15673">
        <ele>140.848635</ele>
      </trkpt>
      <trkpt lat="54.658248" lon="25.156884">
        <ele>140.672572</ele>
      </trkpt>
      <trkpt lat="54.658304" lon="25.15704">
        <ele>140.496669</ele>
      </trkpt>
      <trkpt lat="54.65836" lon="25.157213">
        <ele>140.306733</ele>
      </trkpt>
      <trkpt lat="54.65842" lon="25.157393">
        <ele>140.107693</ele>
      </trkpt>
      <trkpt lat="54.658475" lon="25.15759">
        <ele>139.898116</ele>
      </trkpt>
      <trkpt lat="54.658531" lon="25.157781">
        <ele>139.692958</ele>
      </trkpt>
      <trkpt lat="54.658583" lon="25.157964">
        <ele>139.497617</ele>
      </trkpt>
      <trkpt lat="54.658641" lon="25.158144">
        <ele>139.300211</ele>
      </trkpt>
      <trkpt lat="54.658692" lon="25.158315">
        <ele>139.115885</ele>
      </trkpt>
      <trkpt lat="54.658748" lon="25.158484">
        <ele>138.929285</ele>
      </trkpt>
      <trkpt lat="54.658807" lon="25.158653">
        <ele>138.740166</ele>
      </trkpt>
      <trkpt lat="54.658871" lon="25.158814">
        <ele>138.553004</ele>
      </trkpt>
      <trkpt lat="54.658923" lon="25.158968">
        <ele>138.382162</ele>
      </trkpt>
      <trkpt lat="54.658973" lon="25.15911">
        <ele>138.321923</ele>
      </trkpt>
      <trkpt lat="54.659036" lon="25.159285">
        <ele>138.287668</ele>
      </trkpt>
      <trkpt lat="54.659113" lon="25.159371">
        <ele>138.26133</ele>
      </trkpt>
      <trkpt lat="54.659223" lon="25.15938">
        <ele>138.229691</ele>
      </trkpt>
      <trkpt lat="54.659327" lon="25.159335">
        <ele>138.19889</ele>
      </trkpt>
      <trkpt lat="54.659392" lon="25.159474">
        <ele>138.169186</ele>
      </trkpt>
      <trkpt lat="54.659422" lon="25.159645">
        <ele>138.139489</ele>
      </trkpt>
      <trkpt lat="54.659365" lon="25.159768">
        <ele>138.113298</ele>
      </trkpt>
      <trkpt lat="54.659324" lon="25.159974">
        <ele>138.077093</ele>
      </trkpt>
      <trkpt lat="54.659371" lon="25.160202">
        <ele>138.036868</ele>
      </trkpt>
      <trkpt lat="54.659427" lon="25.160382">
        <ele>138.002902</ele>
      </trkpt>
      <trkpt lat="54.659476" lon="25.160562">
        <ele>137.969842</ele>
      </trkpt>
      <trkpt lat="54.659541" lon="25.160747">
        <ele>137.93387</ele>
      </trkpt>
      <trkpt lat="54.659596" lon="25.160952">
        <ele>137.896316</ele>
      </trkpt>
      <trkpt lat="54.65966" lon="25.161147">
        <ele>137.859056</ele>
      </trkpt>
      <trkpt lat="54.659727" lon="25.161352">
        <ele>137.804883</ele>
      </trkpt>
      <trkpt lat="54.6598" lon="25.161566">
        <ele>137.660482</ele>
      </trkpt>
      <trkpt lat="54.65987" lon="25.161772">
        <ele>137.521618</ele>
      </trkpt>
      <trkpt lat="54.659945" lon="25.16198">
        <ele>137.379158</ele>
      </trkpt>
      <trkpt lat="54.660014" lon="25.162198">
        <ele>137.234722</ele>
      </trkpt>
      <trkpt lat="54.660087" lon="25.162408">
        <ele>137.09232</ele>
      </trkpt>
      <trkpt lat="54.660158" lon="25.162622">
        <ele>136.948931</ele>
      </trkpt>
      <trkpt lat="54.660232" lon="25.162833">
        <ele>136.805512</ele>
      </trkpt>
      <trkpt lat="54.660305" lon="25.163039">
        <ele>136.665098</ele>
      </trkpt>
      <trkpt lat="54.660373" lon="25.163246">
        <ele>136.526738</ele>
      </trkpt>
      <trkpt lat="54.660441" lon="25.163458">
        <ele>136.385843</ele>
      </trkpt>
      <trkpt lat="54.660517" lon="25.163675">
        <ele>136.238401</ele>
      </trkpt>
      <trkpt lat="54.660583" lon="25.163908">
        <ele>136.087611</ele>
      </trkpt>
      <trkpt lat="54.660662" lon="25.164133">
        <ele>135.713026</ele>
      </trkpt>
      <trkpt lat="54.660743" lon="25.164359">
        <ele>135.150769</ele>
      </trkpt>
      <trkpt lat="54.660821" lon="25.164585">
        <ele>134.594212</ele>
      </trkpt>
      <trkpt lat="54.660895" lon="25.164815">
        <ele>134.037629</ele>
      </trkpt>
      <trkpt lat="54.66097" lon="25.165037">
        <ele>133.493934</ele>
      </trkpt>
      <trkpt lat="54.661043" lon="25.165261">
        <ele>132.95021</ele>
      </trkpt>
      <trkpt lat="54.661111" lon="25.165475">
        <ele>132.433855</ele>
      </trkpt>
      <trkpt lat="54.661186" lon="25.165687">
        <ele>131.908316</ele>
      </trkpt>
      <trkpt lat="54.661259" lon="25.165896">
        <ele>131.391996</ele>
      </trkpt>
      <trkpt lat="54.661333" lon="25.166106">
        <ele>130.871972</ele>
      </trkpt>
      <trkpt lat="54.661408" lon="25.166328">
        <ele>130.328282</ele>
      </trkpt>
      <trkpt lat="54.661479" lon="25.166557">
        <ele>129.778818</ele>
      </trkpt>
      <trkpt lat="54.661554" lon="25.166784">
        <ele>129.116997</ele>
      </trkpt>
      <trkpt lat="54.661631" lon="25.167012">
        <ele>128.27764</ele>
      </trkpt>
      <trkpt lat="54.661708" lon="25.167244">
        <ele>127.427278</ele>
      </trkpt>
      <trkpt lat="54.661784" lon="25.167469">
        <ele>126.598931</ele>
      </trkpt>
      <trkpt lat="54.661864" lon="25.167695">
        <ele>125.756573</ele>
      </trkpt>
      <trkpt lat="54.661941" lon="25.167918">
        <ele>124.930909</ele>
      </trkpt>
      <trkpt lat="54.662015" lon="25.168137">
        <ele>124.12458</ele>
      </trkpt>
      <trkpt lat="54.662089" lon="25.168359">
        <ele>123.310004</ele>
      </trkpt>
      <trkpt lat="54.662169" lon="25.168582">
        <ele>122.475771</ele>
      </trkpt>
      <trkpt lat="54.662253" lon="25.168803">
        <ele>121.635065</ele>
      </trkpt>
      <trkpt lat="54.662335" lon="25.169027">
        <ele>120.792303</ele>
      </trkpt>
      <trkpt lat="54.662416" lon="25.169248">
        <ele>119.960541</ele>
      </trkpt>
      <trkpt lat="54.662504" lon="25.169462">
        <ele>119.033983</ele>
      </trkpt>
      <trkpt lat="54.662589" lon="25.169656">
        <ele>118.09528</ele>
      </trkpt>
      <trkpt lat="54.662661" lon="25.169818">
        <ele>117.307288</ele>
      </trkpt>
      <trkpt lat="54.662732" lon="25.169965">
        <ele>116.568626</ele>
      </trkpt>
      <trkpt lat="54.662807" lon="25.170117">
        <ele>115.798023</ele>
      </trkpt>
      <trkpt lat="54.662892" lon="25.170266">
        <ele>114.990841</ele>
      </trkpt>
      <trkpt lat="54.662983" lon="25.170418">
        <ele>114.147079</ele>
      </trkpt>
      <trkpt lat="54.663077" lon="25.170591">
        <ele>113.23158</ele>
      </trkpt>
      <trkpt lat="54.663168" lon="25.170739">
        <ele>112.398466</ele>
      </trkpt>
      <trkpt lat="54.663269" lon="25.170877">
        <ele>111.54003</ele>
      </trkpt>
      <trkpt lat="54.663377" lon="25.171017">
        <ele>110.639898</ele>
      </trkpt>
      <trkpt lat="54.663493" lon="25.171159">
        <ele>109.692104</ele>
      </trkpt>
      <trkpt lat="54.663604" lon="25.171295">
        <ele>108.784895</ele>
      </trkpt>
      <trkpt lat="54.663713" lon="25.171423">
        <ele>107.906235</ele>
      </trkpt>
      <trkpt lat="54.663826" lon="25.171556">
        <ele>107.189362</ele>
      </trkpt>
      <trkpt lat="54.663943" lon="25.171681">
        <ele>106.586814</ele>
      </trkpt>
      <trkpt lat="54.664061" lon="25.171792">
        <ele>105.998289</ele>
      </trkpt>
      <trkpt lat="54.664166" lon="25.171886">
        <ele>105.48027</ele>
      </trkpt>
      <trkpt lat="54.664253" lon="25.171978">
        <ele>105.033481</ele>
      </trkpt>
      <trkpt lat="54.664367" lon="25.172099">
        <ele>104.44744</ele>
      </trkpt>
      <trkpt lat="54.664447" lon="25.172184">
        <ele>104.036068</ele>
      </trkpt>
      <trkpt lat="54.664529" lon="25.172256">
        <ele>103.633151</ele>
      </trkpt>
      <trkpt lat="54.664638" lon="25.172361">
        <ele>103.086501</ele>
      </trkpt>
      <trkpt lat="54.664735" lon="25.172469">
        <ele>102.58105</ele>
      </trkpt>
      <trkpt lat="54.664824" lon="25.172545">
        <ele>102.146174</ele>
      </trkpt>
      <trkpt lat="54.664908" lon="25.172616">
        <ele>101.736545</ele>
      </trkpt>
      <trkpt lat="54.664989" lon="25.172703">
        <ele>101.318783</ele>
      </trkpt>
      <trkpt lat="54.665073" lon="25.17277">
        <ele>100.913503</ele>
      </trkpt>
      <trkpt lat="54.665169" lon="25.172871">
        <ele>100.42118</ele>
      </trkpt>
      <trkpt lat="54.665249" lon="25.172949">
        <ele>100.018811</ele>
      </trkpt>
      <trkpt lat="54.665334" lon="25.173019">
        <ele>99.624409</ele>
      </trkpt>
      <trkpt lat="54.665448" lon="25.173118">
        <ele>99.198514</ele>
      </trkpt>
      <trkpt lat="54.665552" lon="25.173218">
        <ele>98.801234</ele>
      </trkpt>
      <trkpt lat="54.665666" lon="25.173343">
        <ele>98.35057</ele>
      </trkpt>
      <trkpt lat="54.665744" lon="25.173428">
        <ele>98.042764</ele>
      </trkpt>
      <trkpt lat="54.665822" lon="25.173509">
        <ele>97.739005</ele>
      </trkpt>
      <trkpt lat="54.665903" lon="25.173588">
        <ele>97.428534</ele>
      </trkpt>
      <trkpt lat="54.665991" lon="25.173672">
        <ele>97.092951</ele>
      </trkpt>
      <trkpt lat="54.666084" lon="25.173761">
        <ele>96.738089</ele>
      </trkpt>
      <trkpt lat="54.666175" lon="25.173842">
        <ele>96.396394</ele>
      </trkpt>
      <trkpt lat="54.666268" lon="25.173921">
        <ele>96.050469</ele>
      </trkpt>
      <trkpt lat="54.666364" lon="25.174004">
        <ele>95.69214</ele>
      </trkpt>
      <trkpt lat="54.666461" lon="25.174088">
        <ele>95.329963</ele>
      </trkpt>
      <trkpt lat="54.666559" lon="25.174167">
        <ele>94.968981</ele>
      </trkpt>
      <trkpt lat="54.666651" lon="25.174243">
        <ele>94.628587</ele>
      </trkpt>
      <trkpt lat="54.666734" lon="25.174317">
        <ele>94.316825</ele>
      </trkpt>
      <trkpt lat="54.666828" lon="25.17439">
        <ele>93.972808</ele>
      </trkpt>
      <trkpt lat="54.666924" lon="25.174473">
        <ele>93.659405</ele>
      </trkpt>
      <trkpt lat="54.667018" lon="25.174555">
        <ele>93.55846</ele>
      </trkpt>
      <trkpt lat="54.667103" lon="25.174631">
        <ele>93.466713</ele>
      </trkpt>
      <trkpt lat="54.667184" lon="25.174731">
        <ele>93.371288</ele>
      </trkpt>
      <trkpt lat="54.667285" lon="25.174841">
        <ele>93.256843</ele>
      </trkpt>
      <trkpt lat="54.667402" lon="25.17494">
        <ele>93.131955</ele>
      </trkpt>
      <trkpt lat="54.667524" lon="25.175045">
        <ele>93.001295</ele>
      </trkpt>
      <trkpt lat="54.667646" lon="25.175158">
        <ele>92.868599</ele>
      </trkpt>
      <trkpt lat="54.667759" lon="25.175284">
        <ele>92.739684</ele>
      </trkpt>
      <trkpt lat="54.667873" lon="25.175405">
        <ele>92.611434</ele>
      </trkpt>
      <trkpt lat="54.667981" lon="25.175532">
        <ele>92.48621</ele>
      </trkpt>
      <trkpt lat="54.668089" lon="25.175659">
        <ele>92.360986</ele>
      </trkpt>
      <trkpt lat="54.668196" lon="25.175793">
        <ele>92.234316</ele>
      </trkpt>
      <trkpt lat="54.6683" lon="25.175936">
        <ele>92.106921</ele>
      </trkpt>
      <trkpt lat="54.668403" lon="25.176078">
        <ele>91.980621</ele>
      </trkpt>
      <trkpt lat="54.668494" lon="25.176223">
        <ele>91.979316</ele>
      </trkpt>
      <trkpt lat="54.668587" lon="25.176368">
        <ele>92.01403</ele>
      </trkpt>
      <trkpt lat="54.668679" lon="25.176529">
        <ele>92.050316</ele>
      </trkpt>
      <trkpt lat="54.668771" lon="25.176694">
        <ele>92.087061</ele>
      </trkpt>
      <trkpt lat="54.668864" lon="25.176864">
        <ele>92.124577</ele>
      </trkpt>
      <trkpt lat="54.668954" lon="25.177049">
        <ele>92.163334</ele>
      </trkpt>
      <trkpt lat="54.669039" lon="25.177239">
        <ele>92.201845</ele>
      </trkpt>
      <trkpt lat="54.669121" lon="25.177428">
        <ele>92.239724</ele>
      </trkpt>
      <trkpt lat="54.669199" lon="25.177612">
        <ele>92.276299</ele>
      </trkpt>
      <trkpt lat="54.669273" lon="25.1778">
        <ele>92.312757</ele>
      </trkpt>
      <trkpt lat="54.66933" lon="25.177972">
        <ele>92.344538</ele>
      </trkpt>
      <trkpt lat="54.669379" lon="25.178121">
        <ele>92.372017</ele>
      </trkpt>
      <trkpt lat="54.66943" lon="25.17827">
        <ele>92.399774</ele>
      </trkpt>
      <trkpt lat="54.669479" lon="25.178433">
        <ele>92.429225</ele>
      </trkpt>
      <trkpt lat="54.669529" lon="25.178579">
        <ele>92.466429</ele>
      </trkpt>
      <trkpt lat="54.669571" lon="25.178749">
        <ele>92.557702</ele>
      </trkpt>
      <trkpt lat="54.66963" lon="25.178971">
        <ele>92.67833</ele>
      </trkpt>
      <trkpt lat="54.669679" lon="25.179167">
        <ele>92.783756</ele>
      </trkpt>
      <trkpt lat="54.669726" lon="25.179377">
        <ele>92.894932</ele>
      </trkpt>
      <trkpt lat="54.669768" lon="25.17959">
        <ele>93.006041</ele>
      </trkpt>
      <trkpt lat="54.669809" lon="25.179807">
        <ele>93.118753</ele>
      </trkpt>
      <trkpt lat="54.66985" lon="25.180021">
        <ele>93.230057</ele>
      </trkpt>
      <trkpt lat="54.66988" lon="25.180221">
        <ele>93.33207</ele>
      </trkpt>
      <trkpt lat="54.669907" lon="25.180418">
        <ele>93.432028</ele>
      </trkpt>
      <trkpt lat="54.669933" lon="25.18062">
        <ele>93.5342</ele>
      </trkpt>
      <trkpt lat="54.669955" lon="25.180807">
        <ele>93.628417</ele>
      </trkpt>
      <trkpt lat="54.669972" lon="25.180988">
        <ele>93.718952</ele>
      </trkpt>
      <trkpt lat="54.669984" lon="25.18117">
        <ele>93.809392</ele>
      </trkpt>
      <trkpt lat="54.669999" lon="25.181341">
        <ele>93.894784</ele>
      </trkpt>
      <trkpt lat="54.670017" lon="25.181504">
        <ele>93.976715</ele>
      </trkpt>
      <trkpt lat="54.670046" lon="25.181732">
        <ele>94.127072</ele>
      </trkpt>
      <trkpt lat="54.670063" lon="25.18189">
        <ele>94.233011</ele>
      </trkpt>
      <trkpt lat="54.670077" lon="25.182055">
        <ele>94.34294</ele>
      </trkpt>
      <trkpt lat="54.670093" lon="25.182219">
        <ele>94.452574</ele>
      </trkpt>
      <trkpt lat="54.670117" lon="25.182378">
        <ele>94.560896</ele>
      </trkpt>
      <trkpt lat="54.670134" lon="25.182544">
        <ele>94.672023</ele>
      </trkpt>
      <trkpt lat="54.670155" lon="25.182716">
        <ele>94.787902</ele>
      </trkpt>
      <trkpt lat="54.670178" lon="25.182896">
        <ele>94.909416</ele>
      </trkpt>
      <trkpt lat="54.670198" lon="25.183078">
        <ele>95.031534</ele>
      </trkpt>
      <trkpt lat="54.670217" lon="25.18326">
        <ele>95.153444</ele>
      </trkpt>
      <trkpt lat="54.670236" lon="25.183439">
        <ele>95.273409</ele>
      </trkpt>
      <trkpt lat="54.670255" lon="25.183624">
        <ele>95.397266</ele>
      </trkpt>
      <trkpt lat="54.670273" lon="25.183809">
        <ele>95.520928</ele>
      </trkpt>
      <trkpt lat="54.670294" lon="25.183988">
        <ele>95.641325</ele>
      </trkpt>
      <trkpt lat="54.670312" lon="25.184152">
        <ele>95.751361</ele>
      </trkpt>
      <trkpt lat="54.670336" lon="25.184376">
        <ele>95.90153</ele>
      </trkpt>
      <trkpt lat="54.670357" lon="25.184555">
        <ele>96.021926</ele>
      </trkpt>
      <trkpt lat="54.670383" lon="25.184752">
        <ele>96.249545</ele>
      </trkpt>
      <trkpt lat="54.670406" lon="25.184956">
        <ele>96.496539</ele>
      </trkpt>
      <trkpt lat="54.670436" lon="25.185164">
        <ele>96.751294</ele>
      </trkpt>
      <trkpt lat="54.670459" lon="25.18538">
        <ele>97.012299</ele>
      </trkpt>
      <trkpt lat="54.670481" lon="25.185595">
        <ele>97.271769</ele>
      </trkpt>
      <trkpt lat="54.670506" lon="25.185807">
        <ele>97.52889</ele>
      </trkpt>
      <trkpt lat="54.670531" lon="25.186011">
        <ele>97.776702</ele>
      </trkpt>
      <trkpt lat="54.670563" lon="25.186213">
        <ele>98.025598</ele>
      </trkpt>
      <trkpt lat="54.670607" lon="25.18642">
        <ele>98.287683</ele>
      </trkpt>
      <trkpt lat="54.670654" lon="25.186637">
        <ele>98.563054</ele>
      </trkpt>
      <trkpt lat="54.6707" lon="25.186867">
        <ele>98.852265</ele>
      </trkpt>
      <trkpt lat="54.670735" lon="25.187118">
        <ele>99.159095</ele>
      </trkpt>
      <trkpt lat="54.670766" lon="25.18737">
        <ele>99.465265</ele>
      </trkpt>
      <trkpt lat="54.670795" lon="25.187626">
        <ele>99.797779</ele>
      </trkpt>
      <trkpt lat="54.670825" lon="25.187872">
        <ele>100.258599</ele>
      </trkpt>
      <trkpt lat="54.670851" lon="25.188115">
        <ele>100.711562</ele>
      </trkpt>
      <trkpt lat="54.670877" lon="25.188356">
        <ele>101.16092</ele>
      </trkpt>
      <trkpt lat="54.670909" lon="25.188593">
        <ele>101.607009</ele>
      </trkpt>
      <trkpt lat="54.670943" lon="25.188826">
        <ele>102.047469</ele>
      </trkpt>
      <trkpt lat="54.670969" lon="25.189044">
        <ele>102.455457</ele>
      </trkpt>
      <trkpt lat="54.670998" lon="25.189256">
        <ele>102.854762</ele>
      </trkpt>
      <trkpt lat="54.671024" lon="25.189473">
        <ele>103.260954</ele>
      </trkpt>
      <trkpt lat="54.671045" lon="25.189684">
        <ele>103.653388</ele>
      </trkpt>
      <trkpt lat="54.671068" lon="25.189901">
        <ele>104.057758</ele>
      </trkpt>
      <trkpt lat="54.67108" lon="25.190124">
        <ele>104.468266</ele>
      </trkpt>
      <trkpt lat="54.671093" lon="25.190352">
        <ele>104.888198</ele>
      </trkpt>
      <trkpt lat="54.671116" lon="25.190581">
        <ele>105.314221</ele>
      </trkpt>
      <trkpt lat="54.671152" lon="25.190801">
        <ele>105.64988</ele>
      </trkpt>
      <trkpt lat="54.671192" lon="25.191027">
        <ele>105.961996</ele>
      </trkpt>
      <trkpt lat="54.671241" lon="25.191241">
        <ele>106.265946</ele>
      </trkpt>
      <trkpt lat="54.671293" lon="25.191447">
        <ele>106.562773</ele>
      </trkpt>
      <trkpt lat="54.671353" lon="25.191647">
        <ele>106.860314</ele>
      </trkpt>
      <trkpt lat="54.671414" lon="25.19184">
        <ele>107.150769</ele>
      </trkpt>
      <trkpt lat="54.671483" lon="25.192033">
        <ele>107.450414</ele>
      </trkpt>
      <trkpt lat="54.671559" lon="25.192228">
        <ele>107.760952</ele>
      </trkpt>
      <trkpt lat="54.671639" lon="25.192419">
        <ele>108.072393</ele>
      </trkpt>
      <trkpt lat="54.671717" lon="25.19261">
        <ele>108.381176</ele>
      </trkpt>
      <trkpt lat="54.671795" lon="25.192793">
        <ele>108.681391</ele>
      </trkpt>
      <trkpt lat="54.671868" lon="25.19296">
        <ele>108.957844</ele>
      </trkpt>
      <trkpt lat="54.671936" lon="25.19311">
        <ele>109.209541</ele>
      </trkpt>
      <trkpt lat="54.672006" lon="25.193238">
        <ele>109.442189</ele>
      </trkpt>
      <trkpt lat="54.672075" lon="25.193342">
        <ele>109.922114</ele>
      </trkpt>
      <trkpt lat="54.672155" lon="25.193436">
        <ele>110.692762</ele>
      </trkpt>
      <trkpt lat="54.672238" lon="25.193532">
        <ele>111.488382</ele>
      </trkpt>
      <trkpt lat="54.672329" lon="25.193632">
        <ele>112.347468</ele>
      </trkpt>
      <trkpt lat="54.672422" lon="25.193738">
        <ele>113.234953</ele>
      </trkpt>
      <trkpt lat="54.672512" lon="25.193845">
        <ele>114.10518</ele>
      </trkpt>
      <trkpt lat="54.672596" lon="25.193975">
        <ele>115.003361</ele>
      </trkpt>
      <trkpt lat="54.67269" lon="25.194103">
        <ele>115.956662</ele>
      </trkpt>
      <trkpt lat="54.67278" lon="25.194221">
        <ele>116.856569</ele>
      </trkpt>
      <trkpt lat="54.672863" lon="25.194309">
        <ele>117.632299</ele>
      </trkpt>
      <trkpt lat="54.672953" lon="25.194363">
        <ele>118.391345</ele>
      </trkpt>
      <trkpt lat="54.673045" lon="25.194395">
        <ele>119.139072</ele>
      </trkpt>
      <trkpt lat="54.673139" lon="25.194422">
        <ele>119.898317</ele>
      </trkpt>
      <trkpt lat="54.673236" lon="25.194474">
        <ele>120.707486</ele>
      </trkpt>
      <trkpt lat="54.673327" lon="25.194541">
        <ele>121.495542</ele>
      </trkpt>
      <trkpt lat="54.673419" lon="25.194581">
        <ele>122.251401</ele>
      </trkpt>
      <trkpt lat="54.67352" lon="25.19461">
        <ele>123.067177</ele>
      </trkpt>
      <trkpt lat="54.673616" lon="25.194634">
        <ele>123.840047</ele>
      </trkpt>
      <trkpt lat="54.673719" lon="25.194662">
        <ele>124.353943</ele>
      </trkpt>
      <trkpt lat="54.673821" lon="25.194696">
        <ele>124.852556</ele>
      </trkpt>
      <trkpt lat="54.673911" lon="25.194723">
        <ele>125.291009</ele>
      </trkpt>
      <trkpt lat="54.674" lon="25.194752">
        <ele>125.725727</ele>
      </trkpt>
      <trkpt lat="54.674119" lon="25.194831">
        <ele>126.337567</ele>
      </trkpt>
      <trkpt lat="54.674213" lon="25.194965">
        <ele>126.922293</ele>
      </trkpt>
      <trkpt lat="54.674288" lon="25.195085">
        <ele>127.412731</ele>
      </trkpt>
      <trkpt lat="54.67437" lon="25.195222">
        <ele>127.960002</ele>
      </trkpt>
      <trkpt lat="54.674441" lon="25.195329">
        <ele>128.412042</ele>
      </trkpt>
      <trkpt lat="54.674378" lon="25.195545">
        <ele>129.083495</ele>
      </trkpt>
      <trkpt lat="54.674332" lon="25.195709">
        <ele>129.589401</ele>
      </trkpt>
      <trkpt lat="54.674307" lon="25.195879">
        <ele>130.076254</ele>
      </trkpt>
      <trkpt lat="54.6743" lon="25.196063">
        <ele>130.588047</ele>
      </trkpt>
      <trkpt lat="54.674291" lon="25.19625">
        <ele>131.108857</ele>
      </trkpt>
      <trkpt lat="54.674279" lon="25.196427">
        <ele>131.603483</ele>
      </trkpt>
      <trkpt lat="54.674272" lon="25.196598">
        <ele>132.079279</ele>
      </trkpt>
      <trkpt lat="54.674257" lon="25.196766">
        <ele>132.4746</ele>
      </trkpt>
      <trkpt lat="54.674241" lon="25.196928">
        <ele>132.133459</ele>
      </trkpt>
      <trkpt lat="54.674185" lon="25.197139">
        <ele>131.651544</ele>
      </trkpt>
      <trkpt lat="54.674128" lon="25.197266">
        <ele>131.317828</ele>
      </trkpt>
      <trkpt lat="54.67404" lon="25.197409">
        <ele>130.884346</ele>
      </trkpt>
      <trkpt lat="54.67394" lon="25.197498">
        <ele>130.480612</ele>
      </trkpt>
      <trkpt lat="54.673842" lon="25.197605">
        <ele>130.064561</ele>
      </trkpt>
      <trkpt lat="54.673722" lon="25.1977">
        <ele>129.590787</ele>
      </trkpt>
      <trkpt lat="54.673637" lon="25.19777">
        <ele>129.252819</ele>
      </trkpt>
      <trkpt lat="54.673513" lon="25.197864">
        <ele>128.766789</ele>
      </trkpt>
      <trkpt lat="54.673396" lon="25.19794">
        <ele>128.318125</ele>
      </trkpt>
      <trkpt lat="54.673293" lon="25.198037">
        <ele>127.8971</ele>
      </trkpt>
      <trkpt lat="54.673204" lon="25.198077">
        <ele>127.56699</ele>
      </trkpt>
      <trkpt lat="54.673127" lon="25.198167">
        <ele>127.233358</ele>
      </trkpt>
      <trkpt lat="54.672923" lon="25.19844">
        <ele>126.307371</ele>
      </trkpt>
      <trkpt lat="54.672826" lon="25.198589">
        <ele>125.926609</ele>
      </trkpt>
      <trkpt lat="54.672756" lon="25.198697">
        <ele>125.726897</ele>
      </trkpt>
      <trkpt lat="54.672736" lon="25.198882">
        <ele>125.495208</ele>
      </trkpt>
      <trkpt lat="54.672759" lon="25.19906">
        <ele>125.270679</ele>
      </trkpt>
      <trkpt lat="54.672759" lon="25.199239">
        <ele>125.050322</ele>
      </trkpt>
      <trkpt lat="54.672854" lon="25.199394">
        <ele>124.77227</ele>
      </trkpt>
      <trkpt lat="54.672928" lon="25.199528">
        <ele>124.544168</ele>
      </trkpt>
      <trkpt lat="54.673021" lon="25.19966">
        <ele>124.288033</ele>
      </trkpt>
      <trkpt lat="54.6731" lon="25.199762">
        <ele>124.078146</ele>
      </trkpt>
      <trkpt lat="54.673185" lon="25.199914">
        <ele>123.817841</ele>
      </trkpt>
      <trkpt lat="54.673273" lon="25.200017">
        <ele>123.591621</ele>
      </trkpt>
      <trkpt lat="54.67336" lon="25.200125">
        <ele>123.363627</ele>
      </trkpt>
      <trkpt lat="54.673435" lon="25.20025">
        <ele>123.141878</ele>
      </trkpt>
      <trkpt lat="54.673516" lon="25.200354">
        <ele>122.927106</ele>
      </trkpt>
      <trkpt lat="54.673586" lon="25.200467">
        <ele>122.723247</ele>
      </trkpt>
      <trkpt lat="54.673679" lon="25.20062">
        <ele>122.449981</ele>
      </trkpt>
      <trkpt lat="54.673777" lon="25.200785">
        <ele>122.306992</ele>
      </trkpt>
      <trkpt lat="54.673869" lon="25.200927">
        <ele>122.667205</ele>
      </trkpt>
      <trkpt lat="54.67394" lon="25.201097">
        <ele>123.02142</ele>
      </trkpt>
      <trkpt lat="54.673905" lon="25.201288">
        <ele>123.35985</ele>
      </trkpt>
      <trkpt lat="54.673848" lon="25.201423">
        <ele>123.642199</ele>
      </trkpt>
      <trkpt lat="54.673764" lon="25.201591">
        <ele>124.017344</ele>
      </trkpt>
      <trkpt lat="54.673673" lon="25.201765">
        <ele>124.41363</ele>
      </trkpt>
      <trkpt lat="54.673584" lon="25.201957">
        <ele>124.829282</ele>
      </trkpt>
      <trkpt lat="54.673502" lon="25.202131">
        <ele>125.208435</ele>
      </trkpt>
      <trkpt lat="54.673424" lon="25.202308">
        <ele>125.584334</ele>
      </trkpt>
      <trkpt lat="54.67335" lon="25.202495">
        <ele>125.967084</ele>
      </trkpt>
      <trkpt lat="54.673277" lon="25.202688">
        <ele>126.356634</ele>
      </trkpt>
      <trkpt lat="54.673217" lon="25.202912">
        <ele>126.773621</ele>
      </trkpt>
      <trkpt lat="54.673148" lon="25.203144">
        <ele>127.214295</ele>
      </trkpt>
      <trkpt lat="54.673086" lon="25.203389">
        <ele>127.656513</ele>
      </trkpt>
      <trkpt lat="54.673043" lon="25.20362">
        <ele>128.045967</ele>
      </trkpt>
      <trkpt lat="54.672996" lon="25.203853">
        <ele>128.441994</ele>
      </trkpt>
      <trkpt lat="54.672959" lon="25.204091">
        <ele>128.837511</ele>
      </trkpt>
      <trkpt lat="54.672936" lon="25.204332">
        <ele>129.229511</ele>
      </trkpt>
      <trkpt lat="54.672919" lon="25.204576">
        <ele>129.623925</ele>
      </trkpt>
      <trkpt lat="54.672914" lon="25.204823">
        <ele>130.020565</ele>
      </trkpt>
      <trkpt lat="54.672899" lon="25.205088">
        <ele>130.447882</ele>
      </trkpt>
      <trkpt lat="54.672887" lon="25.205348">
        <ele>130.86647</ele>
      </trkpt>
      <trkpt lat="54.67288" lon="25.205593">
        <ele>131.260137</ele>
      </trkpt>
      <trkpt lat="54.672864" lon="25.205827">
        <ele>131.638288</ele>
      </trkpt>
      <trkpt lat="54.672853" lon="25.20606">
        <ele>132.013462</ele>
      </trkpt>
      <trkpt lat="54.672845" lon="25.206269">
        <ele>132.34961</ele>
      </trkpt>
      <trkpt lat="54.672828" lon="25.206463">
        <ele>132.582847</ele>
      </trkpt>
      <trkpt lat="54.672802" lon="25.206638">
        <ele>132.752746</ele>
      </trkpt>
      <trkpt lat="54.67277" lon="25.206818">
        <ele>132.92982</ele>
      </trkpt>
      <trkpt lat="54.67276" lon="25.207034">
        <ele>133.133577</ele>
      </trkpt>
      <trkpt lat="54.672747" lon="25.207257">
        <ele>133.34433</ele>
      </trkpt>
      <trkpt lat="54.67273" lon="25.207495">
        <ele>133.569824</ele>
      </trkpt>
      <trkpt lat="54.672714" lon="25.20771">
        <ele>133.773659</ele>
      </trkpt>
      <trkpt lat="54.672714" lon="25.207939">
        <ele>133.98899</ele>
      </trkpt>
      <trkpt lat="54.67271" lon="25.208172">
        <ele>134.208179</ele>
      </trkpt>
      <trkpt lat="54.672689" lon="25.208404">
        <ele>134.428988</ele>
      </trkpt>
      <trkpt lat="54.672664" lon="25.208641">
        <ele>134.65552</ele>
      </trkpt>
      <trkpt lat="54.672644" lon="25.208865">
        <ele>134.868646</ele>
      </trkpt>
      <trkpt lat="54.672621" lon="25.209102">
        <ele>135.094617</ele>
      </trkpt>
      <trkpt lat="54.672599" lon="25.20932">
        <ele>135.302704</ele>
      </trkpt>
      <trkpt lat="54.672579" lon="25.209543">
        <ele>135.378693</ele>
      </trkpt>
      <trkpt lat="54.672567" lon="25.209768">
        <ele>135.355389</ele>
      </trkpt>
      <trkpt lat="54.672555" lon="25.209966">
        <ele>135.334856</ele>
      </trkpt>
      <trkpt lat="54.67255" lon="25.210162">
        <ele>135.314622</ele>
      </trkpt>
      <trkpt lat="54.672545" lon="25.210348">
        <ele>135.295418</ele>
      </trkpt>
      <trkpt lat="54.672537" lon="25.210555">
        <ele>135.274022</ele>
      </trkpt>
      <trkpt lat="54.672538" lon="25.210751">
        <ele>135.253806</ele>
      </trkpt>
      <trkpt lat="54.672548" lon="25.210982">
        <ele>135.229915</ele>
      </trkpt>
      <trkpt lat="54.672554" lon="25.211225">
        <ele>135.204831</ele>
      </trkpt>
      <trkpt lat="54.672574" lon="25.211469">
        <ele>135.179414</ele>
      </trkpt>
      <trkpt lat="54.672597" lon="25.211717">
        <ele>135.15351</ele>
      </trkpt>
      <trkpt lat="54.672623" lon="25.211945">
        <ele>135.129542</ele>
      </trkpt>
      <trkpt lat="54.672639" lon="25.212151">
        <ele>135.108106</ele>
      </trkpt>
      <trkpt lat="54.672664" lon="25.212347">
        <ele>135.087405</ele>
      </trkpt>
      <trkpt lat="54.672691" lon="25.212537">
        <ele>135.083551</ele>
      </trkpt>
      <trkpt lat="54.672721" lon="25.212736">
        <ele>135.146234</ele>
      </trkpt>
      <trkpt lat="54.672761" lon="25.212949">
        <ele>135.214495</ele>
      </trkpt>
      <trkpt lat="54.67281" lon="25.213171">
        <ele>135.286923</ele>
      </trkpt>
      <trkpt lat="54.67287" lon="25.213397">
        <ele>135.362722</ele>
      </trkpt>
      <trkpt lat="54.672944" lon="25.213617">
        <ele>135.440298</ele>
      </trkpt>
      <trkpt lat="54.673016" lon="25.213828">
        <ele>135.514975</ele>
      </trkpt>
      <trkpt lat="54.673093" lon="25.214012">
        <ele>135.584204</ele>
      </trkpt>
      <trkpt lat="54.673166" lon="25.21419">
        <ele>135.650719</ele>
      </trkpt>
      <trkpt lat="54.673223" lon="25.214383">
        <ele>135.716774</ele>
      </trkpt>
      <trkpt lat="54.673282" lon="25.214545">
        <ele>135.77513</ele>
      </trkpt>
      <trkpt lat="54.673367" lon="25.214648">
        <ele>135.829839</ele>
      </trkpt>
      <trkpt lat="54.673484" lon="25.214697">
        <ele>135.893294</ele>
      </trkpt>
      <trkpt lat="54.673601" lon="25.214747">
        <ele>135.956822</ele>
      </trkpt>
      <trkpt lat="54.67372" lon="25.214847">
        <ele>135.99097</ele>
      </trkpt>
      <trkpt lat="54.673838" lon="25.214948">
        <ele>135.713088</ele>
      </trkpt>
      <trkpt lat="54.673971" lon="25.215036">
        <ele>135.412538</ele>
      </trkpt>
      <trkpt lat="54.674098" lon="25.215111">
        <ele>135.129298</ele>
      </trkpt>
      <trkpt lat="54.674209" lon="25.215155">
        <ele>134.888949</ele>
      </trkpt>
      <trkpt lat="54.674316" lon="25.215213">
        <ele>134.652284</ele>
      </trkpt>
      <trkpt lat="54.674422" lon="25.215278">
        <ele>134.414916</ele>
      </trkpt>
      <trkpt lat="54.674524" lon="25.21533">
        <ele>134.190478</ele>
      </trkpt>
      <trkpt lat="54.674652" lon="25.215379">
        <ele>133.913785</ele>
      </trkpt>
      <trkpt lat="54.674784" lon="25.215435">
        <ele>133.626929</ele>
      </trkpt>
      <trkpt lat="54.67492" lon="25.215482">
        <ele>133.334216</ele>
      </trkpt>
      <trkpt lat="54.675037" lon="25.21553">
        <ele>133.080425</ele>
      </trkpt>
      <trkpt lat="54.675148" lon="25.215567">
        <ele>132.841839</ele>
      </trkpt>
      <trkpt lat="54.675275" lon="25.215585">
        <ele>132.572897</ele>
      </trkpt>
      <trkpt lat="54.675405" lon="25.215635">
        <ele>132.291819</ele>
      </trkpt>
      <trkpt lat="54.67553" lon="25.215702">
        <ele>132.051397</ele>
      </trkpt>
      <trkpt lat="54.675656" lon="25.215764">
        <ele>131.822551</ele>
      </trkpt>
      <trkpt lat="54.675778" lon="25.215811">
        <ele>131.604204</ele>
      </trkpt>
      <trkpt lat="54.675893" lon="25.215859">
        <ele>131.397542</ele>
      </trkpt>
      <trkpt lat="54.676008" lon="25.215902">
        <ele>131.192006</ele>
      </trkpt>
      <trkpt lat="54.676129" lon="25.215944">
        <ele>130.976414</ele>
      </trkpt>
      <trkpt lat="54.676248" lon="25.216013">
        <ele>130.75716</ele>
      </trkpt>
      <trkpt lat="54.676363" lon="25.216102">
        <ele>130.537069</ele>
      </trkpt>
      <trkpt lat="54.676474" lon="25.216168">
        <ele>130.332023</ele>
      </trkpt>
      <trkpt lat="54.676604" lon="25.216213">
        <ele>130.100421</ele>
      </trkpt>
      <trkpt lat="54.676732" lon="25.216236">
        <ele>129.875612</ele>
      </trkpt>
      <trkpt lat="54.67685" lon="25.216274">
        <ele>129.665934</ele>
      </trkpt>
      <trkpt lat="54.676972" lon="25.216321">
        <ele>129.447588</ele>
      </trkpt>
      <trkpt lat="54.6771" lon="25.21636">
        <ele>129.22054</ele>
      </trkpt>
      <trkpt lat="54.677222" lon="25.216405">
        <ele>129.017087</ele>
      </trkpt>
      <trkpt lat="54.677336" lon="25.216462">
        <ele>128.847943</ele>
      </trkpt>
      <trkpt lat="54.67745" lon="25.216516">
        <ele>128.679468</ele>
      </trkpt>
      <trkpt lat="54.677553" lon="25.216545">
        <ele>128.530724</ele>
      </trkpt>
      <trkpt lat="54.677663" lon="25.216587">
        <ele>128.370159</ele>
      </trkpt>
      <trkpt lat="54.67777" lon="25.216609">
        <ele>128.216572</ele>
      </trkpt>
      <trkpt lat="54.67787" lon="25.216604">
        <ele>128.073977</ele>
      </trkpt>
      <trkpt lat="54.677977" lon="25.216628">
        <ele>127.920186</ele>
      </trkpt>
      <trkpt lat="54.678082" lon="25.216685">
        <ele>127.763325</ele>
      </trkpt>
      <trkpt lat="54.678181" lon="25.216736">
        <ele>127.616089</ele>
      </trkpt>
      <trkpt lat="54.678285" lon="25.216785">
        <ele>127.46245</ele>
      </trkpt>
      <trkpt lat="54.678379" lon="25.216835">
        <ele>127.322273</ele>
      </trkpt>
      <trkpt lat="54.678473" lon="25.216873">
        <ele>127.184679</ele>
      </trkpt>
      <trkpt lat="54.678577" lon="25.216933">
        <ele>127.028413</ele>
      </trkpt>
      <trkpt lat="54.67855" lon="25.217147">
        <ele>126.847907</ele>
      </trkpt>
      <trkpt lat="54.678498" lon="25.217306">
        <ele>126.697366</ele>
      </trkpt>
      <trkpt lat="54.678454" lon="25.217499">
        <ele>126.526398</ele>
      </trkpt>
      <trkpt lat="54.678404" lon="25.21769">
        <ele>125.723324</ele>
      </trkpt>
      <trkpt lat="54.67835" lon="25.217899">
        <ele>124.809088</ele>
      </trkpt>
      <trkpt lat="54.678299" lon="25.218101">
        <ele>123.928797</ele>
      </trkpt>
      <trkpt lat="54.678251" lon="25.218282">
        <ele>123.133524</ele>
      </trkpt>
      <trkpt lat="54.678206" lon="25.218465">
        <ele>122.33932</ele>
      </trkpt>
      <trkpt lat="54.678165" lon="25.218652">
        <ele>121.5406</ele>
      </trkpt>
      <trkpt lat="54.678119" lon="25.218825">
        <ele>120.780124</ele>
      </trkpt>
      <trkpt lat="54.678064" lon="25.219014">
        <ele>119.935093</ele>
      </trkpt>
      <trkpt lat="54.678012" lon="25.219212">
        <ele>119.066579</ele>
      </trkpt>
      <trkpt lat="54.677961" lon="25.21942">
        <ele>118.164271</ele>
      </trkpt>
      <trkpt lat="54.677903" lon="25.219632">
        <ele>117.227594</ele>
      </trkpt>
      <trkpt lat="54.677834" lon="25.219845">
        <ele>116.252504</ele>
      </trkpt>
      <trkpt lat="54.677765" lon="25.220048">
        <ele>115.312051</ele>
      </trkpt>
      <trkpt lat="54.677701" lon="25.220243">
        <ele>114.416541</ele>
      </trkpt>
      <trkpt lat="54.677632" lon="25.220444">
        <ele>113.443098</ele>
      </trkpt>
      <trkpt lat="54.677559" lon="25.220638">
        <ele>112.45829</ele>
      </trkpt>
      <trkpt lat="54.67748" lon="25.220823">
        <ele>111.479776</ele>
      </trkpt>
      <trkpt lat="54.677394" lon="25.220999">
        <ele>110.499357</ele>
      </trkpt>
      <trkpt lat="54.677295" lon="25.221157">
        <ele>109.508081</ele>
      </trkpt>
      <trkpt lat="54.677189" lon="25.221304">
        <ele>108.50828</ele>
      </trkpt>
      <trkpt lat="54.677078" lon="25.221447">
        <ele>107.489772</ele>
      </trkpt>
      <trkpt lat="54.676971" lon="25.221591">
        <ele>106.492106</ele>
      </trkpt>
      <trkpt lat="54.676885" lon="25.221713">
        <ele>105.673612</ele>
      </trkpt>
      <trkpt lat="54.676813" lon="25.221808">
        <ele>105.007211</ele>
      </trkpt>
      <trkpt lat="54.676784" lon="25.221982">
        <ele>104.236749</ele>
      </trkpt>
      <trkpt lat="54.676799" lon="25.222135">
        <ele>103.576486</ele>
      </trkpt>
      <trkpt lat="54.676802" lon="25.222317">
        <ele>102.801815</ele>
      </trkpt>
      <trkpt lat="54.676784" lon="25.222512">
        <ele>101.96164</ele>
      </trkpt>
      <trkpt lat="54.676755" lon="25.222663">
        <ele>101.284664</ele>
      </trkpt>
      <trkpt lat="54.676664" lon="25.222775">
        <ele>100.749036</ele>
      </trkpt>
      <trkpt lat="54.676558" lon="25.222726">
        <ele>100.526942</ele>
      </trkpt>
      <trkpt lat="54.676466" lon="25.222671">
        <ele>100.329907</ele>
      </trkpt>
      <trkpt lat="54.676359" lon="25.222623">
        <ele>100.106153</ele>
      </trkpt>
      <trkpt lat="54.676243" lon="25.222583">
        <ele>99.866728</ele>
      </trkpt>
      <trkpt lat="54.676124" lon="25.222554">
        <ele>99.623471</ele>
      </trkpt>
      <trkpt lat="54.676004" lon="25.222527">
        <ele>99.378524</ele>
      </trkpt>
      <trkpt lat="54.675896" lon="25.222494">
        <ele>99.156527</ele>
      </trkpt>
      <trkpt lat="54.675804" lon="25.222485">
        <ele>98.970006</ele>
      </trkpt>
      <trkpt lat="54.675698" lon="25.22253">
        <ele>98.749074</ele>
      </trkpt>
      <trkpt lat="54.67558" lon="25.222574">
        <ele>98.504733</ele>
      </trkpt>
      <trkpt lat="54.675468" lon="25.222604">
        <ele>98.275322</ele>
      </trkpt>
      <trkpt lat="54.675356" lon="25.222654">
        <ele>98.041184</ele>
      </trkpt>
      <trkpt lat="54.675249" lon="25.222741">
        <ele>97.801856</ele>
      </trkpt>
      <trkpt lat="54.675133" lon="25.22282">
        <ele>97.549502</ele>
      </trkpt>
      <trkpt lat="54.675012" lon="25.222849">
        <ele>97.302237</ele>
      </trkpt>
      <trkpt lat="54.674887" lon="25.222881">
        <ele>97.148941</ele>
      </trkpt>
      <trkpt lat="54.674755" lon="25.22293">
        <ele>97.039988</ele>
      </trkpt>
      <trkpt lat="54.674613" lon="25.222993">
        <ele>96.921682</ele>
      </trkpt>
      <trkpt lat="54.67447" lon="25.223054">
        <ele>96.80282</ele>
      </trkpt>
      <trkpt lat="54.674331" lon="25.223118">
        <ele>96.686737</ele>
      </trkpt>
      <trkpt lat="54.674193" lon="25.223178">
        <ele>96.571904</ele>
      </trkpt>
      <trkpt lat="54.674056" lon="25.223237">
        <ele>96.457966</ele>
      </trkpt>
      <trkpt lat="54.673937" lon="25.223285">
        <ele>96.359354</ele>
      </trkpt>
      <trkpt lat="54.673817" lon="25.223339">
        <ele>96.259288</ele>
      </trkpt>
      <trkpt lat="54.673705" lon="25.223397">
        <ele>96.164937</ele>
      </trkpt>
      <trkpt lat="54.673595" lon="25.223456">
        <ele>96.071994</ele>
      </trkpt>
      <trkpt lat="54.673479" lon="25.223504">
        <ele>95.975738</ele>
      </trkpt>
      <trkpt lat="54.673354" lon="25.223555">
        <ele>95.872092</ele>
      </trkpt>
      <trkpt lat="54.673225" lon="25.223607">
        <ele>95.765612</ele>
      </trkpt>
      <trkpt lat="54.673103" lon="25.223671">
        <ele>95.926857</ele>
      </trkpt>
      <trkpt lat="54.672992" lon="25.223738">
        <ele>96.075552</ele>
      </trkpt>
      <trkpt lat="54.672898" lon="25.223832">
        <ele>96.212886</ele>
      </trkpt>
      <trkpt lat="54.672798" lon="25.22395">
        <ele>96.366001</ele>
      </trkpt>
      <trkpt lat="54.672684" lon="25.224058">
        <ele>96.530402</ele>
      </trkpt>
      <trkpt lat="54.672568" lon="25.224129">
        <ele>96.686034</ele>
      </trkpt>
      <trkpt lat="54.672462" lon="25.224204">
        <ele>96.830887</ele>
      </trkpt>
      <trkpt lat="54.672369" lon="25.224338">
        <ele>96.983988</ele>
      </trkpt>
      <trkpt lat="54.672264" lon="25.224502">
        <ele>97.162936</ele>
      </trkpt>
      <trkpt lat="54.672166" lon="25.224653">
        <ele>97.328945</ele>
      </trkpt>
      <trkpt lat="54.672071" lon="25.224813">
        <ele>97.496665</ele>
      </trkpt>
      <trkpt lat="54.671984" lon="25.22498">
        <ele>97.661059</ele>
      </trkpt>
      <trkpt lat="54.671904" lon="25.225171">
        <ele>97.833544</ele>
      </trkpt>
      <trkpt lat="54.671826" lon="25.225374">
        <ele>98.011799</ele>
      </trkpt>
      <trkpt lat="54.671757" lon="25.225574">
        <ele>98.206105</ele>
      </trkpt>
      <trkpt lat="54.671689" lon="25.225773">
        <ele>98.403726</ele>
      </trkpt>
      <trkpt lat="54.671623" lon="25.225976">
        <ele>98.602833</ele>
      </trkpt>
      <trkpt lat="54.671555" lon="25.22617">
        <ele>98.796786</ele>
      </trkpt>
      <trkpt lat="54.671493" lon="25.226358">
        <ele>98.98182</ele>
      </trkpt>
      <trkpt lat="54.671433" lon="25.226531">
        <ele>99.15429</ele>
      </trkpt>
      <trkpt lat="54.671379" lon="25.226701">
        <ele>99.320118</ele>
      </trkpt>
      <trkpt lat="54.671328" lon="25.226861">
        <ele>99.476317</ele>
      </trkpt>
      <trkpt lat="54.671282" lon="25.227014">
        <ele>99.62375</ele>
      </trkpt>
      <trkpt lat="54.671235" lon="25.227152">
        <ele>99.760678</ele>
      </trkpt>
      <trkpt lat="54.671194" lon="25.227302">
        <ele>99.902528</ele>
      </trkpt>
      <trkpt lat="54.671151" lon="25.227461">
        <ele>100.052599</ele>
      </trkpt>
      <trkpt lat="54.671099" lon="25.227614">
        <ele>100.204329</ele>
      </trkpt>
      <trkpt lat="54.671049" lon="25.227749">
        <ele>100.341394</ele>
      </trkpt>
      <trkpt lat="54.671" lon="25.227896">
        <ele>100.486459</ele>
      </trkpt>
      <trkpt lat="54.670957" lon="25.228034">
        <ele>100.620483</ele>
      </trkpt>
      <trkpt lat="54.670925" lon="25.228205">
        <ele>100.726947</ele>
      </trkpt>
      <trkpt lat="54.670881" lon="25.228364">
        <ele>100.782339</ele>
      </trkpt>
      <trkpt lat="54.67086" lon="25.228538">
        <ele>100.838196</ele>
      </trkpt>
      <trkpt lat="54.670816" lon="25.228702">
        <ele>100.895009</ele>
      </trkpt>
      <trkpt lat="54.67079" lon="25.228877">
        <ele>100.951788</ele>
      </trkpt>
      <trkpt lat="54.670761" lon="25.229026">
        <ele>101.001192</ele>
      </trkpt>
      <trkpt lat="54.670724" lon="25.229202">
        <ele>101.060041</ele>
      </trkpt>
      <trkpt lat="54.670686" lon="25.229378">
        <ele>101.119078</ele>
      </trkpt>
      <trkpt lat="54.670638" lon="25.229525">
        <ele>101.172128</ele>
      </trkpt>
      <trkpt lat="54.670594" lon="25.229688">
        <ele>101.228657</ele>
      </trkpt>
      <trkpt lat="54.670557" lon="25.229863">
        <ele>101.287211</ele>
      </trkpt>
      <trkpt lat="54.67053" lon="25.230012">
        <ele>101.336279</ele>
      </trkpt>
      <trkpt lat="54.67049" lon="25.230185">
        <ele>101.394829</ele>
      </trkpt>
      <trkpt lat="54.670453" lon="25.230353">
        <ele>101.451322</ele>
      </trkpt>
      <trkpt lat="54.670421" lon="25.230508">
        <ele>101.503042</ele>
      </trkpt>
      <trkpt lat="54.670389" lon="25.230673">
        <ele>101.557732</ele>
      </trkpt>
      <trkpt lat="54.670354" lon="25.230833">
        <ele>101.611489</ele>
      </trkpt>
      <trkpt lat="54.670318" lon="25.230987">
        <ele>101.663688</ele>
      </trkpt>
      <trkpt lat="54.670291" lon="25.231159">
        <ele>101.750586</ele>
      </trkpt>
      <trkpt lat="54.670243" lon="25.231315">
        <ele>101.846238</ele>
      </trkpt>
      <trkpt lat="54.670215" lon="25.231489">
        <ele>101.944003</ele>
      </trkpt>
      <trkpt lat="54.670186" lon="25.231654">
        <ele>102.037352</ele>
      </trkpt>
      <trkpt lat="54.670151" lon="25.231816">
        <ele>102.130963</ele>
      </trkpt>
      <trkpt lat="54.670124" lon="25.231965">
        <ele>102.215484</ele>
      </trkpt>
      <trkpt lat="54.670127" lon="25.232165">
        <ele>102.32378</ele>
      </trkpt>
      <trkpt lat="54.670087" lon="25.232383">
        <ele>102.447582</ele>
      </trkpt>
      <trkpt lat="54.670051" lon="25.232547">
        <ele>102.542536</ele>
      </trkpt>
      <trkpt lat="54.670017" lon="25.232727">
        <ele>102.645037</ele>
      </trkpt>
      <trkpt lat="54.669985" lon="25.232914">
        <ele>102.750599</ele>
      </trkpt>
      <trkpt lat="54.669955" lon="25.233082">
        <ele>102.845775</ele>
      </trkpt>
      <trkpt lat="54.669926" lon="25.233239">
        <ele>102.93499</ele>
      </trkpt>
      <trkpt lat="54.669889" lon="25.233417">
        <ele>103.037378</ele>
      </trkpt>
      <trkpt lat="54.669847" lon="25.233593">
        <ele>103.140441</ele>
      </trkpt>
      <trkpt lat="54.669804" lon="25.233776">
        <ele>103.247365</ele>
      </trkpt>
      <trkpt lat="54.669767" lon="25.233956">
        <ele>103.350772</ele>
      </trkpt>
      <trkpt lat="54.669724" lon="25.234144">
        <ele>103.588677</ele>
      </trkpt>
      <trkpt lat="54.669682" lon="25.234313">
        <ele>103.816617</ele>
      </trkpt>
      <trkpt lat="54.669649" lon="25.234478">
        <ele>104.032964</ele>
      </trkpt>
      <trkpt lat="54.669617" lon="25.234643">
        <ele>104.24862</ele>
      </trkpt>
      <trkpt lat="54.669573" lon="25.234865">
        <ele>104.539426</ele>
      </trkpt>
      <trkpt lat="54.669538" lon="25.235043">
        <ele>104.772402</ele>
      </trkpt>
      <trkpt lat="54.669504" lon="25.2352">
        <ele>104.980147</ele>
      </trkpt>
      <trkpt lat="54.669481" lon="25.235363">
        <ele>105.18806</ele>
      </trkpt>
      <trkpt lat="54.669443" lon="25.235533">
        <ele>105.41391</ele>
      </trkpt>
      <trkpt lat="54.669397" lon="25.235714">
        <ele>105.658906</ele>
      </trkpt>
      <trkpt lat="54.669363" lon="25.235884">
        <ele>105.88181</ele>
      </trkpt>
      <trkpt lat="54.669313" lon="25.236074">
        <ele>106.140487</ele>
      </trkpt>
      <trkpt lat="54.669262" lon="25.236271">
        <ele>106.407952</ele>
      </trkpt>
      <trkpt lat="54.669218" lon="25.236467">
        <ele>106.668492</ele>
      </trkpt>
      <trkpt lat="54.669219" lon="25.236625">
        <ele>106.864295</ele>
      </trkpt>
      <trkpt lat="54.669252" lon="25.236823">
        <ele>107.119641</ele>
      </trkpt>
      <trkpt lat="54.669298" lon="25.23698">
        <ele>107.343779</ele>
      </trkpt>
      <trkpt lat="54.669394" lon="25.236993">
        <ele>107.560253</ele>
      </trkpt>
      <trkpt lat="54.669492" lon="25.237074">
        <ele>107.804435</ele>
      </trkpt>
      <trkpt lat="54.669585" lon="25.237102">
        <ele>108.01665</ele>
      </trkpt>
      <trkpt lat="54.669692" lon="25.237203">
        <ele>108.290695</ele>
      </trkpt>
      <trkpt lat="54.669802" lon="25.237273">
        <ele>108.554194</ele>
      </trkpt>
      <trkpt lat="54.669925" lon="25.237248">
        <ele>108.832608</ele>
      </trkpt>
      <trkpt lat="54.670018" lon="25.237239">
        <ele>109.042005</ele>
      </trkpt>
      <trkpt lat="54.670117" lon="25.237243">
        <ele>109.264623</ele>
      </trkpt>
      <trkpt lat="54.67021" lon="25.237283">
        <ele>109.480062</ele>
      </trkpt>
      <trkpt lat="54.670294" lon="25.237349">
        <ele>109.687477</ele>
      </trkpt>
      <trkpt lat="54.670396" lon="25.23741">
        <ele>109.930104</ele>
      </trkpt>
      <trkpt lat="54.670489" lon="25.23741">
        <ele>110.139173</ele>
      </trkpt>
      <trkpt lat="54.670586" lon="25.237422">
        <ele>110.357792</ele>
      </trkpt>
      <trkpt lat="54.670679" lon="25.237474">
        <ele>110.577518</ele>
      </trkpt>
      <trkpt lat="54.670777" lon="25.237501">
        <ele>110.800606</ele>
      </trkpt>
      <trkpt lat="54.670876" lon="25.237489">
        <ele>111.023709</ele>
      </trkpt>
      <trkpt lat="54.670999" lon="25.237467">
        <ele>111.241482</ele>
      </trkpt>
      <trkpt lat="54.671096" lon="25.237427">
        <ele>111.155352</ele>
      </trkpt>
      <trkpt lat="54.671186" lon="25.237292">
        <ele>111.052448</ele>
      </trkpt>
      <trkpt lat="54.671294" lon="25.237337">
        <ele>110.956497</ele>
      </trkpt>
      <trkpt lat="54.671376" lon="25.237404">
        <ele>110.878164</ele>
      </trkpt>
      <trkpt lat="54.671469" lon="25.237476">
        <ele>110.790156</ele>
      </trkpt>
      <trkpt lat="54.67156" lon="25.237556">
        <ele>110.701984</ele>
      </trkpt>
      <trkpt lat="54.671659" lon="25.237694">
        <ele>110.592155</ele>
      </trkpt>
      <trkpt lat="54.671758" lon="25.237835">
        <ele>110.48138</ele>
      </trkpt>
      <trkpt lat="54.671855" lon="25.237983">
        <ele>110.369652</ele>
      </trkpt>
      <trkpt lat="54.671935" lon="25.238063">
        <ele>110.289833</ele>
      </trkpt>
      <trkpt lat="54.672017" lon="25.238143">
        <ele>110.208515</ele>
      </trkpt>
      <trkpt lat="54.672133" lon="25.238234">
        <ele>110.098496</ele>
      </trkpt>
      <trkpt lat="54.672235" lon="25.23829">
        <ele>110.006064</ele>
      </trkpt>
      <trkpt lat="54.672297" lon="25.238415">
        <ele>109.923812</ele>
      </trkpt>
      <trkpt lat="54.672359" lon="25.23853">
        <ele>109.845284</ele>
      </trkpt>
      <trkpt lat="54.672426" lon="25.238656">
        <ele>109.759791</ele>
      </trkpt>
      <trkpt lat="54.672489" lon="25.238781">
        <ele>109.785747</ele>
      </trkpt>
      <trkpt lat="54.672585" lon="25.238931">
        <ele>110.112889</ele>
      </trkpt>
      <trkpt lat="54.67265" lon="25.239047">
        <ele>110.349063</ele>
      </trkpt>
      <trkpt lat="54.672743" lon="25.239217">
        <ele>110.691229</ele>
      </trkpt>
      <trkpt lat="54.672809" lon="25.239328">
        <ele>110.924015</ele>
      </trkpt>
      <trkpt lat="54.672872" lon="25.239454">
        <ele>111.16756</ele>
      </trkpt>
      <trkpt lat="54.672946" lon="25.239577">
        <ele>111.427083</ele>
      </trkpt>
      <trkpt lat="54.673018" lon="25.239699">
        <ele>111.681959</ele>
      </trkpt>
      <trkpt lat="54.673087" lon="25.239812">
        <ele>111.922241</ele>
      </trkpt>
      <trkpt lat="54.67316" lon="25.239928">
        <ele>112.172912</ele>
      </trkpt>
      <trkpt lat="54.673232" lon="25.240044">
        <ele>112.421726</ele>
      </trkpt>
      <trkpt lat="54.673302" lon="25.240158">
        <ele>112.66485</ele>
      </trkpt>
      <trkpt lat="54.673391" lon="25.240305">
        <ele>112.976035</ele>
      </trkpt>
      <trkpt lat="54.673458" lon="25.240409">
        <ele>113.203677</ele>
      </trkpt>
      <trkpt lat="54.673283" lon="25.240718">
        <ele>113.83606</ele>
      </trkpt>
      <trkpt lat="54.673173" lon="25.240696">
        <ele>114.116051</ele>
      </trkpt>
      <trkpt lat="54.673069" lon="25.240754">
        <ele>114.459034</ele>
      </trkpt>
      <trkpt lat="54.672971" lon="25.240915">
        <ele>114.963869</ele>
      </trkpt>
      <trkpt lat="54.67288" lon="25.241026">
        <ele>115.379771</ele>
      </trkpt>
      <trkpt lat="54.672791" lon="25.241182">
        <ele>115.853048</ele>
      </trkpt>
      <trkpt lat="54.67273" lon="25.2413">
        <ele>116.194874</ele>
      </trkpt>
      <trkpt lat="54.672639" lon="25.241401">
        <ele>116.598714</ele>
      </trkpt>
      <trkpt lat="54.672547" lon="25.241544">
        <ele>117.060707</ele>
      </trkpt>
      <trkpt lat="54.672484" lon="25.241673">
        <ele>117.425368</ele>
      </trkpt>
      <trkpt lat="54.672394" lon="25.241832">
        <ele>117.905886</ele>
      </trkpt>
      <trkpt lat="54.672288" lon="25.241976">
        <ele>118.409317</ele>
      </trkpt>
      <trkpt lat="54.672217" lon="25.242091">
        <ele>118.772633</ele>
      </trkpt>
      <trkpt lat="54.672143" lon="25.242236">
        <ele>119.190302</ele>
      </trkpt>
      <trkpt lat="54.67207" lon="25.242379">
        <ele>119.602261</ele>
      </trkpt>
      <trkpt lat="54.671966" lon="25.242517">
        <ele>120.091847</ele>
      </trkpt>
      <trkpt lat="54.67189" lon="25.242622">
        <ele>120.455152</ele>
      </trkpt>
      <trkpt lat="54.671822" lon="25.242748">
        <ele>120.827372</ele>
      </trkpt>
      <trkpt lat="54.671757" lon="25.242882">
        <ele>121.08577</ele>
      </trkpt>
      <trkpt lat="54.671682" lon="25.24302">
        <ele>121.287033</ele>
      </trkpt>
      <trkpt lat="54.67161" lon="25.243138">
        <ele>121.469337</ele>
      </trkpt>
      <trkpt lat="54.671523" lon="25.243201">
        <ele>121.642679</ele>
      </trkpt>
      <trkpt lat="54.671437" lon="25.243316">
        <ele>121.84247</ele>
      </trkpt>
      <trkpt lat="54.671352" lon="25.243408">
        <ele>122.026758</ele>
      </trkpt>
      <trkpt lat="54.67126" lon="25.24348">
        <ele>122.212345</ele>
      </trkpt>
      <trkpt lat="54.671165" lon="25.243647">
        <ele>122.461305</ele>
      </trkpt>
      <trkpt lat="54.671101" lon="25.243777">
        <ele>122.642748</ele>
      </trkpt>
      <trkpt lat="54.671031" lon="25.243904">
        <ele>122.829206</ele>
      </trkpt>
      <trkpt lat="54.670956" lon="25.244042">
        <ele>123.030471</ele>
      </trkpt>
      <trkpt lat="54.670887" lon="25.244178">
        <ele>123.222749</ele>
      </trkpt>
      <trkpt lat="54.670793" lon="25.244328">
        <ele>123.457816</ele>
      </trkpt>
      <trkpt lat="54.670717" lon="25.244445">
        <ele>123.644817</ele>
      </trkpt>
      <trkpt lat="54.670647" lon="25.244603">
        <ele>123.856349</ele>
      </trkpt>
      <trkpt lat="54.670579" lon="25.244758">
        <ele>124.063117</ele>
      </trkpt>
      <trkpt lat="54.670521" lon="25.244911">
        <ele>124.257544</ele>
      </trkpt>
      <trkpt lat="54.670464" lon="25.245058">
        <ele>124.47586</ele>
      </trkpt>
      <trkpt lat="54.670417" lon="25.245198">
        <ele>124.678499</ele>
      </trkpt>
      <trkpt lat="54.670354" lon="25.24533">
        <ele>124.892741</ele>
      </trkpt>
      <trkpt lat="54.670293" lon="25.245463">
        <ele>125.105234</ele>
      </trkpt>
      <trkpt lat="54.670228" lon="25.245606">
        <ele>125.332917</ele>
      </trkpt>
      <trkpt lat="54.670143" lon="25.245783">
        <ele>125.620919</ele>
      </trkpt>
      <trkpt lat="54.670093" lon="25.245928">
        <ele>125.832247</ele>
      </trkpt>
      <trkpt lat="54.670029" lon="25.246081">
        <ele>126.068623</ele>
      </trkpt>
      <trkpt lat="54.669971" lon="25.246241">
        <ele>126.305006</ele>
      </trkpt>
      <trkpt lat="54.669902" lon="25.246397">
        <ele>126.550856</ele>
      </trkpt>
      <trkpt lat="54.66984" lon="25.24656">
        <ele>126.795079</ele>
      </trkpt>
      <trkpt lat="54.669777" lon="25.246719">
        <ele>127.036351</ele>
      </trkpt>
      <trkpt lat="54.669706" lon="25.246881">
        <ele>127.290801</ele>
      </trkpt>
      <trkpt lat="54.669629" lon="25.247045">
        <ele>127.555238</ele>
      </trkpt>
      <trkpt lat="54.669558" lon="25.247227">
        <ele>127.830058</ele>
      </trkpt>
      <trkpt lat="54.669495" lon="25.247387">
        <ele>128.072365</ele>
      </trkpt>
      <trkpt lat="54.669423" lon="25.247556">
        <ele>128.365572</ele>
      </trkpt>
      <trkpt lat="54.669354" lon="25.247722">
        <ele>128.668413</ele>
      </trkpt>
      <trkpt lat="54.66929" lon="25.247884">
        <ele>128.959051</ele>
      </trkpt>
      <trkpt lat="54.669224" lon="25.24805">
        <ele>129.257473</ele>
      </trkpt>
      <trkpt lat="54.669166" lon="25.248228">
        <ele>129.560136</ele>
      </trkpt>
      <trkpt lat="54.669103" lon="25.248401">
        <ele>129.862996</ele>
      </trkpt>
      <trkpt lat="54.669035" lon="25.248557">
        <ele>130.152389</ele>
      </trkpt>
      <trkpt lat="54.668963" lon="25.248716">
        <ele>130.45155</ele>
      </trkpt>
      <trkpt lat="54.668887" lon="25.24888">
        <ele>130.76288</ele>
      </trkpt>
      <trkpt lat="54.66881" lon="25.249028">
        <ele>131.057796</ele>
      </trkpt>
      <trkpt lat="54.668732" lon="25.249166">
        <ele>131.343656</ele>
      </trkpt>
      <trkpt lat="54.668643" lon="25.249281">
        <ele>131.628262</ele>
      </trkpt>
      <trkpt lat="54.668561" lon="25.249394">
        <ele>131.896861</ele>
      </trkpt>
      <trkpt lat="54.668478" lon="25.249512">
        <ele>132.172112</ele>
      </trkpt>
      <trkpt lat="54.668386" lon="25.249634">
        <ele>132.469105</ele>
      </trkpt>
      <trkpt lat="54.668292" lon="25.24974">
        <ele>132.756577</ele>
      </trkpt>
      <trkpt lat="54.668196" lon="25.249861">
        <ele>133.137433</ele>
      </trkpt>
      <trkpt lat="54.668103" lon="25.249981">
        <ele>133.51472</ele>
      </trkpt>
      <trkpt lat="54.668009" lon="25.250105">
        <ele>133.899133</ele>
      </trkpt>
      <trkpt lat="54.667919" lon="25.250229">
        <ele>134.273289</ele>
      </trkpt>
      <trkpt lat="54.667824" lon="25.250375">
        <ele>134.686536</ele>
      </trkpt>
      <trkpt lat="54.667727" lon="25.25052">
        <ele>135.103434</ele>
      </trkpt>
      <trkpt lat="54.667644" lon="25.250673">
        <ele>135.497888</ele>
      </trkpt>
      <trkpt lat="54.667559" lon="25.250815">
        <ele>135.882169</ele>
      </trkpt>
      <trkpt lat="54.667466" lon="25.250943">
        <ele>136.268643</ele>
      </trkpt>
      <trkpt lat="54.667374" lon="25.251079">
        <ele>136.662183</ele>
      </trkpt>
      <trkpt lat="54.667274" lon="25.251223">
        <ele>137.085305</ele>
      </trkpt>
      <trkpt lat="54.667177" lon="25.251362">
        <ele>137.494916</ele>
      </trkpt>
      <trkpt lat="54.667096" lon="25.251493">
        <ele>137.855522</ele>
      </trkpt>
      <trkpt lat="54.667013" lon="25.251615">
        <ele>138.209716</ele>
      </trkpt>
      <trkpt lat="54.666932" lon="25.251746">
        <ele>138.570323</ele>
      </trkpt>
      <trkpt lat="54.666846" lon="25.251879">
        <ele>138.609774</ele>
      </trkpt>
      <trkpt lat="54.66678" lon="25.251994">
        <ele>138.595594</ele>
      </trkpt>
      <trkpt lat="54.666706" lon="25.252136">
        <ele>138.578865</ele>
      </trkpt>
      <trkpt lat="54.666511" lon="25.25227">
        <ele>138.547109</ele>
      </trkpt>
      <trkpt lat="54.666454" lon="25.252093">
        <ele>138.529378</ele>
      </trkpt>
      <trkpt lat="54.666402" lon="25.25189">
        <ele>138.509946</ele>
      </trkpt>
      <trkpt lat="54.666364" lon="25.251732">
        <ele>138.494969</ele>
      </trkpt>
      <trkpt lat="54.66633" lon="25.251578">
        <ele>138.480541</ele>
      </trkpt>
      <trkpt lat="54.66631" lon="25.251415">
        <ele>138.465958</ele>
      </trkpt>
      <trkpt lat="54.66621" lon="25.250857">
        <ele>138.414828</ele>
      </trkpt>
      <trkpt lat="54.666152" lon="25.250689">
        <ele>138.397704</ele>
      </trkpt>
      <trkpt lat="54.666099" lon="25.25056">
        <ele>138.383854</ele>
      </trkpt>
      <trkpt lat="54.666055" lon="25.250411">
        <ele>138.369211</ele>
      </trkpt>
      <trkpt lat="54.665974" lon="25.250335">
        <ele>138.355265</ele>
      </trkpt>
      <trkpt lat="54.665866" lon="25.250415">
        <ele>138.471392</ele>
      </trkpt>
      <trkpt lat="54.665745" lon="25.2505">
        <ele>138.627841</ele>
      </trkpt>
      <trkpt lat="54.665645" lon="25.250542">
        <ele>138.751113</ele>
      </trkpt>
      <trkpt lat="54.665531" lon="25.250541">
        <ele>138.887673</ele>
      </trkpt>
      <trkpt lat="54.665469" lon="25.250655">
        <ele>138.996086</ele>
      </trkpt>
      <trkpt lat="54.665418" lon="25.250821">
        <ele>139.126309</ele>
      </trkpt>
      <trkpt lat="54.66548" lon="25.250957">
        <ele>139.246281</ele>
      </trkpt>
      <trkpt lat="54.665544" lon="25.251137">
        <ele>139.392665</ele>
      </trkpt>
      <trkpt lat="54.665576" lon="25.251306">
        <ele>139.515862</ele>
      </trkpt>
      <trkpt lat="54.665605" lon="25.251483">
        <ele>139.643312</ele>
      </trkpt>
      <trkpt lat="54.665638" lon="25.251665">
        <ele>139.775451</ele>
      </trkpt>
      <trkpt lat="54.665668" lon="25.251848">
        <ele>139.907227</ele>
      </trkpt>
      <trkpt lat="54.665696" lon="25.252025">
        <ele>140.034355</ele>
      </trkpt>
      <trkpt lat="54.66572" lon="25.252178">
        <ele>140.144182</ele>
      </trkpt>
      <trkpt lat="54.665749" lon="25.252375">
        <ele>140.285013</ele>
      </trkpt>
      <trkpt lat="54.665726" lon="25.252537">
        <ele>140.400577</ele>
      </trkpt>
      <trkpt lat="54.665669" lon="25.252698">
        <ele>140.496689</ele>
      </trkpt>
      <trkpt lat="54.665598" lon="25.252857">
        <ele>140.437242</ele>
      </trkpt>
      <trkpt lat="54.665521" lon="25.253022">
        <ele>140.374499</ele>
      </trkpt>
      <trkpt lat="54.66544" lon="25.253172">
        <ele>140.313767</ele>
      </trkpt>
      <trkpt lat="54.665365" lon="25.253318">
        <ele>140.255978</ele>
      </trkpt>
      <trkpt lat="54.665288" lon="25.253467">
        <ele>140.196845</ele>
      </trkpt>
      <trkpt lat="54.665207" lon="25.253609">
        <ele>140.137821</ele>
      </trkpt>
      <trkpt lat="54.665117" lon="25.253751">
        <ele>140.075477</ele>
      </trkpt>
      <trkpt lat="54.665025" lon="25.253877">
        <ele>140.015422</ele>
      </trkpt>
      <trkpt lat="54.664938" lon="25.253982">
        <ele>139.961133</ele>
      </trkpt>
      <trkpt lat="54.664845" lon="25.254091">
        <ele>139.903643</ele>
      </trkpt>
      <trkpt lat="54.664747" lon="25.254211">
        <ele>139.842196</ele>
      </trkpt>
      <trkpt lat="54.664639" lon="25.254321">
        <ele>139.778057</ele>
      </trkpt>
      <trkpt lat="54.664528" lon="25.254429">
        <ele>139.712884</ele>
      </trkpt>
      <trkpt lat="54.664419" lon="25.254539">
        <ele>139.648305</ele>
      </trkpt>
      <trkpt lat="54.664307" lon="25.254633">
        <ele>139.5843</ele>
      </trkpt>
      <trkpt lat="54.664197" lon="25.254719">
        <ele>139.513765</ele>
      </trkpt>
      <trkpt lat="54.664093" lon="25.254813">
        <ele>139.445198</ele>
      </trkpt>
      <trkpt lat="54.663987" lon="25.254909">
        <ele>139.375283</ele>
      </trkpt>
      <trkpt lat="54.663889" lon="25.254985">
        <ele>139.312527</ele>
      </trkpt>
      <trkpt lat="54.663798" lon="25.255057">
        <ele>139.254056</ele>
      </trkpt>
      <trkpt lat="54.663707" lon="25.255112">
        <ele>139.197731</ele>
      </trkpt>
      <trkpt lat="54.663588" lon="25.255175">
        <ele>139.125016</ele>
      </trkpt>
      <trkpt lat="54.6635" lon="25.255237">
        <ele>139.069495</ele>
      </trkpt>
      <trkpt lat="54.663409" lon="25.255173">
        <ele>139.012095</ele>
      </trkpt>
      <trkpt lat="54.663292" lon="25.255193">
        <ele>138.943401</ele>
      </trkpt>
      <trkpt lat="54.663188" lon="25.255335">
        <ele>138.865973</ele>
      </trkpt>
      <trkpt lat="54.663067" lon="25.255439">
        <ele>138.787022</ele>
      </trkpt>
      <trkpt lat="54.662973" lon="25.255551">
        <ele>138.720321</ele>
      </trkpt>
      <trkpt lat="54.662892" lon="25.255649">
        <ele>138.662558</ele>
      </trkpt>
      <trkpt lat="54.662799" lon="25.255749">
        <ele>138.598569</ele>
      </trkpt>
      <trkpt lat="54.662708" lon="25.255856">
        <ele>138.534473</ele>
      </trkpt>
      <trkpt lat="54.662618" lon="25.255965">
        <ele>138.478763</ele>
      </trkpt>
      <trkpt lat="54.662527" lon="25.256082">
        <ele>138.421269</ele>
      </trkpt>
      <trkpt lat="54.662435" lon="25.256209">
        <ele>138.361583</ele>
      </trkpt>
      <trkpt lat="54.662343" lon="25.256341">
        <ele>138.300972</ele>
      </trkpt>
      <trkpt lat="54.662248" lon="25.256466">
        <ele>138.240447</ele>
      </trkpt>
      <trkpt lat="54.662158" lon="25.25659">
        <ele>138.182102</ele>
      </trkpt>
      <trkpt lat="54.662082" lon="25.256706">
        <ele>138.130705</ele>
      </trkpt>
      <trkpt lat="54.661996" lon="25.256871">
        <ele>138.065573</ele>
      </trkpt>
      <trkpt lat="54.661953" lon="25.257079">
        <ele>138.000801</ele>
      </trkpt>
      <trkpt lat="54.662018" lon="25.257277">
        <ele>137.934039</ele>
      </trkpt>
      <trkpt lat="54.662089" lon="25.257417">
        <ele>137.87944</ele>
      </trkpt>
      <trkpt lat="54.662162" lon="25.257567">
        <ele>137.821956</ele>
      </trkpt>
      <trkpt lat="54.662237" lon="25.257709">
        <ele>137.765567</ele>
      </trkpt>
      <trkpt lat="54.662318" lon="25.257835">
        <ele>137.710326</ele>
      </trkpt>
      <trkpt lat="54.662415" lon="25.257954">
        <ele>137.650026</ele>
      </trkpt>
      <trkpt lat="54.662514" lon="25.258079">
        <ele>137.845754</ele>
      </trkpt>
      <trkpt lat="54.66261" lon="25.258197">
        <ele>138.213211</ele>
      </trkpt>
      <trkpt lat="54.662707" lon="25.258312">
        <ele>138.580126</ele>
      </trkpt>
      <trkpt lat="54.662793" lon="25.258421">
        <ele>138.912783</ele>
      </trkpt>
      <trkpt lat="54.662863" lon="25.258521">
        <ele>139.196058</ele>
      </trkpt>
      <trkpt lat="54.662893" lon="25.258733">
        <ele>139.589864</ele>
      </trkpt>
      <trkpt lat="54.662889" lon="25.258911">
        <ele>139.911282</ele>
      </trkpt>
      <trkpt lat="54.662883" lon="25.259099">
        <ele>140.251017</ele>
      </trkpt>
      <trkpt lat="54.662874" lon="25.259294">
        <ele>140.603985</ele>
      </trkpt>
      <trkpt lat="54.662864" lon="25.2595">
        <ele>140.97699</ele>
      </trkpt>
      <trkpt lat="54.662849" lon="25.259692">
        <ele>141.326573</ele>
      </trkpt>
      <trkpt lat="54.662841" lon="25.259879">
        <ele>141.66491</ele>
      </trkpt>
      <trkpt lat="54.662817" lon="25.260074">
        <ele>142.024638</ele>
      </trkpt>
      <trkpt lat="54.662792" lon="25.260272">
        <ele>142.390315</ele>
      </trkpt>
      <trkpt lat="54.662751" lon="25.26046">
        <ele>142.752847</ele>
      </trkpt>
      <trkpt lat="54.662707" lon="25.260644">
        <ele>143.112107</ele>
      </trkpt>
      <trkpt lat="54.662663" lon="25.260823">
        <ele>143.386322</ele>
      </trkpt>
      <trkpt lat="54.662623" lon="25.261001">
        <ele>143.614939</ele>
      </trkpt>
      <trkpt lat="54.662582" lon="25.261186">
        <ele>143.85212</ele>
      </trkpt>
      <trkpt lat="54.662539" lon="25.26138">
        <ele>144.100843</ele>
      </trkpt>
      <trkpt lat="54.662497" lon="25.261583">
        <ele>144.358952</ele>
      </trkpt>
      <trkpt lat="54.662444" lon="25.261769">
        <ele>144.607185</ele>
      </trkpt>
      <trkpt lat="54.662386" lon="25.26194">
        <ele>144.844508</ele>
      </trkpt>
      <trkpt lat="54.66234" lon="25.262079">
        <ele>145.03623</ele>
      </trkpt>
      <trkpt lat="54.662272" lon="25.26222">
        <ele>145.256015</ele>
      </trkpt>
      <trkpt lat="54.662198" lon="25.262348">
        <ele>145.472679</ele>
      </trkpt>
      <trkpt lat="54.66214" lon="25.262485">
        <ele>145.675936</ele>
      </trkpt>
      <trkpt lat="54.662105" lon="25.262653">
        <ele>145.889714</ele>
      </trkpt>
      <trkpt lat="54.662092" lon="25.26283">
        <ele>146.10332</ele>
      </trkpt>
      <trkpt lat="54.662108" lon="25.262984">
        <ele>146.290639</ele>
      </trkpt>
      <trkpt lat="54.662172" lon="25.263156">
        <ele>146.535487</ele>
      </trkpt>
      <trkpt lat="54.66227" lon="25.263285">
        <ele>146.790433</ele>
      </trkpt>
      <trkpt lat="54.66233" lon="25.263451">
        <ele>147.065487</ele>
      </trkpt>
      <trkpt lat="54.662385" lon="25.263574">
        <ele>147.365026</ele>
      </trkpt>
      <trkpt lat="54.662421" lon="25.263722">
        <ele>147.67436</ele>
      </trkpt>
      <trkpt lat="54.662435" lon="25.263878">
        <ele>147.978514</ele>
      </trkpt>
      <trkpt lat="54.662452" lon="25.264033">
        <ele>148.282466</ele>
      </trkpt>
      <trkpt lat="54.662477" lon="25.2642">
        <ele>148.614819</ele>
      </trkpt>
      <trkpt lat="54.662514" lon="25.264416">
        <ele>149.048841</ele>
      </trkpt>
      <trkpt lat="54.662538" lon="25.264577">
        <ele>149.369168</ele>
      </trkpt>
      <trkpt lat="54.662555" lon="25.264739">
        <ele>149.68638</ele>
      </trkpt>
      <trkpt lat="54.662576" lon="25.26496">
        <ele>150.117876</ele>
      </trkpt>
      <trkpt lat="54.662588" lon="25.265116">
        <ele>150.421078</ele>
      </trkpt>
      <trkpt lat="54.662599" lon="25.265283">
        <ele>150.744907</ele>
      </trkpt>
      <trkpt lat="54.662608" lon="25.265443">
        <ele>151.054624</ele>
      </trkpt>
      <trkpt lat="54.662596" lon="25.265613">
        <ele>151.384583</ele>
      </trkpt>
      <trkpt lat="54.662568" lon="25.265791">
        <ele>151.739983</ele>
      </trkpt>
      <trkpt lat="54.662543" lon="25.265966">
        <ele>152.087277</ele>
      </trkpt>
      <trkpt lat="54.662519" lon="25.266144">
        <ele>152.439415</ele>
      </trkpt>
      <trkpt lat="54.662481" lon="25.266314">
        <ele>152.790553</ele>
      </trkpt>
      <trkpt lat="54.662446" lon="25.266477">
        <ele>153.224883</ele>
      </trkpt>
      <trkpt lat="54.662417" lon="25.266626">
        <ele>153.698528</ele>
      </trkpt>
      <trkpt lat="54.66238" lon="25.266852">
        <ele>154.406177</ele>
      </trkpt>
      <trkpt lat="54.662345" lon="25.267078">
        <ele>155.11106</ele>
      </trkpt>
      <trkpt lat="54.662316" lon="25.267257">
        <ele>155.671113</ele>
      </trkpt>
      <trkpt lat="54.662285" lon="25.267444">
        <ele>156.257197</ele>
      </trkpt>
      <trkpt lat="54.66226" lon="25.26764">
        <ele>156.8619</ele>
      </trkpt>
      <trkpt lat="54.662229" lon="25.267835">
        <ele>157.47119</ele>
      </trkpt>
      <trkpt lat="54.662194" lon="25.268023">
        <ele>158.066222</ele>
      </trkpt>
      <trkpt lat="54.66216" lon="25.268208">
        <ele>158.651058</ele>
      </trkpt>
      <trkpt lat="54.66214" lon="25.268382">
        <ele>159.185543</ele>
      </trkpt>
      <trkpt lat="54.662104" lon="25.268572">
        <ele>159.787916</ele>
      </trkpt>
      <trkpt lat="54.662068" lon="25.268765">
        <ele>160.398884</ele>
      </trkpt>
      <trkpt lat="54.662034" lon="25.268952">
        <ele>160.989468</ele>
      </trkpt>
      <trkpt lat="54.662003" lon="25.26915">
        <ele>161.607481</ele>
      </trkpt>
      <trkpt lat="54.661974" lon="25.269337">
        <ele>162.190784</ele>
      </trkpt>
      <trkpt lat="54.661945" lon="25.269518">
        <ele>162.674325</ele>
      </trkpt>
      <trkpt lat="54.661919" lon="25.269689">
        <ele>163.106968</ele>
      </trkpt>
      <trkpt lat="54.661881" lon="25.269867">
        <ele>163.571245</ele>
      </trkpt>
      <trkpt lat="54.661866" lon="25.270045">
        <ele>164.0114</ele>
      </trkpt>
      <trkpt lat="54.66184" lon="25.270207">
        <ele>164.422783</ele>
      </trkpt>
      <trkpt lat="54.661803" lon="25.270378">
        <ele>164.869531</ele>
      </trkpt>
      <trkpt lat="54.661773" lon="25.270543">
        <ele>165.292756</ele>
      </trkpt>
      <trkpt lat="54.661748" lon="25.270739">
        <ele>165.783883</ele>
      </trkpt>
      <trkpt lat="54.661718" lon="25.270927">
        <ele>166.261096</ele>
      </trkpt>
      <trkpt lat="54.661695" lon="25.271144">
        <ele>166.800928</ele>
      </trkpt>
      <trkpt lat="54.661668" lon="25.271306">
        <ele>167.213464</ele>
      </trkpt>
      <trkpt lat="54.661647" lon="25.271475">
        <ele>167.636435</ele>
      </trkpt>
      <trkpt lat="54.661622" lon="25.271649">
        <ele>168.075146</ele>
      </trkpt>
      <trkpt lat="54.661595" lon="25.271802">
        <ele>168.466569</ele>
      </trkpt>
      <trkpt lat="54.661551" lon="25.272022">
        <ele>169.036175</ele>
      </trkpt>
      <trkpt lat="54.661509" lon="25.272225">
        <ele>169.563732</ele>
      </trkpt>
      <trkpt lat="54.661475" lon="25.272406">
        <ele>169.956377</ele>
      </trkpt>
      <trkpt lat="54.661448" lon="25.272581">
        <ele>170.081632</ele>
      </trkpt>
      <trkpt lat="54.661424" lon="25.272749">
        <ele>170.201305</ele>
      </trkpt>
      <trkpt lat="54.661403" lon="25.272938">
        <ele>170.3344</ele>
      </trkpt>
      <trkpt lat="54.661378" lon="25.273109">
        <ele>170.456377</ele>
      </trkpt>
      <trkpt lat="54.661356" lon="25.273263">
        <ele>170.566078</ele>
      </trkpt>
      <trkpt lat="54.661344" lon="25.273612">
        <ele>170.80786</ele>
      </trkpt>
      <trkpt lat="54.661343" lon="25.273812">
        <ele>170.946178</ele>
      </trkpt>
      <trkpt lat="54.66134" lon="25.274029">
        <ele>171.09629</ele>
      </trkpt>
      <trkpt lat="54.661313" lon="25.274219">
        <ele>171.231595</ele>
      </trkpt>
      <trkpt lat="54.661294" lon="25.274384">
        <ele>171.347942</ele>
      </trkpt>
      <trkpt lat="54.661275" lon="25.274548">
        <ele>171.463612</ele>
      </trkpt>
      <trkpt lat="54.661187" lon="25.274637">
        <ele>171.585508</ele>
      </trkpt>
      <trkpt lat="54.661094" lon="25.274613">
        <ele>171.697934</ele>
      </trkpt>
      <trkpt lat="54.661078" lon="25.274302">
        <ele>171.913861</ele>
      </trkpt>
      <trkpt lat="54.661077" lon="25.274136">
        <ele>172.028667</ele>
      </trkpt>
      <trkpt lat="54.661039" lon="25.273974">
        <ele>171.945577</ele>
      </trkpt>
      <trkpt lat="54.660954" lon="25.273887">
        <ele>171.726449</ele>
      </trkpt>
      <trkpt lat="54.660821" lon="25.273855">
        <ele>171.428562</ele>
      </trkpt>
      <trkpt lat="54.660708" lon="25.27382">
        <ele>171.173895</ele>
      </trkpt>
      <trkpt lat="54.660616" lon="25.273769">
        <ele>170.959571</ele>
      </trkpt>
      <trkpt lat="54.660565" lon="25.273615">
        <ele>170.73187</ele>
      </trkpt>
      <trkpt lat="54.660494" lon="25.273485">
        <ele>170.502451</ele>
      </trkpt>
      <trkpt lat="54.660381" lon="25.273418">
        <ele>170.237443</ele>
      </trkpt>
      <trkpt lat="54.660292" lon="25.273388">
        <ele>170.036291</ele>
      </trkpt>
      <trkpt lat="54.660203" lon="25.273358">
        <ele>169.835138</ele>
      </trkpt>
      <trkpt lat="54.66011" lon="25.273333">
        <ele>169.626351</ele>
      </trkpt>
      <trkpt lat="54.659987" lon="25.273299">
        <ele>169.350026</ele>
      </trkpt>
      <trkpt lat="54.659873" lon="25.273204">
        <ele>169.069285</ele>
      </trkpt>
      <trkpt lat="54.659783" lon="25.273158">
        <ele>168.861089</ele>
      </trkpt>
      <trkpt lat="54.659678" lon="25.273132">
        <ele>168.625784</ele>
      </trkpt>
      <trkpt lat="54.659558" lon="25.273127">
        <ele>168.359502</ele>
      </trkpt>
      <trkpt lat="54.659441" lon="25.273127">
        <ele>168.099953</ele>
      </trkpt>
      <trkpt lat="54.659329" lon="25.273093">
        <ele>167.976579</ele>
      </trkpt>
      <trkpt lat="54.659212" lon="25.273041">
        <ele>167.85228</ele>
      </trkpt>
      <trkpt lat="54.659085" lon="25.273001">
        <ele>167.719455</ele>
      </trkpt>
      <trkpt lat="54.658963" lon="25.272956">
        <ele>167.5911</ele>
      </trkpt>
      <trkpt lat="54.658839" lon="25.272911">
        <ele>167.460733</ele>
      </trkpt>
      <trkpt lat="54.65872" lon="25.27286">
        <ele>167.334584</ele>
      </trkpt>
      <trkpt lat="54.658602" lon="25.272803">
        <ele>167.20852</ele>
      </trkpt>
      <trkpt lat="54.658474" lon="25.272759">
        <ele>167.074239</ele>
      </trkpt>
      <trkpt lat="54.658351" lon="25.272716">
        <ele>166.945119</ele>
      </trkpt>
      <trkpt lat="54.65823" lon="25.272668">
        <ele>166.817383</ele>
      </trkpt>
      <trkpt lat="54.658111" lon="25.272624">
        <ele>166.692171</ele>
      </trkpt>
      <trkpt lat="54.657992" lon="25.272592">
        <ele>166.568256</ele>
      </trkpt>
      <trkpt lat="54.657886" lon="25.272561">
        <ele>166.45764</ele>
      </trkpt>
      <trkpt lat="54.65779" lon="25.272528">
        <ele>166.356929</ele>
      </trkpt>
      <trkpt lat="54.657667" lon="25.272529">
        <ele>166.224943</ele>
      </trkpt>
      <trkpt lat="54.657555" lon="25.272709">
        <ele>165.946083</ele>
      </trkpt>
      <trkpt lat="54.657477" lon="25.272854">
        <ele>165.737217</ele>
      </trkpt>
      <trkpt lat="54.657398" lon="25.273008">
        <ele>165.520096</ele>
      </trkpt>
      <trkpt lat="54.657312" lon="25.273178">
        <ele>165.281873</ele>
      </trkpt>
      <trkpt lat="54.657227" lon="25.273343">
        <ele>165.04881</ele>
      </trkpt>
      <trkpt lat="54.657134" lon="25.273504">
        <ele>164.808805</ele>
      </trkpt>
      <trkpt lat="54.657029" lon="25.27363">
        <ele>164.575725</ele>
      </trkpt>
      <trkpt lat="54.656919" lon="25.273748">
        <ele>164.339655</ele>
      </trkpt>
      <trkpt lat="54.656802" lon="25.273866">
        <ele>164.092647</ele>
      </trkpt>
      <trkpt lat="54.656689" lon="25.273975">
        <ele>163.85668</ele>
      </trkpt>
      <trkpt lat="54.656589" lon="25.274094">
        <ele>163.635298</ele>
      </trkpt>
      <trkpt lat="54.656487" lon="25.274221">
        <ele>163.406075</ele>
      </trkpt>
      <trkpt lat="54.656386" lon="25.274353">
        <ele>163.175187</ele>
      </trkpt>
      <trkpt lat="54.656288" lon="25.274494">
        <ele>162.958153</ele>
      </trkpt>
      <trkpt lat="54.656192" lon="25.274648">
        <ele>162.96825</ele>
      </trkpt>
      <trkpt lat="54.656099" lon="25.274804">
        <ele>162.97824</ele>
      </trkpt>
      <trkpt lat="54.656016" lon="25.274961">
        <ele>162.987725</ele>
      </trkpt>
      <trkpt lat="54.655929" lon="25.275123">
        <ele>162.997583</ele>
      </trkpt>
      <trkpt lat="54.655846" lon="25.275289">
        <ele>163.007369</ele>
      </trkpt>
      <trkpt lat="54.655769" lon="25.275467">
        <ele>163.017281</ele>
      </trkpt>
      <trkpt lat="54.655694" lon="25.275648">
        <ele>163.02721</ele>
      </trkpt>
      <trkpt lat="54.655631" lon="25.275838">
        <ele>163.036977</ele>
      </trkpt>
      <trkpt lat="54.655566" lon="25.276024">
        <ele>163.046668</ele>
      </trkpt>
      <trkpt lat="54.655501" lon="25.276218">
        <ele>163.056666</ele>
      </trkpt>
      <trkpt lat="54.65544" lon="25.276411">
        <ele>163.066475</ele>
      </trkpt>
      <trkpt lat="54.655392" lon="25.276603">
        <ele>163.075803</ele>
      </trkpt>
      <trkpt lat="54.655354" lon="25.276763">
        <ele>163.083516</ele>
      </trkpt>
      <trkpt lat="54.655317" lon="25.276932">
        <ele>163.091575</ele>
      </trkpt>
      <trkpt lat="54.655285" lon="25.27714">
        <ele>163.254334</ele>
      </trkpt>
      <trkpt lat="54.65525" lon="25.277311">
        <ele>163.510942</ele>
      </trkpt>
      <trkpt lat="54.655217" lon="25.277504">
        <ele>163.795655</ele>
      </trkpt>
      <trkpt lat="54.655186" lon="25.277684">
        <ele>164.061345</ele>
      </trkpt>
      <trkpt lat="54.655161" lon="25.277864">
        <ele>164.323227</ele>
      </trkpt>
      <trkpt lat="54.655141" lon="25.278035">
        <ele>164.570035</ele>
      </trkpt>
      <trkpt lat="54.65512" lon="25.278205">
        <ele>164.815956</ele>
      </trkpt>
      <trkpt lat="54.6551" lon="25.278386">
        <ele>165.076645</ele>
      </trkpt>
      <trkpt lat="54.655088" lon="25.278577">
        <ele>165.348442</ele>
      </trkpt>
      <trkpt lat="54.655078" lon="25.278781">
        <ele>165.638075</ele>
      </trkpt>
      <trkpt lat="54.655068" lon="25.278988">
        <ele>165.931938</ele>
      </trkpt>
      <trkpt lat="54.655058" lon="25.279187">
        <ele>166.214523</ele>
      </trkpt>
      <trkpt lat="54.655051" lon="25.27935">
        <ele>166.445754</ele>
      </trkpt>
      <trkpt lat="54.65505" lon="25.279516">
        <ele>166.680607</ele>
      </trkpt>
      <trkpt lat="54.655048" lon="25.279684">
        <ele>166.918327</ele>
      </trkpt>
      <trkpt lat="54.65504" lon="25.279853">
        <ele>167.158211</ele>
      </trkpt>
      <trkpt lat="54.655035" lon="25.280037">
        <ele>167.418803</ele>
      </trkpt>
      <trkpt lat="54.655034" lon="25.280218">
        <ele>167.846212</ele>
      </trkpt>
      <trkpt lat="54.655036" lon="25.280405">
        <ele>168.362454</ele>
      </trkpt>
      <trkpt lat="54.655047" lon="25.280611">
        <ele>168.933469</ele>
      </trkpt>
      <trkpt lat="54.655061" lon="25.280827">
        <ele>169.533398</ele>
      </trkpt>
      <trkpt lat="54.655077" lon="25.281037">
        <ele>170.118041</ele>
      </trkpt>
      <trkpt lat="54.655097" lon="25.281239">
        <ele>170.683704</ele>
      </trkpt>
      <trkpt lat="54.655116" lon="25.281442">
        <ele>171.251307</ele>
      </trkpt>
      <trkpt lat="54.655134" lon="25.281633">
        <ele>171.78545</ele>
      </trkpt>
      <trkpt lat="54.655157" lon="25.281812">
        <ele>172.291561</ele>
      </trkpt>
      <trkpt lat="54.655181" lon="25.281996">
        <ele>172.812183</ele>
      </trkpt>
      <trkpt lat="54.655206" lon="25.282175">
        <ele>173.320448</ele>
      </trkpt>
      <trkpt lat="54.655231" lon="25.282355">
        <ele>173.831397</ele>
      </trkpt>
      <trkpt lat="54.655254" lon="25.282517">
        <ele>174.291814</ele>
      </trkpt>
      <trkpt lat="54.655277" lon="25.282687">
        <ele>174.773704</ele>
      </trkpt>
      <trkpt lat="54.655309" lon="25.282865">
        <ele>175.28819</ele>
      </trkpt>
      <trkpt lat="54.655351" lon="25.283065">
        <ele>175.87547</ele>
      </trkpt>
      <trkpt lat="54.655437" lon="25.283168">
        <ele>176.315631</ele>
      </trkpt>
      <trkpt lat="54.655535" lon="25.283066">
        <ele>176.753342</ele>
      </trkpt>
      <trkpt lat="54.655542" lon="25.282908">
        <ele>177.104103</ele>
      </trkpt>
      <trkpt lat="54.655523" lon="25.282733">
        <ele>177.498234</ele>
      </trkpt>
      <trkpt lat="54.655499" lon="25.282538">
        <ele>177.939532</ele>
      </trkpt>
      <trkpt lat="54.655389" lon="25.282502">
        <ele>178.367911</ele>
      </trkpt>
      <trkpt lat="54.655291" lon="25.28256">
        <ele>178.764266</ele>
      </trkpt>
      <trkpt lat="54.655189" lon="25.28261">
        <ele>179.169946</ele>
      </trkpt>
      <trkpt lat="54.655089" lon="25.28266">
        <ele>179.56827</ele>
      </trkpt>
      <trkpt lat="54.654989" lon="25.28271">
        <ele>179.966593</ele>
      </trkpt>
      <trkpt lat="54.654895" lon="25.282769">
        <ele>180.34925</ele>
      </trkpt>
      <trkpt lat="54.654804" lon="25.282813">
        <ele>180.710815</ele>
      </trkpt>
      <trkpt lat="54.654707" lon="25.282851">
        <ele>181.091387</ele>
      </trkpt>
      <trkpt lat="54.65461" lon="25.282893">
        <ele>181.474013</ele>
      </trkpt>
      <trkpt lat="54.654511" lon="25.282926">
        <ele>181.859803</ele>
      </trkpt>
      <trkpt lat="54.654388" lon="25.282964">
        <ele>182.337906</ele>
      </trkpt>
      <trkpt lat="54.654267" lon="25.283007">
        <ele>182.810581</ele>
      </trkpt>
      <trkpt lat="54.654176" lon="25.2831">
        <ele>182.987642</ele>
      </trkpt>
      <trkpt lat="54.654063" lon="25.283084">
        <ele>183.036359</ele>
      </trkpt>
      <trkpt lat="54.653968" lon="25.283047">
        <ele>183.078203</ele>
      </trkpt>
      <trkpt lat="54.653863" lon="25.283004">
        <ele>183.124569</ele>
      </trkpt>
      <trkpt lat="54.653756" lon="25.282982">
        <ele>183.170869</ele>
      </trkpt>
      <trkpt lat="54.653643" lon="25.282958">
        <ele>183.219789</ele>
      </trkpt>
      <trkpt lat="54.653534" lon="25.28294">
        <ele>183.266838</ele>
      </trkpt>
      <trkpt lat="54.65343" lon="25.282905">
        <ele>183.312364</ele>
      </trkpt>
      <trkpt lat="54.653322" lon="25.28288">
        <ele>183.359185</ele>
      </trkpt>
      <trkpt lat="54.653216" lon="25.282861">
        <ele>183.404976</ele>
      </trkpt>
      <trkpt lat="54.653116" lon="25.282841">
        <ele>183.448231</ele>
      </trkpt>
      <trkpt lat="54.653018" lon="25.282829">
        <ele>183.490446</ele>
      </trkpt>
      <trkpt lat="54.652917" lon="25.282812">
        <ele>183.534049</ele>
      </trkpt>
      <trkpt lat="54.652815" lon="25.28278">
        <ele>183.578593</ele>
      </trkpt>
      <trkpt lat="54.652719" lon="25.282765">
        <ele>183.620011</ele>
      </trkpt>
      <trkpt lat="54.652583" lon="25.28273">
        <ele>183.679093</ele>
      </trkpt>
      <trkpt lat="54.652488" lon="25.2827">
        <ele>183.720589</ele>
      </trkpt>
      <trkpt lat="54.652387" lon="25.282673">
        <ele>183.734788</ele>
      </trkpt>
      <trkpt lat="54.652284" lon="25.282647">
        <ele>183.738972</ele>
      </trkpt>
      <trkpt lat="54.65218" lon="25.282629">
        <ele>183.743173</ele>
      </trkpt>
      <trkpt lat="54.652078" lon="25.282614">
        <ele>183.747288</ele>
      </trkpt>
      <trkpt lat="54.651974" lon="25.282603">
        <ele>183.751476</ele>
      </trkpt>
      <trkpt lat="54.651872" lon="25.282596">
        <ele>183.755578</ele>
      </trkpt>
      <trkpt lat="54.651778" lon="25.282564">
        <ele>183.759429</ele>
      </trkpt>
      <trkpt lat="54.65168" lon="25.282541">
        <ele>183.763404</ele>
      </trkpt>
      <trkpt lat="54.651583" lon="25.282517">
        <ele>183.767343</ele>
      </trkpt>
      <trkpt lat="54.651482" lon="25.282497">
        <ele>183.771429</ele>
      </trkpt>
      <trkpt lat="54.65138" lon="25.282465">
        <ele>183.775595</ele>
      </trkpt>
      <trkpt lat="54.651273" lon="25.282437">
        <ele>183.779945</ele>
      </trkpt>
      <trkpt lat="54.651165" lon="25.282411">
        <ele>183.784328</ele>
      </trkpt>
      <trkpt lat="54.651052" lon="25.282388">
        <ele>183.788901</ele>
      </trkpt>
      <trkpt lat="54.650936" lon="25.282365">
        <ele>183.793594</ele>
      </trkpt>
      <trkpt lat="54.650819" lon="25.282339">
        <ele>183.798335</ele>
      </trkpt>
      <trkpt lat="54.650707" lon="25.282312">
        <ele>183.80288</ele>
      </trkpt>
      <trkpt lat="54.650596" lon="25.282287">
        <ele>183.864319</ele>
      </trkpt>
      <trkpt lat="54.650486" lon="25.282267">
        <ele>183.943997</ele>
      </trkpt>
      <trkpt lat="54.650384" lon="25.282249">
        <ele>184.017857</ele>
      </trkpt>
      <trkpt lat="54.650283" lon="25.282234">
        <ele>184.090882</ele>
      </trkpt>
      <trkpt lat="54.650193" lon="25.282215">
        <ele>184.156197</ele>
      </trkpt>
      <trkpt lat="54.650095" lon="25.282188">
        <ele>184.227685</ele>
      </trkpt>
      <trkpt lat="54.650052" lon="25.282043">
        <ele>184.295595</ele>
      </trkpt>
      <trkpt lat="54.650061" lon="25.281877">
        <ele>184.365084</ele>
      </trkpt>
      <trkpt lat="54.650063" lon="25.281707">
        <ele>184.435952</ele>
      </trkpt>
      <trkpt lat="54.65007" lon="25.281527">
        <ele>184.511142</ele>
      </trkpt>
      <trkpt lat="54.650066" lon="25.281338">
        <ele>184.589967</ele>
      </trkpt>
      <trkpt lat="54.65007" lon="25.281144">
        <ele>184.670874</ele>
      </trkpt>
      <trkpt lat="54.65007" lon="25.280949">
        <ele>184.752147</ele>
      </trkpt>
      <trkpt lat="54.650063" lon="25.280761">
        <ele>184.830665</ele>
      </trkpt>
      <trkpt lat="54.650059" lon="25.280601">
        <ele>184.897412</ele>
      </trkpt>
      <trkpt lat="54.650054" lon="25.280389">
        <ele>184.985844</ele>
      </trkpt>
      <trkpt lat="54.650043" lon="25.280198">
        <ele>185.065843</ele>
      </trkpt>
      <trkpt lat="54.650027" lon="25.279993">
        <ele>184.98762</ele>
      </trkpt>
      <trkpt lat="54.65002" lon="25.279776">
        <ele>184.793691</ele>
      </trkpt>
      <trkpt lat="54.650012" lon="25.279619">
        <ele>184.653058</ele>
      </trkpt>
      <trkpt lat="54.650011" lon="25.279448">
        <ele>184.500467</ele>
      </trkpt>
      <trkpt lat="54.65001" lon="25.279281">
        <ele>184.351445</ele>
      </trkpt>
      <trkpt lat="54.650008" lon="25.279068">
        <ele>184.161361</ele>
      </trkpt>
      <trkpt lat="54.649986" lon="25.278901">
        <ele>184.008533</ele>
      </trkpt>
      <trkpt lat="54.649881" lon="25.278833">
        <ele>183.835603</ele>
      </trkpt>
      <trkpt lat="54.649788" lon="25.278824">
        <ele>183.691949</ele>
      </trkpt>
      <trkpt lat="54.649695" lon="25.278827">
        <ele>183.548495</ele>
      </trkpt>
      <trkpt lat="54.649604" lon="25.278824">
        <ele>183.408125</ele>
      </trkpt>
      <trkpt lat="54.649506" lon="25.278827">
        <ele>183.256961</ele>
      </trkpt>
      <trkpt lat="54.649408" lon="25.278826">
        <ele>183.105818</ele>
      </trkpt>
      <trkpt lat="54.649312" lon="25.278824">
        <ele>182.957751</ele>
      </trkpt>
      <trkpt lat="54.649201" lon="25.278815">
        <ele>182.786373</ele>
      </trkpt>
      <trkpt lat="54.649082" lon="25.278765">
        <ele>182.597501</ele>
      </trkpt>
      <trkpt lat="54.64896" lon="25.278683">
        <ele>182.39562</ele>
      </trkpt>
      <trkpt lat="54.648866" lon="25.278672">
        <ele>182.390042</ele>
      </trkpt>
      <trkpt lat="54.648769" lon="25.278662">
        <ele>182.517773</ele>
      </trkpt>
      <trkpt lat="54.648661" lon="25.278663">
        <ele>182.659739</ele>
      </trkpt>
      <trkpt lat="54.648548" lon="25.278662">
        <ele>182.808277</ele>
      </trkpt>
      <trkpt lat="54.648427" lon="25.278659">
        <ele>182.967345</ele>
      </trkpt>
      <trkpt lat="54.648309" lon="25.278652">
        <ele>183.122545</ele>
      </trkpt>
      <trkpt lat="54.648189" lon="25.278644">
        <ele>183.280399</ele>
      </trkpt>
      <trkpt lat="54.648072" lon="25.27864">
        <ele>183.434223</ele>
      </trkpt>
      <trkpt lat="54.647954" lon="25.278644">
        <ele>183.589362</ele>
      </trkpt>
      <trkpt lat="54.647835" lon="25.278633">
        <ele>183.746008</ele>
      </trkpt>
      <trkpt lat="54.647722" lon="25.278629">
        <ele>183.894575</ele>
      </trkpt>
      <trkpt lat="54.647627" lon="25.278629">
        <ele>184.019451</ele>
      </trkpt>
      <trkpt lat="54.647521" lon="25.278563">
        <ele>184.167552</ele>
      </trkpt>
      <trkpt lat="54.647498" lon="25.278357">
        <ele>184.327118</ele>
      </trkpt>
      <trkpt lat="54.647495" lon="25.278185">
        <ele>184.457995</ele>
      </trkpt>
      <trkpt lat="54.647489" lon="25.278">
        <ele>184.59892</ele>
      </trkpt>
      <trkpt lat="54.647479" lon="25.277808">
        <ele>184.7077</ele>
      </trkpt>
      <trkpt lat="54.64747" lon="25.277616">
        <ele>184.754344</ele>
      </trkpt>
      <trkpt lat="54.647464" lon="25.277422">
        <ele>184.801387</ele>
      </trkpt>
      <trkpt lat="54.647449" lon="25.277233">
        <ele>184.847581</ele>
      </trkpt>
      <trkpt lat="54.647433" lon="25.277056">
        <ele>184.89096</ele>
      </trkpt>
      <trkpt lat="54.647437" lon="25.276888">
        <ele>184.931675</ele>
      </trkpt>
      <trkpt lat="54.647433" lon="25.276726">
        <ele>184.970938</ele>
      </trkpt>
      <trkpt lat="54.647441" lon="25.276548">
        <ele>185.014169</ele>
      </trkpt>
      <trkpt lat="54.647387" lon="25.276391">
        <ele>185.058395</ele>
      </trkpt>
      <trkpt lat="54.647287" lon="25.276382">
        <ele>185.100301</ele>
      </trkpt>
      <trkpt lat="54.64715" lon="25.276392">
        <ele>185.157686</ele>
      </trkpt>
      <trkpt lat="54.647054" lon="25.276408">
        <ele>185.198048</ele>
      </trkpt>
      <trkpt lat="54.646952" lon="25.276418">
        <ele>185.240803</ele>
      </trkpt>
      <trkpt lat="54.646848" lon="25.276421">
        <ele>185.284333</ele>
      </trkpt>
      <trkpt lat="54.646751" lon="25.276432">
        <ele>185.325014</ele>
      </trkpt>
      <trkpt lat="54.646656" lon="25.276448">
        <ele>185.36496</ele>
      </trkpt>
      <trkpt lat="54.646523" lon="25.276467">
        <ele>185.420809</ele>
      </trkpt>
      <trkpt lat="54.646396" lon="25.276499">
        <ele>185.511344</ele>
      </trkpt>
      <trkpt lat="54.646274" lon="25.276529">
        <ele>185.622688</ele>
      </trkpt>
      <trkpt lat="54.646158" lon="25.276566">
        <ele>185.729271</ele>
      </trkpt>
      <trkpt lat="54.646038" lon="25.276611">
        <ele>185.84022</ele>
      </trkpt>
      <trkpt lat="54.645908" lon="25.276632">
        <ele>185.958195</ele>
      </trkpt>
      <trkpt lat="54.645786" lon="25.276681">
        <ele>186.071366</ele>
      </trkpt>
      <trkpt lat="54.64566" lon="25.276751">
        <ele>186.190952</ele>
      </trkpt>
      <trkpt lat="54.645566" lon="25.276794">
        <ele>186.278812</ele>
      </trkpt>
      <trkpt lat="54.645467" lon="25.276844">
        <ele>186.372005</ele>
      </trkpt>
      <trkpt lat="54.645376" lon="25.276886">
        <ele>186.457111</ele>
      </trkpt>
      <trkpt lat="54.645252" lon="25.276943">
        <ele>186.573047</ele>
      </trkpt>
      <trkpt lat="54.645124" lon="25.277015">
        <ele>186.694675</ele>
      </trkpt>
      <trkpt lat="54.645032" lon="25.277055">
        <ele>186.780392</ele>
      </trkpt>
      <trkpt lat="54.644935" lon="25.277109">
        <ele>186.872472</ele>
      </trkpt>
      <trkpt lat="54.644841" lon="25.277163">
        <ele>186.961976</ele>
      </trkpt>
      <trkpt lat="54.644747" lon="25.27721">
        <ele>187.050394</ele>
      </trkpt>
      <trkpt lat="54.64465" lon="25.277255">
        <ele>187.069275</ele>
      </trkpt>
      <trkpt lat="54.644556" lon="25.277297">
        <ele>187.070892</ele>
      </trkpt>
      <trkpt lat="54.64445" lon="25.277359">
        <ele>187.072756</ele>
      </trkpt>
      <trkpt lat="54.644371" lon="25.277438">
        <ele>187.074275</ele>
      </trkpt>
      <trkpt lat="54.64431" lon="25.277563">
        <ele>187.075851</ele>
      </trkpt>
      <trkpt lat="54.644234" lon="25.277677">
        <ele>187.077527</ele>
      </trkpt>
      <trkpt lat="54.644173" lon="25.277815">
        <ele>187.0792</ele>
      </trkpt>
      <trkpt lat="54.643939" lon="25.277835">
        <ele>187.083102</ele>
      </trkpt>
      <trkpt lat="54.643835" lon="25.277905">
        <ele>187.084961</ele>
      </trkpt>
      <trkpt lat="54.643729" lon="25.277943">
        <ele>187.086763</ele>
      </trkpt>
      <trkpt lat="54.643634" lon="25.277968">
        <ele>187.088364</ele>
      </trkpt>
      <trkpt lat="54.64351" lon="25.277983">
        <ele>187.090434</ele>
      </trkpt>
      <trkpt lat="54.643397" lon="25.278001">
        <ele>187.092323</ele>
      </trkpt>
      <trkpt lat="54.643286" lon="25.277998">
        <ele>187.094172</ele>
      </trkpt>
      <trkpt lat="54.643186" lon="25.278007">
        <ele>187.09584</ele>
      </trkpt>
      <trkpt lat="54.643085" lon="25.278007">
        <ele>187.097522</ele>
      </trkpt>
      <trkpt lat="54.642911" lon="25.278016">
        <ele>187.200242</ele>
      </trkpt>
      <trkpt lat="54.642813" lon="25.278022">
        <ele>187.265997</ele>
      </trkpt>
      <trkpt lat="54.642713" lon="25.277981">
        <ele>187.334913</ele>
      </trkpt>
      <trkpt lat="54.642618" lon="25.277977">
        <ele>187.398634</ele>
      </trkpt>
      <trkpt lat="54.642506" lon="25.277979">
        <ele>187.473739</ele>
      </trkpt>
      <trkpt lat="54.64241" lon="25.27794">
        <ele>187.539867</ele>
      </trkpt>
      <trkpt lat="54.642315" lon="25.278026">
        <ele>187.61178</ele>
      </trkpt>
      <trkpt lat="54.642217" lon="25.27807">
        <ele>187.679676</ele>
      </trkpt>
      <trkpt lat="54.642096" lon="25.278084">
        <ele>187.760994</ele>
      </trkpt>
      <trkpt lat="54.641982" lon="25.278081">
        <ele>187.837445</ele>
      </trkpt>
      <trkpt lat="54.641871" lon="25.278035">
        <ele>187.913986</ele>
      </trkpt>
      <trkpt lat="54.641804" lon="25.277928">
        <ele>187.97516</ele>
      </trkpt>
      <trkpt lat="54.641713" lon="25.277912">
        <ele>188.036495</ele>
      </trkpt>
      <trkpt lat="54.641585" lon="25.277902">
        <ele>188.122413</ele>
      </trkpt>
      <trkpt lat="54.641466" lon="25.277896">
        <ele>188.202242</ele>
      </trkpt>
      <trkpt lat="54.641369" lon="25.277883">
        <ele>188.26748</ele>
      </trkpt>
      <trkpt lat="54.641273" lon="25.277857">
        <ele>188.267564</ele>
      </trkpt>
      <trkpt lat="54.641136" lon="25.277816">
        <ele>188.14929</ele>
      </trkpt>
      <trkpt lat="54.641046" lon="25.277782">
        <ele>188.070924</ele>
      </trkpt>
      <trkpt lat="54.640935" lon="25.277721">
        <ele>187.971842</ele>
      </trkpt>
      <trkpt lat="54.640828" lon="25.277657">
        <ele>187.875524</ele>
      </trkpt>
      <trkpt lat="54.640715" lon="25.277542">
        <ele>187.763969</ele>
      </trkpt>
      <trkpt lat="54.640628" lon="25.277485">
        <ele>187.684822</ele>
      </trkpt>
      <trkpt lat="54.640539" lon="25.277445">
        <ele>187.606596</ele>
      </trkpt>
      <trkpt lat="54.640441" lon="25.277389">
        <ele>187.518792</ele>
      </trkpt>
      <trkpt lat="54.640353" lon="25.277343">
        <ele>187.440585</ele>
      </trkpt>
      <trkpt lat="54.640256" lon="25.27729">
        <ele>187.354046</ele>
      </trkpt>
      <trkpt lat="54.640146" lon="25.277224">
        <ele>187.254994</ele>
      </trkpt>
      <trkpt lat="54.640031" lon="25.277169">
        <ele>187.153492</ele>
      </trkpt>
      <trkpt lat="54.639914" lon="25.27711">
        <ele>187.049814</ele>
      </trkpt>
      <trkpt lat="54.639796" lon="25.277034">
        <ele>186.942692</ele>
      </trkpt>
      <trkpt lat="54.639677" lon="25.27698">
        <ele>186.838033</ele>
      </trkpt>
      <trkpt lat="54.639561" lon="25.276945">
        <ele>186.734891</ele>
      </trkpt>
      <trkpt lat="54.639448" lon="25.276926">
        <ele>186.630354</ele>
      </trkpt>
      <trkpt lat="54.639334" lon="25.276927">
        <ele>186.525386</ele>
      </trkpt>
      <trkpt lat="54.639216" lon="25.27692">
        <ele>186.416672</ele>
      </trkpt>
      <trkpt lat="54.639102" lon="25.276916">
        <ele>186.311684</ele>
      </trkpt>
    </trkseg>
  </trk>
</gpx>